seed,kind,screen,s,expert,noisy,enc
0,chosen,S2_tfidf,-1.8127855008123306,0.7500057220458984,False,encoding
0,chosen,S1_qwen06,-2.5308361053466797,-0.6249904632568359,False,encoding
0,chosen,S5_lg3_1b,0.71875,4.250001907348633,True,char-level
0,chosen,S3_probe,-8.543140411376953,3.875001907348633,False,encoding
0,chosen,S4_deberta,-3.057180881500244,6.5,True,char-level
0,orig,S2_tfidf,7.080072649118285,7.875,False,none
0,nat0,S2_tfidf,4.37605762808031,7.375,False,nat
0,nat1,S2_tfidf,6.056020094981065,7.0,True,nat
0,nat2,S2_tfidf,6.186873691988544,7.875,True,nat
0,nat3,S2_tfidf,3.715424309898209,4.125001907348633,True,nat
0,nat4,S2_tfidf,4.640894017526759,7.0,False,nat
0,nat5,S2_tfidf,-0.3956776156704547,1.1250057220458984,True,nat
0,nat6,S2_tfidf,3.8244552976641586,8.25,False,nat
0,nat7,S2_tfidf,0.4673458675945972,1.8750038146972656,True,nat
0,nat8,S2_tfidf,5.177819099198424,7.375,False,nat
0,nat9,S2_tfidf,5.977580482245407,8.25,True,nat
0,orig,S1_qwen06,5.765869140625,7.875,False,none
0,nat0,S1_qwen06,5.288396835327148,7.375,False,nat
0,nat1,S1_qwen06,1.8191280364990234,7.0,True,nat
0,nat2,S1_qwen06,4.49854850769043,7.875,True,nat
0,nat3,S1_qwen06,6.533088684082031,4.125001907348633,True,nat
0,nat4,S1_qwen06,5.214700698852539,7.0,False,nat
0,nat5,S1_qwen06,0.5504055023193359,1.1250057220458984,True,nat
0,nat6,S1_qwen06,5.528329849243164,8.25,False,nat
0,nat7,S1_qwen06,0.4670066833496094,1.8750038146972656,True,nat
0,nat8,S1_qwen06,5.828670501708984,7.375,False,nat
0,nat9,S1_qwen06,4.0063018798828125,8.25,True,nat
0,orig,S5_lg3_1b,12.484375,7.875,False,none
0,nat0,S5_lg3_1b,7.671875,7.375,False,nat
0,nat1,S5_lg3_1b,6.671875,7.0,True,nat
0,nat2,S5_lg3_1b,9.15625,7.875,True,nat
0,nat3,S5_lg3_1b,4.8125,4.125001907348633,True,nat
0,nat4,S5_lg3_1b,9.203125,7.0,False,nat
0,nat5,S5_lg3_1b,-0.65625,1.1250057220458984,True,nat
0,nat6,S5_lg3_1b,10.078125,8.25,False,nat
0,nat7,S5_lg3_1b,2.734375,1.8750038146972656,True,nat
0,nat8,S5_lg3_1b,10.6875,7.375,False,nat
0,nat9,S5_lg3_1b,8.03125,8.25,True,nat
0,orig,S3_probe,14.241056442260742,7.875,False,none
0,nat0,S3_probe,15.44316291809082,7.375,False,nat
0,nat1,S3_probe,8.593749046325684,7.0,True,nat
0,nat2,S3_probe,10.12816333770752,7.875,True,nat
0,nat3,S3_probe,-8.972688674926758,4.125001907348633,True,nat
0,nat4,S3_probe,12.316534042358398,7.0,False,nat
0,nat5,S3_probe,6.284020900726318,1.1250057220458984,True,nat
0,nat6,S3_probe,13.854631423950195,8.25,False,nat
0,nat7,S3_probe,4.167835235595703,1.8750038146972656,True,nat
0,nat8,S3_probe,18.6082763671875,7.375,False,nat
0,nat9,S3_probe,9.689119338989258,8.25,True,nat
0,orig,S4_deberta,7.983665466308594,7.875,False,none
0,nat0,S4_deberta,7.823973655700684,7.375,False,nat
0,nat1,S4_deberta,-2.5682570934295654,7.0,True,nat
0,nat2,S4_deberta,7.937957286834717,7.875,True,nat
0,nat3,S4_deberta,7.570507049560547,4.125001907348633,True,nat
0,nat4,S4_deberta,7.9231061935424805,7.0,False,nat
0,nat5,S4_deberta,-2.0014777183532715,1.1250057220458984,True,nat
0,nat6,S4_deberta,7.973072052001953,8.25,False,nat
0,nat7,S4_deberta,-2.274535655975342,1.8750038146972656,True,nat
0,nat8,S4_deberta,7.6888427734375,7.375,False,nat
0,nat9,S4_deberta,-2.75516676902771,8.25,True,nat
1,chosen,S2_tfidf,-1.0632678535770559,4.125001907348633,True,char-level
1,chosen,S1_qwen06,-2.068422317504883,-0.49999046325683594,False,encoding
1,chosen,S5_lg3_1b,0.75,-0.49999046325683594,False,encoding
1,chosen,S3_probe,-9.513168334960938,3.500001907348633,False,encoding
1,chosen,S4_deberta,-3.4737157821655273,5.375001907348633,True,char-level
1,orig,S2_tfidf,5.008889264180271,8.0,False,none
1,nat0,S2_tfidf,1.4515820244768627,5.625001907348633,True,nat
1,nat1,S2_tfidf,2.320242407491273,5.875001907348633,False,nat
1,nat2,S2_tfidf,3.6561937119105172,7.125,False,nat
1,nat3,S2_tfidf,-0.8826188491875444,5.375001907348633,False,nat
1,nat4,S2_tfidf,1.0542776724863356,3.500001907348633,False,nat
1,nat5,S2_tfidf,2.199322277186875,7.0,False,nat
1,nat6,S2_tfidf,2.7115377884881475,5.250001907348633,False,nat
1,nat7,S2_tfidf,1.0542776724863356,3.500001907348633,False,nat
1,nat8,S2_tfidf,1.9651367020894621,5.250001907348633,False,nat
1,nat9,S2_tfidf,4.784931936529002,7.75,True,nat
1,orig,S1_qwen06,6.813060760498047,8.0,False,none
1,nat0,S1_qwen06,4.3976287841796875,5.625001907348633,True,nat
1,nat1,S1_qwen06,6.325403213500977,5.875001907348633,False,nat
1,nat2,S1_qwen06,6.507146835327148,7.125,False,nat
1,nat3,S1_qwen06,2.9553050994873047,5.375001907348633,False,nat
1,nat4,S1_qwen06,6.936931610107422,3.500001907348633,False,nat
1,nat5,S1_qwen06,4.651081085205078,7.0,False,nat
1,nat6,S1_qwen06,4.78135871887207,5.250001907348633,False,nat
1,nat7,S1_qwen06,6.936931610107422,3.500001907348633,False,nat
1,nat8,S1_qwen06,4.00233268737793,5.250001907348633,False,nat
1,nat9,S1_qwen06,5.128168106079102,7.75,True,nat
1,orig,S5_lg3_1b,5.359375,8.0,False,none
1,nat0,S5_lg3_1b,5.078125,5.625001907348633,True,nat
1,nat1,S5_lg3_1b,4.078125,5.875001907348633,False,nat
1,nat2,S5_lg3_1b,5.765625,7.125,False,nat
1,nat3,S5_lg3_1b,2.359375,5.375001907348633,False,nat
1,nat4,S5_lg3_1b,3.125,3.500001907348633,False,nat
1,nat5,S5_lg3_1b,3.84375,7.0,False,nat
1,nat6,S5_lg3_1b,4.4375,5.250001907348633,False,nat
1,nat7,S5_lg3_1b,3.125,3.500001907348633,False,nat
1,nat8,S5_lg3_1b,2.359375,5.250001907348633,False,nat
1,nat9,S5_lg3_1b,5.25,7.75,True,nat
1,orig,S3_probe,4.919952392578125,8.0,False,none
1,nat0,S3_probe,9.888853073120117,5.625001907348633,True,nat
1,nat1,S3_probe,4.684062480926514,5.875001907348633,False,nat
1,nat2,S3_probe,11.271439552307129,7.125,False,nat
1,nat3,S3_probe,5.501516342163086,5.375001907348633,False,nat
1,nat4,S3_probe,-9.513168334960938,3.500001907348633,False,nat
1,nat5,S3_probe,21.21440315246582,7.0,False,nat
1,nat6,S3_probe,3.4178128242492676,5.250001907348633,False,nat
1,nat7,S3_probe,-9.513168334960938,3.500001907348633,False,nat
1,nat8,S3_probe,-2.783055543899536,5.250001907348633,False,nat
1,nat9,S3_probe,9.158452987670898,7.75,True,nat
1,orig,S4_deberta,8.076387405395508,8.0,False,none
1,nat0,S4_deberta,6.822487831115723,5.625001907348633,True,nat
1,nat1,S4_deberta,7.648007392883301,5.875001907348633,False,nat
1,nat2,S4_deberta,8.032763481140137,7.125,False,nat
1,nat3,S4_deberta,3.767482280731201,5.375001907348633,False,nat
1,nat4,S4_deberta,7.337158203125,3.500001907348633,False,nat
1,nat5,S4_deberta,7.812636852264404,7.0,False,nat
1,nat6,S4_deberta,7.668558597564697,5.250001907348633,False,nat
1,nat7,S4_deberta,7.337158203125,3.500001907348633,False,nat
1,nat8,S4_deberta,7.641323566436768,5.250001907348633,False,nat
1,nat9,S4_deberta,0.2136676013469696,7.75,True,nat
2,chosen,S2_tfidf,-3.600685905379872,7.875,True,char-level
2,chosen,S1_qwen06,-2.3296947479248047,-0.9999885559082031,False,encoding
2,chosen,S5_lg3_1b,0.40625,-1.1249885559082031,False,encoding
2,chosen,S3_probe,-10.40402603149414,6.5,False,encoding
2,chosen,S4_deberta,-3.2586541175842285,8.125,True,char-level
2,orig,S2_tfidf,1.7663288682731875,9.625,False,none
2,nat0,S2_tfidf,-0.5997391052984351,6.625,False,nat
2,nat1,S2_tfidf,1.7663288682731875,9.5,False,nat
2,nat2,S2_tfidf,-1.2339323835842861,8.375,True,nat
2,nat3,S2_tfidf,-0.6849444447446161,5.875001907348633,True,nat
2,nat4,S2_tfidf,-2.550374394798502,7.375,True,nat
2,nat5,S2_tfidf,-2.981472135536441,3.1250038146972656,True,nat
2,nat6,S2_tfidf,1.7663288682731875,9.5,False,nat
2,nat7,S2_tfidf,-0.7977028485793692,8.625,True,nat
2,nat8,S2_tfidf,0.8390387958868109,9.125,False,nat
2,nat9,S2_tfidf,1.999784767379287,7.375,False,nat
2,orig,S1_qwen06,7.031406402587891,9.625,False,none
2,nat0,S1_qwen06,6.197881698608398,6.625,False,nat
2,nat1,S1_qwen06,7.031406402587891,9.5,False,nat
2,nat2,S1_qwen06,1.211202621459961,8.375,True,nat
2,nat3,S1_qwen06,2.336820602416992,5.875001907348633,True,nat
2,nat4,S1_qwen06,3.950502395629883,7.375,True,nat
2,nat5,S1_qwen06,0.10138320922851562,3.1250038146972656,True,nat
2,nat6,S1_qwen06,7.031406402587891,9.5,False,nat
2,nat7,S1_qwen06,3.916837692260742,8.625,True,nat
2,nat8,S1_qwen06,5.1586456298828125,9.125,False,nat
2,nat9,S1_qwen06,6.259605407714844,7.375,False,nat
2,orig,S5_lg3_1b,8.953125,9.625,False,none
2,nat0,S5_lg3_1b,4.109375,6.625,False,nat
2,nat1,S5_lg3_1b,8.953125,9.5,False,nat
2,nat2,S5_lg3_1b,0.828125,8.375,True,nat
2,nat3,S5_lg3_1b,2.34375,5.875001907348633,True,nat
2,nat4,S5_lg3_1b,2.703125,7.375,True,nat
2,nat5,S5_lg3_1b,2.78125,3.1250038146972656,True,nat
2,nat6,S5_lg3_1b,8.953125,9.5,False,nat
2,nat7,S5_lg3_1b,5.234375,8.625,True,nat
2,nat8,S5_lg3_1b,5.59375,9.125,False,nat
2,nat9,S5_lg3_1b,6.734375,7.375,False,nat
2,orig,S3_probe,10.822900772094727,9.625,False,none
2,nat0,S3_probe,-10.40402603149414,6.625,False,nat
2,nat1,S3_probe,10.765361785888672,9.5,False,nat
2,nat2,S3_probe,2.9586181640625,8.375,True,nat
2,nat3,S3_probe,-0.13859406113624573,5.875001907348633,True,nat
2,nat4,S3_probe,5.651049613952637,7.375,True,nat
2,nat5,S3_probe,1.4111391305923462,3.1250038146972656,True,nat
2,nat6,S3_probe,10.765361785888672,9.5,False,nat
2,nat7,S3_probe,8.463384628295898,8.625,True,nat
2,nat8,S3_probe,9.894615173339844,9.125,False,nat
2,nat9,S3_probe,0.8146916627883911,7.375,False,nat
2,orig,S4_deberta,7.737069129943848,9.625,False,none
2,nat0,S4_deberta,6.181752681732178,6.625,False,nat
2,nat1,S4_deberta,7.737069129943848,9.5,False,nat
2,nat2,S4_deberta,-2.832820415496826,8.375,True,nat
2,nat3,S4_deberta,-1.0373938083648682,5.875001907348633,True,nat
2,nat4,S4_deberta,-2.2890782356262207,7.375,True,nat
2,nat5,S4_deberta,-2.6539363861083984,3.1250038146972656,True,nat
2,nat6,S4_deberta,7.737069129943848,9.5,False,nat
2,nat7,S4_deberta,-2.5725326538085938,8.625,True,nat
2,nat8,S4_deberta,2.915411949157715,9.125,False,nat
2,nat9,S4_deberta,6.306138038635254,7.375,False,nat
3,chosen,S2_tfidf,-2.614202789330213,1.0000057220458984,False,encoding
3,chosen,S1_qwen06,-1.8652973175048828,7.62939453125e-06,False,encoding
3,chosen,S5_lg3_1b,0.765625,0.25000762939453125,False,encoding
3,chosen,S3_probe,-10.533472061157227,5.125001907348633,False,encoding
3,chosen,S4_deberta,-3.2547013759613037,1.0000057220458984,False,encoding
3,orig,S2_tfidf,5.092780913750028,9.25,False,none
3,nat0,S2_tfidf,2.471511252821405,7.0,False,nat
3,nat1,S2_tfidf,2.788305473111116,6.25,True,nat
3,nat2,S2_tfidf,5.436836836146234,7.0,True,nat
3,nat3,S2_tfidf,3.4277932517094563,6.25,False,nat
3,nat4,S2_tfidf,2.1991313680310105,7.5,True,nat
3,nat5,S2_tfidf,2.9210955365968276,5.625001907348633,True,nat
3,nat6,S2_tfidf,2.7478107371149827,9.0,False,nat
3,nat7,S2_tfidf,4.32517131425113,8.125,True,nat
3,nat8,S2_tfidf,2.007133783486709,5.500001907348633,True,nat
3,nat9,S2_tfidf,3.1666949006634217,8.125,False,nat
3,orig,S1_qwen06,6.906280517578125,9.25,False,none
3,nat0,S1_qwen06,6.129619598388672,7.0,False,nat
3,nat1,S1_qwen06,2.976247787475586,6.25,True,nat
3,nat2,S1_qwen06,1.6545162200927734,7.0,True,nat
3,nat3,S1_qwen06,5.901334762573242,6.25,False,nat
3,nat4,S1_qwen06,3.847278594970703,7.5,True,nat
3,nat5,S1_qwen06,2.209869384765625,5.625001907348633,True,nat
3,nat6,S1_qwen06,6.407135009765625,9.0,False,nat
3,nat7,S1_qwen06,3.089994430541992,8.125,True,nat
3,nat8,S1_qwen06,1.5323505401611328,5.500001907348633,True,nat
3,nat9,S1_qwen06,6.500125885009766,8.125,False,nat
3,orig,S5_lg3_1b,6.3125,9.25,False,none
3,nat0,S5_lg3_1b,4.96875,7.0,False,nat
3,nat1,S5_lg3_1b,3.90625,6.25,True,nat
3,nat2,S5_lg3_1b,4.234375,7.0,True,nat
3,nat3,S5_lg3_1b,4.25,6.25,False,nat
3,nat4,S5_lg3_1b,5.25,7.5,True,nat
3,nat5,S5_lg3_1b,1.125,5.625001907348633,True,nat
3,nat6,S5_lg3_1b,4.953125,9.0,False,nat
3,nat7,S5_lg3_1b,5.046875,8.125,True,nat
3,nat8,S5_lg3_1b,4.390625,5.500001907348633,True,nat
3,nat9,S5_lg3_1b,5.546875,8.125,False,nat
3,orig,S3_probe,10.295669555664062,9.25,False,none
3,nat0,S3_probe,8.629530906677246,7.0,False,nat
3,nat1,S3_probe,1.886344075202942,6.25,True,nat
3,nat2,S3_probe,5.376970291137695,7.0,True,nat
3,nat3,S3_probe,1.4119497537612915,6.25,False,nat
3,nat4,S3_probe,2.025181770324707,7.5,True,nat
3,nat5,S3_probe,2.4584178924560547,5.625001907348633,True,nat
3,nat6,S3_probe,6.612476348876953,9.0,False,nat
3,nat7,S3_probe,7.44986629486084,8.125,True,nat
3,nat8,S3_probe,3.4141712188720703,5.500001907348633,True,nat
3,nat9,S3_probe,3.9933571815490723,8.125,False,nat
3,orig,S4_deberta,8.102709770202637,9.25,False,none
3,nat0,S4_deberta,7.6727294921875,7.0,False,nat
3,nat1,S4_deberta,-2.968524932861328,6.25,True,nat
3,nat2,S4_deberta,-1.5039788484573364,7.0,True,nat
3,nat3,S4_deberta,7.369381427764893,6.25,False,nat
3,nat4,S4_deberta,-2.50323486328125,7.5,True,nat
3,nat5,S4_deberta,-2.658766508102417,5.625001907348633,True,nat
3,nat6,S4_deberta,7.392470359802246,9.0,False,nat
3,nat7,S4_deberta,-2.9113941192626953,8.125,True,nat
3,nat8,S4_deberta,-2.5331368446350098,5.500001907348633,True,nat
3,nat9,S4_deberta,7.638345718383789,8.125,False,nat
4,chosen,S2_tfidf,-1.4826422891218578,-0.6249923706054688,False,encoding
4,chosen,S1_qwen06,-2.3788414001464844,-0.6249923706054688,False,encoding
4,chosen,S5_lg3_1b,-2.546875,4.750001907348633,True,char-level
4,chosen,S3_probe,-8.582948684692383,5.500001907348633,True,encoding
4,chosen,S4_deberta,-3.1210927963256836,0.25000762939453125,True,char-level
4,orig,S2_tfidf,9.101887860564112,8.25,False,none
4,nat0,S2_tfidf,2.7855376392033433,5.500001907348633,True,nat
4,nat1,S2_tfidf,6.655488933527365,5.625,True,nat
4,nat2,S2_tfidf,0.7669099130649213,4.750001907348633,False,nat
4,nat3,S2_tfidf,1.577848361003823,2.6250038146972656,True,nat
4,nat4,S2_tfidf,3.0245150745069216,5.375001907348633,False,nat
4,nat5,S2_tfidf,9.101887860564112,8.25,False,nat
4,nat6,S2_tfidf,3.0245150745069216,5.375001907348633,False,nat
4,nat7,S2_tfidf,0.9043072583817711,1.1250057220458984,True,nat
4,nat8,S2_tfidf,7.769248872702428,8.125,False,nat
4,nat9,S2_tfidf,5.444059249913981,7.875,False,nat
4,orig,S1_qwen06,6.9219207763671875,8.25,False,none
4,nat0,S1_qwen06,5.250877380371094,5.500001907348633,True,nat
4,nat1,S1_qwen06,5.356832504272461,5.625,True,nat
4,nat2,S1_qwen06,1.9668865203857422,4.750001907348633,False,nat
4,nat3,S1_qwen06,1.9672222137451172,2.6250038146972656,True,nat
4,nat4,S1_qwen06,5.839208602905273,5.375001907348633,False,nat
4,nat5,S1_qwen06,6.9375457763671875,8.25,False,nat
4,nat6,S1_qwen06,5.839208602905273,5.375001907348633,False,nat
4,nat7,S1_qwen06,4.245599746704102,1.1250057220458984,True,nat
4,nat8,S1_qwen06,6.468852996826172,8.125,False,nat
4,nat9,S1_qwen06,6.625244140625,7.875,False,nat
4,orig,S5_lg3_1b,9.453125,8.25,False,none
4,nat0,S5_lg3_1b,3.859375,5.500001907348633,True,nat
4,nat1,S5_lg3_1b,5.078125,5.625,True,nat
4,nat2,S5_lg3_1b,4.203125,4.750001907348633,False,nat
4,nat3,S5_lg3_1b,3.09375,2.6250038146972656,True,nat
4,nat4,S5_lg3_1b,6.21875,5.375001907348633,False,nat
4,nat5,S5_lg3_1b,9.46875,8.25,False,nat
4,nat6,S5_lg3_1b,6.21875,5.375001907348633,False,nat
4,nat7,S5_lg3_1b,0.6875,1.1250057220458984,True,nat
4,nat8,S5_lg3_1b,9.515625,8.125,False,nat
4,nat9,S5_lg3_1b,6.875,7.875,False,nat
4,orig,S3_probe,12.483760833740234,8.25,False,none
4,nat0,S3_probe,5.9236555099487305,5.500001907348633,True,nat
4,nat1,S3_probe,8.881046295166016,5.625,True,nat
4,nat2,S3_probe,14.037043571472168,4.750001907348633,False,nat
4,nat3,S3_probe,4.14897346496582,2.6250038146972656,True,nat
4,nat4,S3_probe,-3.996014356613159,5.375001907348633,False,nat
4,nat5,S3_probe,12.410686492919922,8.25,False,nat
4,nat6,S3_probe,-3.996014356613159,5.375001907348633,False,nat
4,nat7,S3_probe,1.7756787538528442,1.1250057220458984,True,nat
4,nat8,S3_probe,13.817377090454102,8.125,False,nat
4,nat9,S3_probe,14.500625610351562,7.875,False,nat
4,orig,S4_deberta,8.03880500793457,8.25,False,none
4,nat0,S4_deberta,2.3153932094573975,5.500001907348633,True,nat
4,nat1,S4_deberta,-2.276242733001709,5.625,True,nat
4,nat2,S4_deberta,2.6324005126953125,4.750001907348633,False,nat
4,nat3,S4_deberta,-2.7852132320404053,2.6250038146972656,True,nat
4,nat4,S4_deberta,7.393777847290039,5.375001907348633,False,nat
4,nat5,S4_deberta,8.03880500793457,8.25,False,nat
4,nat6,S4_deberta,7.393777847290039,5.375001907348633,False,nat
4,nat7,S4_deberta,-2.5297136306762695,1.1250057220458984,True,nat
4,nat8,S4_deberta,8.019938468933105,8.125,False,nat
4,nat9,S4_deberta,8.014577865600586,7.875,False,nat
5,chosen,S2_tfidf,-3.026342680183923,1.2500057220458984,False,encoding
5,chosen,S1_qwen06,-0.8264122009277344,1.2500057220458984,False,encoding
5,chosen,S5_lg3_1b,-1.21875,4.125001907348633,True,char-level
5,chosen,S3_probe,-10.215372085571289,4.750001907348633,True,encoding
5,chosen,S4_deberta,-3.173267364501953,1.1250057220458984,False,encoding
5,orig,S2_tfidf,3.740815133148761,8.875,False,none
5,nat0,S2_tfidf,2.8769320695204046,7.5,False,nat
5,nat1,S2_tfidf,1.5382391237191924,6.375001907348633,False,nat
5,nat2,S2_tfidf,-0.8927254043927199,2.6250038146972656,True,nat
5,nat3,S2_tfidf,0.4819336641163643,5.625001907348633,False,nat
5,nat4,S2_tfidf,-0.1460727514102933,6.500001907348633,True,nat
5,nat5,S2_tfidf,2.8769320695204046,7.5,False,nat
5,nat6,S2_tfidf,0.7250367507381446,5.750001907348633,True,nat
5,nat7,S2_tfidf,-1.6336050238730635,2.1250038146972656,True,nat
5,nat8,S2_tfidf,-3.026342680183923,1.2500057220458984,False,nat
5,nat9,S2_tfidf,0.0007945740001822355,5.750001907348633,False,nat
5,orig,S1_qwen06,7.172039031982422,8.875,False,none
5,nat0,S1_qwen06,6.282752990722656,7.5,False,nat
5,nat1,S1_qwen06,5.066837310791016,6.375001907348633,False,nat
5,nat2,S1_qwen06,2.7456092834472656,2.6250038146972656,True,nat
5,nat3,S1_qwen06,5.189292907714844,5.625001907348633,False,nat
5,nat4,S1_qwen06,4.266780853271484,6.500001907348633,True,nat
5,nat5,S1_qwen06,6.313957214355469,7.5,False,nat
5,nat6,S1_qwen06,3.9803428649902344,5.750001907348633,True,nat
5,nat7,S1_qwen06,1.5921154022216797,2.1250038146972656,True,nat
5,nat8,S1_qwen06,-0.8115215301513672,1.2500057220458984,False,nat
5,nat9,S1_qwen06,4.066474914550781,5.750001907348633,False,nat
5,orig,S5_lg3_1b,10.265625,8.875,False,none
5,nat0,S5_lg3_1b,6.96875,7.5,False,nat
5,nat1,S5_lg3_1b,4.796875,6.375001907348633,False,nat
5,nat2,S5_lg3_1b,2.390625,2.6250038146972656,True,nat
5,nat3,S5_lg3_1b,3.46875,5.625001907348633,False,nat
5,nat4,S5_lg3_1b,5.484375,6.500001907348633,True,nat
5,nat5,S5_lg3_1b,6.96875,7.5,False,nat
5,nat6,S5_lg3_1b,0.546875,5.750001907348633,True,nat
5,nat7,S5_lg3_1b,1.4375,2.1250038146972656,True,nat
5,nat8,S5_lg3_1b,1.484375,1.2500057220458984,False,nat
5,nat9,S5_lg3_1b,4.359375,5.750001907348633,False,nat
5,orig,S3_probe,13.700963973999023,8.875,False,none
5,nat0,S3_probe,8.36014461517334,7.5,False,nat
5,nat1,S3_probe,11.026350975036621,6.375001907348633,False,nat
5,nat2,S3_probe,8.837394714355469,2.6250038146972656,True,nat
5,nat3,S3_probe,-9.168455123901367,5.625001907348633,False,nat
5,nat4,S3_probe,9.402570724487305,6.500001907348633,True,nat
5,nat5,S3_probe,8.36014461517334,7.5,False,nat
5,nat6,S3_probe,7.571385383605957,5.750001907348633,True,nat
5,nat7,S3_probe,6.848992824554443,2.1250038146972656,True,nat
5,nat8,S3_probe,-3.117670774459839,1.2500057220458984,False,nat
5,nat9,S3_probe,17.68923568725586,5.750001907348633,False,nat
5,orig,S4_deberta,7.941092014312744,8.875,False,none
5,nat0,S4_deberta,7.487844467163086,7.5,False,nat
5,nat1,S4_deberta,7.7003374099731445,6.375001907348633,False,nat
5,nat2,S4_deberta,-2.303060531616211,2.6250038146972656,True,nat
5,nat3,S4_deberta,7.25137996673584,5.625001907348633,False,nat
5,nat4,S4_deberta,-2.562610149383545,6.500001907348633,True,nat
5,nat5,S4_deberta,7.487844467163086,7.5,False,nat
5,nat6,S4_deberta,-2.470517635345459,5.750001907348633,True,nat
5,nat7,S4_deberta,-2.451500415802002,2.1250038146972656,True,nat
5,nat8,S4_deberta,-3.173267364501953,1.2500057220458984,False,nat
5,nat9,S4_deberta,7.599808692932129,5.750001907348633,False,nat
6,chosen,S2_tfidf,-2.9252352876170455,1.1250057220458984,False,encoding
6,chosen,S1_qwen06,-1.6742572784423828,0.37500762939453125,False,encoding
6,chosen,S5_lg3_1b,0.9375,0.37500762939453125,False,encoding
6,chosen,S3_probe,-10.573661804199219,6.25,False,encoding
6,chosen,S4_deberta,-3.3190011978149414,1.1250057220458984,False,encoding
6,orig,S2_tfidf,2.5341631547218597,9.25,False,none
6,nat0,S2_tfidf,0.6591334082330105,2.8750038146972656,False,nat
6,nat1,S2_tfidf,-2.9252352876170455,1.1250057220458984,False,nat
6,nat2,S2_tfidf,2.5341631547218597,9.25,False,nat
6,nat3,S2_tfidf,-2.9252352876170455,1.1250057220458984,False,nat
6,nat4,S2_tfidf,0.9098706606244698,5.500001907348633,True,nat
6,nat5,S2_tfidf,1.4416742694453089,4.250001907348633,False,nat
6,nat6,S2_tfidf,1.3865636476419543,8.25,False,nat
6,nat7,S2_tfidf,-0.769650889458494,4.875001907348633,True,nat
6,nat8,S2_tfidf,0.7892098652090624,4.875001907348633,False,nat
6,nat9,S2_tfidf,1.0256227310662418,6.25,True,nat
6,orig,S1_qwen06,6.562618255615234,9.25,False,none
6,nat0,S1_qwen06,1.394918441772461,2.8750038146972656,False,nat
6,nat1,S1_qwen06,-0.6154212951660156,1.1250057220458984,False,nat
6,nat2,S1_qwen06,6.546993255615234,9.25,False,nat
6,nat3,S1_qwen06,-0.6154212951660156,1.1250057220458984,False,nat
6,nat4,S1_qwen06,0.9141178131103516,5.500001907348633,True,nat
6,nat5,S1_qwen06,1.4620990753173828,4.250001907348633,False,nat
6,nat6,S1_qwen06,6.078731536865234,8.25,False,nat
6,nat7,S1_qwen06,1.990142822265625,4.875001907348633,True,nat
6,nat8,S1_qwen06,2.06036376953125,4.875001907348633,False,nat
6,nat9,S1_qwen06,1.4040641784667969,6.25,True,nat
6,orig,S5_lg3_1b,8.046875,9.25,False,none
6,nat0,S5_lg3_1b,3.859375,2.8750038146972656,False,nat
6,nat1,S5_lg3_1b,1.703125,1.1250057220458984,False,nat
6,nat2,S5_lg3_1b,8.046875,9.25,False,nat
6,nat3,S5_lg3_1b,1.703125,1.1250057220458984,False,nat
6,nat4,S5_lg3_1b,2.296875,5.500001907348633,True,nat
6,nat5,S5_lg3_1b,4.03125,4.250001907348633,False,nat
6,nat6,S5_lg3_1b,6.28125,8.25,False,nat
6,nat7,S5_lg3_1b,3.984375,4.875001907348633,True,nat
6,nat8,S5_lg3_1b,2.1875,4.875001907348633,False,nat
6,nat9,S5_lg3_1b,2.03125,6.25,True,nat
6,orig,S3_probe,7.442572593688965,9.25,False,none
6,nat0,S3_probe,4.2294206619262695,2.8750038146972656,False,nat
6,nat1,S3_probe,-1.5779320001602173,1.1250057220458984,False,nat
6,nat2,S3_probe,7.37266731262207,9.25,False,nat
6,nat3,S3_probe,-1.5779320001602173,1.1250057220458984,False,nat
6,nat4,S3_probe,3.3138771057128906,5.500001907348633,True,nat
6,nat5,S3_probe,3.994856834411621,4.250001907348633,False,nat
6,nat6,S3_probe,3.1157264709472656,8.25,False,nat
6,nat7,S3_probe,6.170710563659668,4.875001907348633,True,nat
6,nat8,S3_probe,3.923971176147461,4.875001907348633,False,nat
6,nat9,S3_probe,5.157438278198242,6.25,True,nat
6,orig,S4_deberta,7.625473976135254,9.25,False,none
6,nat0,S4_deberta,1.4100944995880127,2.8750038146972656,False,nat
6,nat1,S4_deberta,-3.3190011978149414,1.1250057220458984,False,nat
6,nat2,S4_deberta,7.625473976135254,9.25,False,nat
6,nat3,S4_deberta,-3.3190011978149414,1.1250057220458984,False,nat
6,nat4,S4_deberta,-2.692516803741455,5.500001907348633,True,nat
6,nat5,S4_deberta,-0.6413689851760864,4.250001907348633,False,nat
6,nat6,S4_deberta,5.735551834106445,8.25,False,nat
6,nat7,S4_deberta,-2.888739585876465,4.875001907348633,True,nat
6,nat8,S4_deberta,5.15715217590332,4.875001907348633,False,nat
6,nat9,S4_deberta,-2.5775887966156006,6.25,True,nat
7,chosen,S2_tfidf,-2.8133375871486423,1.1250057220458984,False,encoding
7,chosen,S1_qwen06,-2.270681381225586,-0.12499237060546875,False,encoding
7,chosen,S5_lg3_1b,0.59375,5.625001907348633,False,char-level
7,chosen,S3_probe,-9.389501571655273,3.750001907348633,False,encoding
7,chosen,S4_deberta,-3.324758529663086,1.0000057220458984,False,encoding
7,orig,S2_tfidf,3.6335011495255785,7.875,False,none
7,nat0,S2_tfidf,0.6096398150049358,6.5,False,nat
7,nat1,S2_tfidf,3.572555632031884,8.25,False,nat
7,nat2,S2_tfidf,2.562059503175843,8.5,True,nat
7,nat3,S2_tfidf,1.7781687377660227,8.375,True,nat
7,nat4,S2_tfidf,0.5951194722516349,3.6250038146972656,True,nat
7,nat5,S2_tfidf,3.2878027129994987,6.875,True,nat
7,nat6,S2_tfidf,-2.8133375871486423,1.1250057220458984,False,nat
7,nat7,S2_tfidf,-2.8133375871486423,1.1250057220458984,False,nat
7,nat8,S2_tfidf,3.6335011495255785,7.875,False,nat
7,nat9,S2_tfidf,0.4458263427086706,7.75,False,nat
7,orig,S1_qwen06,6.531589508056641,7.875,False,none
7,nat0,S1_qwen06,5.811712265014648,6.5,False,nat
7,nat1,S1_qwen06,5.415096282958984,8.25,False,nat
7,nat2,S1_qwen06,5.126926422119141,8.5,True,nat
7,nat3,S1_qwen06,5.924680709838867,8.375,True,nat
7,nat4,S1_qwen06,6.39799690246582,3.6250038146972656,True,nat
7,nat5,S1_qwen06,3.642831802368164,6.875,True,nat
7,nat6,S1_qwen06,-0.49282073974609375,1.1250057220458984,False,nat
7,nat7,S1_qwen06,-0.49282073974609375,1.1250057220458984,False,nat
7,nat8,S1_qwen06,6.515972137451172,7.875,False,nat
7,nat9,S1_qwen06,6.532314300537109,7.75,False,nat
7,orig,S5_lg3_1b,8.46875,7.875,False,none
7,nat0,S5_lg3_1b,7.140625,6.5,False,nat
7,nat1,S5_lg3_1b,4.75,8.25,False,nat
7,nat2,S5_lg3_1b,6.859375,8.5,True,nat
7,nat3,S5_lg3_1b,6.515625,8.375,True,nat
7,nat4,S5_lg3_1b,3.375,3.6250038146972656,True,nat
7,nat5,S5_lg3_1b,6.4375,6.875,True,nat
7,nat6,S5_lg3_1b,1.46875,1.1250057220458984,False,nat
7,nat7,S5_lg3_1b,1.46875,1.1250057220458984,False,nat
7,nat8,S5_lg3_1b,8.46875,7.875,False,nat
7,nat9,S5_lg3_1b,8.21875,7.75,False,nat
7,orig,S3_probe,8.234878540039062,7.875,False,none
7,nat0,S3_probe,8.592020034790039,6.5,False,nat
7,nat1,S3_probe,7.450407028198242,8.25,False,nat
7,nat2,S3_probe,11.638978004455566,8.5,True,nat
7,nat3,S3_probe,10.95804500579834,8.375,True,nat
7,nat4,S3_probe,-7.495599746704102,3.6250038146972656,True,nat
7,nat5,S3_probe,8.927770614624023,6.875,True,nat
7,nat6,S3_probe,-2.407987117767334,1.1250057220458984,False,nat
7,nat7,S3_probe,-2.407987117767334,1.1250057220458984,False,nat
7,nat8,S3_probe,8.188368797302246,7.875,False,nat
7,nat9,S3_probe,13.814900398254395,7.75,False,nat
7,orig,S4_deberta,7.988982200622559,7.875,False,none
7,nat0,S4_deberta,7.832043647766113,6.5,False,nat
7,nat1,S4_deberta,6.212457656860352,8.25,False,nat
7,nat2,S4_deberta,-1.4864658117294312,8.5,True,nat
7,nat3,S4_deberta,-1.8080334663391113,8.375,True,nat
7,nat4,S4_deberta,7.721118927001953,3.6250038146972656,True,nat
7,nat5,S4_deberta,-0.3834368586540222,6.875,True,nat
7,nat6,S4_deberta,-3.324758529663086,1.1250057220458984,False,nat
7,nat7,S4_deberta,-3.324758529663086,1.1250057220458984,False,nat
7,nat8,S4_deberta,7.988982200622559,7.875,False,nat
7,nat9,S4_deberta,7.93603515625,7.75,False,nat
8,chosen,S2_tfidf,-3.324055187137915,3.1250038146972656,False,char-level
8,chosen,S1_qwen06,-2.281780242919922,-1.624990463256836,False,encoding
8,chosen,S5_lg3_1b,-3.359375,1.2500057220458984,True,char-level
8,chosen,S3_probe,-8.88532543182373,3.7500038146972656,False,encoding
8,chosen,S4_deberta,-3.6009178161621094,5.750001907348633,True,char-level
8,orig,S2_tfidf,3.0388118562315247,7.25,False,none
8,nat0,S2_tfidf,2.388691976755007,7.75,True,nat
8,nat1,S2_tfidf,-0.5974445308490568,5.000001907348633,True,nat
8,nat2,S2_tfidf,2.3644157268184562,7.000001907348633,True,nat
8,nat3,S2_tfidf,1.2844920912050808,5.125001907348633,False,nat
8,nat4,S2_tfidf,0.5865130155577607,4.250001907348633,True,nat
8,nat5,S2_tfidf,1.0824471827764952,4.375001907348633,False,nat
8,nat6,S2_tfidf,-1.1317887709410837,4.375003814697266,True,nat
8,nat7,S2_tfidf,-1.4114580194086053,5.000001907348633,True,nat
8,nat8,S2_tfidf,3.0388118562315247,7.25,False,nat
8,nat9,S2_tfidf,-1.1209986703852577,-1.624990463256836,False,nat
8,orig,S1_qwen06,7.218952178955078,7.25,False,none
8,nat0,S1_qwen06,4.102302551269531,7.75,True,nat
8,nat1,S1_qwen06,1.3876972198486328,5.000001907348633,True,nat
8,nat2,S1_qwen06,6.626346588134766,7.000001907348633,True,nat
8,nat3,S1_qwen06,4.378751754760742,5.125001907348633,False,nat
8,nat4,S1_qwen06,5.980670928955078,4.250001907348633,True,nat
8,nat5,S1_qwen06,3.980958938598633,4.375001907348633,False,nat
8,nat6,S1_qwen06,3.196767807006836,4.375003814697266,True,nat
8,nat7,S1_qwen06,1.9545307159423828,5.000001907348633,True,nat
8,nat8,S1_qwen06,7.203327178955078,7.25,False,nat
8,nat9,S1_qwen06,-2.280834197998047,-1.624990463256836,False,nat
8,orig,S5_lg3_1b,6.28125,7.25,False,none
8,nat0,S5_lg3_1b,3.421875,7.75,True,nat
8,nat1,S5_lg3_1b,4.390625,5.000001907348633,True,nat
8,nat2,S5_lg3_1b,5.375,7.000001907348633,True,nat
8,nat3,S5_lg3_1b,3.515625,5.125001907348633,False,nat
8,nat4,S5_lg3_1b,4.171875,4.250001907348633,True,nat
8,nat5,S5_lg3_1b,4.09375,4.375001907348633,False,nat
8,nat6,S5_lg3_1b,3.078125,4.375003814697266,True,nat
8,nat7,S5_lg3_1b,2.84375,5.000001907348633,True,nat
8,nat8,S5_lg3_1b,6.25,7.25,False,nat
8,nat9,S5_lg3_1b,0.28125,-1.624990463256836,False,nat
8,orig,S3_probe,7.963733673095703,7.25,False,none
8,nat0,S3_probe,9.151616096496582,7.75,True,nat
8,nat1,S3_probe,6.948391914367676,5.000001907348633,True,nat
8,nat2,S3_probe,11.976852416992188,7.000001907348633,True,nat
8,nat3,S3_probe,10.29857063293457,5.125001907348633,False,nat
8,nat4,S3_probe,-7.764503479003906,4.250001907348633,True,nat
8,nat5,S3_probe,-4.508716583251953,4.375001907348633,False,nat
8,nat6,S3_probe,2.1612911224365234,4.375003814697266,True,nat
8,nat7,S3_probe,1.9126511812210083,5.000001907348633,True,nat
8,nat8,S3_probe,7.880859375,7.25,False,nat
8,nat9,S3_probe,-3.5032801628112793,-1.624990463256836,False,nat
8,orig,S4_deberta,7.907507419586182,7.25,False,none
8,nat0,S4_deberta,-1.0019445419311523,7.75,True,nat
8,nat1,S4_deberta,-2.8599681854248047,5.000001907348633,True,nat
8,nat2,S4_deberta,7.395622730255127,7.000001907348633,True,nat
8,nat3,S4_deberta,7.441261291503906,5.125001907348633,False,nat
8,nat4,S4_deberta,6.925928115844727,4.250001907348633,True,nat
8,nat5,S4_deberta,6.766820907592773,4.375001907348633,False,nat
8,nat6,S4_deberta,-2.9449846744537354,4.375003814697266,True,nat
8,nat7,S4_deberta,-3.0919549465179443,5.000001907348633,True,nat
8,nat8,S4_deberta,7.907506465911865,7.25,False,nat
8,nat9,S4_deberta,-3.0618510246276855,-1.624990463256836,False,nat
9,chosen,S2_tfidf,-2.067193665707056,6.25,False,char-level
9,chosen,S1_qwen06,-2.209901809692383,-0.49999046325683594,False,encoding
9,chosen,S5_lg3_1b,-1.015625,0.5000038146972656,False,char-level
9,chosen,S3_probe,-10.26803970336914,4.250001907348633,True,encoding
9,chosen,S4_deberta,-3.043653964996338,6.000001907348633,True,char-level
9,orig,S2_tfidf,1.3598254114630512,7.875,False,none
9,nat0,S2_tfidf,-2.891911254176433,1.2500057220458984,False,nat
9,nat1,S2_tfidf,-2.891911254176433,1.2500057220458984,False,nat
9,nat2,S2_tfidf,-1.281231162575333,3.3750038146972656,False,nat
9,nat3,S2_tfidf,-0.6206833543044634,2.1250038146972656,True,nat
9,nat4,S2_tfidf,-0.7349628537438785,5.250001907348633,True,nat
9,nat5,S2_tfidf,1.4135993224929557,5.500001907348633,False,nat
9,nat6,S2_tfidf,-1.0799544247289146,-0.49999237060546875,False,nat
9,nat7,S2_tfidf,0.11464042046376743,7.0,False,nat
9,nat8,S2_tfidf,0.28193580314835676,4.875001907348633,False,nat
9,nat9,S2_tfidf,1.6905078421483608,6.000001907348633,False,nat
9,orig,S1_qwen06,5.57861328125,7.875,False,none
9,nat0,S1_qwen06,-0.6665172576904297,1.2500057220458984,False,nat
9,nat1,S1_qwen06,-0.6665172576904297,1.2500057220458984,False,nat
9,nat2,S1_qwen06,3.7506752014160156,3.3750038146972656,False,nat
9,nat3,S1_qwen06,2.196195602416992,2.1250038146972656,True,nat
9,nat4,S1_qwen06,4.820119857788086,5.250001907348633,True,nat
9,nat5,S1_qwen06,4.676641464233398,5.500001907348633,False,nat
9,nat6,S1_qwen06,-2.1951160430908203,-0.49999237060546875,False,nat
9,nat7,S1_qwen06,2.1748580932617188,7.0,False,nat
9,nat8,S1_qwen06,3.554525375366211,4.875001907348633,False,nat
9,nat9,S1_qwen06,4.349391937255859,6.000001907348633,False,nat
9,orig,S5_lg3_1b,9.953125,7.875,False,none
9,nat0,S5_lg3_1b,1.15625,1.2500057220458984,False,nat
9,nat1,S5_lg3_1b,1.15625,1.2500057220458984,False,nat
9,nat2,S5_lg3_1b,1.5625,3.3750038146972656,False,nat
9,nat3,S5_lg3_1b,3.515625,2.1250038146972656,True,nat
9,nat4,S5_lg3_1b,3.125,5.250001907348633,True,nat
9,nat5,S5_lg3_1b,6.984375,5.500001907348633,False,nat
9,nat6,S5_lg3_1b,1.078125,-0.49999237060546875,False,nat
9,nat7,S5_lg3_1b,5.03125,7.0,False,nat
9,nat8,S5_lg3_1b,5.34375,4.875001907348633,False,nat
9,nat9,S5_lg3_1b,6.375,6.000001907348633,False,nat
9,orig,S3_probe,8.65053939819336,7.875,False,none
9,nat0,S3_probe,-2.1046950817108154,1.2500057220458984,False,nat
9,nat1,S3_probe,-2.1046950817108154,1.2500057220458984,False,nat
9,nat2,S3_probe,7.205326080322266,3.3750038146972656,False,nat
9,nat3,S3_probe,9.639822006225586,2.1250038146972656,True,nat
9,nat4,S3_probe,9.227166175842285,5.250001907348633,True,nat
9,nat5,S3_probe,3.497756004333496,5.500001907348633,False,nat
9,nat6,S3_probe,-1.2323788404464722,-0.49999237060546875,False,nat
9,nat7,S3_probe,7.775504112243652,7.0,False,nat
9,nat8,S3_probe,-2.1458353996276855,4.875001907348633,False,nat
9,nat9,S3_probe,14.981491088867188,6.000001907348633,False,nat
9,orig,S4_deberta,7.874906539916992,7.875,False,none
9,nat0,S4_deberta,-3.285086154937744,1.2500057220458984,False,nat
9,nat1,S4_deberta,-3.285086154937744,1.2500057220458984,False,nat
9,nat2,S4_deberta,3.0953054428100586,3.3750038146972656,False,nat
9,nat3,S4_deberta,-2.3633742332458496,2.1250038146972656,True,nat
9,nat4,S4_deberta,-0.17491504549980164,5.250001907348633,True,nat
9,nat5,S4_deberta,6.237086772918701,5.500001907348633,False,nat
9,nat6,S4_deberta,-2.792914390563965,-0.49999237060546875,False,nat
9,nat7,S4_deberta,8.012602806091309,7.0,False,nat
9,nat8,S4_deberta,5.805918216705322,4.875001907348633,False,nat
9,nat9,S4_deberta,7.235492706298828,6.000001907348633,False,nat
10,chosen,S2_tfidf,-2.936791487237019,0.6250057220458984,False,encoding
10,chosen,S1_qwen06,-1.780996322631836,-1.1249923706054688,False,encoding
10,chosen,S5_lg3_1b,-1.015625,1.5000038146972656,True,char-level
10,chosen,S3_probe,-8.968257904052734,6.125,False,encoding
10,chosen,S4_deberta,-3.8067498207092285,2.7500038146972656,True,char-level
10,orig,S2_tfidf,0.5313550658810029,7.625,False,none
10,nat0,S2_tfidf,-0.3449852867520513,8.0,False,nat
10,nat1,S2_tfidf,-0.6996103050747644,0.7500057220458984,False,nat
10,nat2,S2_tfidf,-1.387763399935952,2.1250038146972656,False,nat
10,nat3,S2_tfidf,-1.4513126950489017,7.625,False,nat
10,nat4,S2_tfidf,-2.040476975357511,6.125,False,nat
10,nat5,S2_tfidf,0.305448270457892,-0.7499923706054688,False,nat
10,nat6,S2_tfidf,-1.0872879471214254,3.250001907348633,True,nat
10,nat7,S2_tfidf,0.49597449378671477,5.375001907348633,True,nat
10,nat8,S2_tfidf,-1.512747373847911,2.6250038146972656,True,nat
10,nat9,S2_tfidf,-2.4586519193876852,2.3750038146972656,False,nat
10,orig,S1_qwen06,5.287817001342773,7.625,False,none
10,nat0,S1_qwen06,5.215908050537109,8.0,False,nat
10,nat1,S1_qwen06,-1.2948246002197266,0.7500057220458984,False,nat
10,nat2,S1_qwen06,0.8178176879882812,2.1250038146972656,False,nat
10,nat3,S1_qwen06,4.996711730957031,7.625,False,nat
10,nat4,S1_qwen06,3.4886703491210938,6.125,False,nat
10,nat5,S1_qwen06,-0.6210250854492188,-0.7499923706054688,False,nat
10,nat6,S1_qwen06,-0.42644500732421875,3.250001907348633,True,nat
10,nat7,S1_qwen06,1.4636363983154297,5.375001907348633,True,nat
10,nat8,S1_qwen06,0.18780899047851562,2.6250038146972656,True,nat
10,nat9,S1_qwen06,2.441793441772461,2.3750038146972656,False,nat
10,orig,S5_lg3_1b,5.265625,7.625,False,none
10,nat0,S5_lg3_1b,4.9375,8.0,False,nat
10,nat1,S5_lg3_1b,3.578125,0.7500057220458984,False,nat
10,nat2,S5_lg3_1b,-0.078125,2.1250038146972656,False,nat
10,nat3,S5_lg3_1b,5.296875,7.625,False,nat
10,nat4,S5_lg3_1b,4.359375,6.125,False,nat
10,nat5,S5_lg3_1b,1.953125,-0.7499923706054688,False,nat
10,nat6,S5_lg3_1b,0.015625,3.250001907348633,True,nat
10,nat7,S5_lg3_1b,2.609375,5.375001907348633,True,nat
10,nat8,S5_lg3_1b,4.09375,2.6250038146972656,True,nat
10,nat9,S5_lg3_1b,3.984375,2.3750038146972656,False,nat
10,orig,S3_probe,2.2320547103881836,7.625,False,none
10,nat0,S3_probe,2.346949577331543,8.0,False,nat
10,nat1,S3_probe,-0.28762808442115784,0.7500057220458984,False,nat
10,nat2,S3_probe,4.640820503234863,2.1250038146972656,False,nat
10,nat3,S3_probe,6.352835655212402,7.625,False,nat
10,nat4,S3_probe,-8.968257904052734,6.125,False,nat
10,nat5,S3_probe,1.8943959474563599,-0.7499923706054688,False,nat
10,nat6,S3_probe,-0.15180674195289612,3.250001907348633,True,nat
10,nat7,S3_probe,3.00253963470459,5.375001907348633,True,nat
10,nat8,S3_probe,1.1492081880569458,2.6250038146972656,True,nat
10,nat9,S3_probe,4.818243026733398,2.3750038146972656,False,nat
10,orig,S4_deberta,2.268033981323242,7.625,False,none
10,nat0,S4_deberta,4.888607025146484,8.0,False,nat
10,nat1,S4_deberta,-3.6966710090637207,0.7500057220458984,False,nat
10,nat2,S4_deberta,6.039484024047852,2.1250038146972656,False,nat
10,nat3,S4_deberta,5.393055438995361,7.625,False,nat
10,nat4,S4_deberta,4.003573417663574,6.125,False,nat
10,nat5,S4_deberta,-3.2794089317321777,-0.7499923706054688,False,nat
10,nat6,S4_deberta,-3.5839881896972656,3.250001907348633,True,nat
10,nat7,S4_deberta,-1.2179453372955322,5.375001907348633,True,nat
10,nat8,S4_deberta,-3.417510509490967,2.6250038146972656,True,nat
10,nat9,S4_deberta,-3.0377495288848877,2.3750038146972656,False,nat
11,chosen,S2_tfidf,-6.531070703934682,1.5000038146972656,True,char-level
11,chosen,S1_qwen06,-1.8442821502685547,-2.124990463256836,False,encoding
11,chosen,S5_lg3_1b,-3.609375,-3.8749847412109375,False,char-level
11,chosen,S3_probe,-8.339804649353027,0.37500762939453125,False,encoding
11,chosen,S4_deberta,-5.030101299285889,-0.9999923706054688,False,char-level
11,orig,S2_tfidf,-2.8574615915760755,0.12500572204589844,False,none
11,nat0,S2_tfidf,-3.6269257870053044,1.1250057220458984,False,nat
11,nat1,S2_tfidf,-0.8456096414160935,-0.8749923706054688,False,nat
11,nat2,S2_tfidf,-0.8456096414160935,-0.8749923706054688,False,nat
11,nat3,S2_tfidf,-5.231584069575534,-4.374988555908203,False,nat
11,nat4,S2_tfidf,-2.8574615915760755,7.62939453125e-06,False,nat
11,nat5,S2_tfidf,-2.7367895495805534,0.25000762939453125,True,nat
11,nat6,S2_tfidf,-4.30518478435784,1.3750057220458984,True,nat
11,nat7,S2_tfidf,-3.683336208579412,-0.8749904632568359,True,nat
11,nat8,S2_tfidf,-3.743490147674824,-0.49999237060546875,False,nat
11,nat9,S2_tfidf,-2.8574615915760755,7.62939453125e-06,False,nat
11,orig,S1_qwen06,1.0906867980957031,0.12500572204589844,False,none
11,nat0,S1_qwen06,1.740732192993164,1.1250057220458984,False,nat
11,nat1,S1_qwen06,-1.0404853820800781,-0.8749923706054688,False,nat
11,nat2,S1_qwen06,-1.0404853820800781,-0.8749923706054688,False,nat
11,nat3,S1_qwen06,0.7005481719970703,-4.374988555908203,False,nat
11,nat4,S1_qwen06,1.0906867980957031,7.62939453125e-06,False,nat
11,nat5,S1_qwen06,1.850107192993164,0.25000762939453125,True,nat
11,nat6,S1_qwen06,0.3516216278076172,1.3750057220458984,True,nat
11,nat7,S1_qwen06,0.5209426879882812,-0.8749904632568359,True,nat
11,nat8,S1_qwen06,2.038747787475586,-0.49999237060546875,False,nat
11,nat9,S1_qwen06,1.0906867980957031,7.62939453125e-06,False,nat
11,orig,S5_lg3_1b,0.265625,0.12500572204589844,False,none
11,nat0,S5_lg3_1b,1.984375,1.1250057220458984,False,nat
11,nat1,S5_lg3_1b,2.328125,-0.8749923706054688,False,nat
11,nat2,S5_lg3_1b,2.328125,-0.8749923706054688,False,nat
11,nat3,S5_lg3_1b,-2.234375,-4.374988555908203,False,nat
11,nat4,S5_lg3_1b,0.28125,7.62939453125e-06,False,nat
11,nat5,S5_lg3_1b,2.46875,0.25000762939453125,True,nat
11,nat6,S5_lg3_1b,0.671875,1.3750057220458984,True,nat
11,nat7,S5_lg3_1b,1.78125,-0.8749904632568359,True,nat
11,nat8,S5_lg3_1b,1.75,-0.49999237060546875,False,nat
11,nat9,S5_lg3_1b,0.28125,7.62939453125e-06,False,nat
11,orig,S3_probe,-3.015766143798828,0.12500572204589844,False,none
11,nat0,S3_probe,7.584286689758301,1.1250057220458984,False,nat
11,nat1,S3_probe,-0.10548105835914612,-0.8749923706054688,False,nat
11,nat2,S3_probe,-0.12199011445045471,-0.8749923706054688,False,nat
11,nat3,S3_probe,0.9737473726272583,-4.374988555908203,False,nat
11,nat4,S3_probe,-3.107921600341797,7.62939453125e-06,False,nat
11,nat5,S3_probe,-1.2859772443771362,0.25000762939453125,True,nat
11,nat6,S3_probe,-1.3714522123336792,1.3750057220458984,True,nat
11,nat7,S3_probe,0.7210618257522583,-0.8749904632568359,True,nat
11,nat8,S3_probe,4.71047306060791,-0.49999237060546875,False,nat
11,nat9,S3_probe,-3.107921600341797,7.62939453125e-06,False,nat
11,orig,S4_deberta,-4.347609519958496,0.12500572204589844,False,none
11,nat0,S4_deberta,-1.19607412815094,1.1250057220458984,False,nat
11,nat1,S4_deberta,1.0461218357086182,-0.8749923706054688,False,nat
11,nat2,S4_deberta,1.0461218357086182,-0.8749923706054688,False,nat
11,nat3,S4_deberta,-4.749733924865723,-4.374988555908203,False,nat
11,nat4,S4_deberta,-4.3476104736328125,7.62939453125e-06,False,nat
11,nat5,S4_deberta,-3.6722331047058105,0.25000762939453125,True,nat
11,nat6,S4_deberta,-4.229336261749268,1.3750057220458984,True,nat
11,nat7,S4_deberta,-3.757181406021118,-0.8749904632568359,True,nat
11,nat8,S4_deberta,-3.6644606590270996,-0.49999237060546875,False,nat
11,nat9,S4_deberta,-4.3476104736328125,7.62939453125e-06,False,nat
12,chosen,S2_tfidf,-2.8803986084610544,0.7500057220458984,False,encoding
12,chosen,S1_qwen06,-1.945688247680664,0.5000076293945312,False,encoding
12,chosen,S5_lg3_1b,0.546875,3.250001907348633,True,char-level
12,chosen,S3_probe,-9.398212432861328,4.250001907348633,False,encoding
12,chosen,S4_deberta,-3.3226113319396973,4.000001907348633,True,char-level
12,orig,S2_tfidf,3.240815745198793,6.375001907348633,False,none
12,nat0,S2_tfidf,1.3637451383840868,4.875001907348633,False,nat
12,nat1,S2_tfidf,2.06805861168025,5.000001907348633,True,nat
12,nat2,S2_tfidf,3.240815745198793,6.375001907348633,False,nat
12,nat3,S2_tfidf,2.939990757753578,6.250001907348633,True,nat
12,nat4,S2_tfidf,4.504797778405132,6.000001907348633,False,nat
12,nat5,S2_tfidf,1.3637451383840868,4.875001907348633,False,nat
12,nat6,S2_tfidf,2.49888702638155,5.875001907348633,True,nat
12,nat7,S2_tfidf,2.091992152987391,6.250001907348633,False,nat
12,nat8,S2_tfidf,-0.13014858096511017,3.625001907348633,True,nat
12,nat9,S2_tfidf,0.4697111743417288,4.250001907348633,True,nat
12,orig,S1_qwen06,6.595054626464844,6.375001907348633,False,none
12,nat0,S1_qwen06,2.4417953491210938,4.875001907348633,False,nat
12,nat1,S1_qwen06,5.58631706237793,5.000001907348633,True,nat
12,nat2,S1_qwen06,6.595035552978516,6.375001907348633,False,nat
12,nat3,S1_qwen06,5.321346282958984,6.250001907348633,True,nat
12,nat4,S1_qwen06,5.603450775146484,6.000001907348633,False,nat
12,nat5,S1_qwen06,2.4417953491210938,4.875001907348633,False,nat
12,nat6,S1_qwen06,5.276298522949219,5.875001907348633,True,nat
12,nat7,S1_qwen06,5.003986358642578,6.250001907348633,False,nat
12,nat8,S1_qwen06,3.987886428833008,3.625001907348633,True,nat
12,nat9,S1_qwen06,2.959260940551758,4.250001907348633,True,nat
12,orig,S5_lg3_1b,5.921875,6.375001907348633,False,none
12,nat0,S5_lg3_1b,1.609375,4.875001907348633,False,nat
12,nat1,S5_lg3_1b,1.15625,5.000001907348633,True,nat
12,nat2,S5_lg3_1b,5.921875,6.375001907348633,False,nat
12,nat3,S5_lg3_1b,3.09375,6.250001907348633,True,nat
12,nat4,S5_lg3_1b,5.015625,6.000001907348633,False,nat
12,nat5,S5_lg3_1b,1.609375,4.875001907348633,False,nat
12,nat6,S5_lg3_1b,2.515625,5.875001907348633,True,nat
12,nat7,S5_lg3_1b,3.96875,6.250001907348633,False,nat
12,nat8,S5_lg3_1b,1.53125,3.625001907348633,True,nat
12,nat9,S5_lg3_1b,3.265625,4.250001907348633,True,nat
12,orig,S3_probe,9.126605987548828,6.375001907348633,False,none
12,nat0,S3_probe,-2.909426212310791,4.875001907348633,False,nat
12,nat1,S3_probe,14.089289665222168,5.000001907348633,True,nat
12,nat2,S3_probe,9.085062980651855,6.375001907348633,False,nat
12,nat3,S3_probe,10.431365013122559,6.250001907348633,True,nat
12,nat4,S3_probe,9.191267013549805,6.000001907348633,False,nat
12,nat5,S3_probe,-2.909426212310791,4.875001907348633,False,nat
12,nat6,S3_probe,12.559183120727539,5.875001907348633,True,nat
12,nat7,S3_probe,15.277545928955078,6.250001907348633,False,nat
12,nat8,S3_probe,7.85148811340332,3.625001907348633,True,nat
12,nat9,S3_probe,10.042738914489746,4.250001907348633,True,nat
12,orig,S4_deberta,6.066570281982422,6.375001907348633,False,none
12,nat0,S4_deberta,6.6060895919799805,4.875001907348633,False,nat
12,nat1,S4_deberta,3.703927516937256,5.000001907348633,True,nat
12,nat2,S4_deberta,6.06657075881958,6.375001907348633,False,nat
12,nat3,S4_deberta,-0.044006358832120895,6.250001907348633,True,nat
12,nat4,S4_deberta,7.462281227111816,6.000001907348633,False,nat
12,nat5,S4_deberta,6.6060895919799805,4.875001907348633,False,nat
12,nat6,S4_deberta,-2.0050597190856934,5.875001907348633,True,nat
12,nat7,S4_deberta,6.800734519958496,6.250001907348633,False,nat
12,nat8,S4_deberta,-2.463766098022461,3.625001907348633,True,nat
12,nat9,S4_deberta,-2.33498215675354,4.250001907348633,True,nat
13,chosen,S2_tfidf,-2.2658283626100593,0.6250076293945312,True,char-level
13,chosen,S1_qwen06,-2.3174514770507812,-0.9999904632568359,False,encoding
13,chosen,S5_lg3_1b,-5.828125,1.5000019073486328,False,char-level
13,chosen,S3_probe,-9.949687957763672,1.2500038146972656,False,encoding
13,chosen,S4_deberta,-3.2640976905822754,1.1250057220458984,False,encoding
13,orig,S2_tfidf,1.5512281207787593,1.6250019073486328,False,none
13,nat0,S2_tfidf,1.5512281207787593,1.7500019073486328,False,nat
13,nat1,S2_tfidf,0.249455138556536,-1.9999847412109375,True,nat
13,nat2,S2_tfidf,-1.9875448607039317,-1.124990463256836,True,nat
13,nat3,S2_tfidf,-2.38586347449704,0.8750076293945312,True,nat
13,nat4,S2_tfidf,-0.20820319220110872,-0.24998855590820312,True,nat
13,nat5,S2_tfidf,-1.4171759441179206,3.750001907348633,True,nat
13,nat6,S2_tfidf,-2.0904929658328557,-0.8749904632568359,True,nat
13,nat7,S2_tfidf,-1.4827722958696476,-0.6249904632568359,False,nat
13,nat8,S2_tfidf,0.45992898846524044,5.7220458984375e-06,False,nat
13,nat9,S2_tfidf,-0.5564942264252283,-2.124988555908203,True,nat
13,orig,S1_qwen06,-0.5155010223388672,1.6250019073486328,False,none
13,nat0,S1_qwen06,-0.5155010223388672,1.7500019073486328,False,nat
13,nat1,S1_qwen06,0.7172203063964844,-1.9999847412109375,True,nat
13,nat2,S1_qwen06,2.105274200439453,-1.124990463256836,True,nat
13,nat3,S1_qwen06,2.383695602416992,0.8750076293945312,True,nat
13,nat4,S1_qwen06,2.4787845611572266,-0.24998855590820312,True,nat
13,nat5,S1_qwen06,2.0417613983154297,3.750001907348633,True,nat
13,nat6,S1_qwen06,0.5864124298095703,-0.8749904632568359,True,nat
13,nat7,S1_qwen06,2.336935043334961,-0.6249904632568359,False,nat
13,nat8,S1_qwen06,-1.9380683898925781,5.7220458984375e-06,False,nat
13,nat9,S1_qwen06,1.3648052215576172,-2.124988555908203,True,nat
13,orig,S5_lg3_1b,-5.828125,1.6250019073486328,False,none
13,nat0,S5_lg3_1b,-5.8125,1.7500019073486328,False,nat
13,nat1,S5_lg3_1b,0.625,-1.9999847412109375,True,nat
13,nat2,S5_lg3_1b,-1.265625,-1.124990463256836,True,nat
13,nat3,S5_lg3_1b,-4.578125,0.8750076293945312,True,nat
13,nat4,S5_lg3_1b,1.6875,-0.24998855590820312,True,nat
13,nat5,S5_lg3_1b,0.375,3.750001907348633,True,nat
13,nat6,S5_lg3_1b,-2.0,-0.8749904632568359,True,nat
13,nat7,S5_lg3_1b,-0.640625,-0.6249904632568359,False,nat
13,nat8,S5_lg3_1b,-0.125,5.7220458984375e-06,False,nat
13,nat9,S5_lg3_1b,-1.578125,-2.124988555908203,True,nat
13,orig,S3_probe,-3.367659568786621,1.6250019073486328,False,none
13,nat0,S3_probe,-3.422168731689453,1.7500019073486328,False,nat
13,nat1,S3_probe,4.896030426025391,-1.9999847412109375,True,nat
13,nat2,S3_probe,3.866816520690918,-1.124990463256836,True,nat
13,nat3,S3_probe,2.9454193115234375,0.8750076293945312,True,nat
13,nat4,S3_probe,4.601690292358398,-0.24998855590820312,True,nat
13,nat5,S3_probe,5.706555366516113,3.750001907348633,True,nat
13,nat6,S3_probe,5.532444477081299,-0.8749904632568359,True,nat
13,nat7,S3_probe,5.342275619506836,-0.6249904632568359,False,nat
13,nat8,S3_probe,-6.022467613220215,5.7220458984375e-06,False,nat
13,nat9,S3_probe,3.8426761627197266,-2.124988555908203,True,nat
13,orig,S4_deberta,2.5906968116760254,1.6250019073486328,False,none
13,nat0,S4_deberta,2.590698719024658,1.7500019073486328,False,nat
13,nat1,S4_deberta,-3.1787660121917725,-1.9999847412109375,True,nat
13,nat2,S4_deberta,-2.65606689453125,-1.124990463256836,True,nat
13,nat3,S4_deberta,-2.430881977081299,0.8750076293945312,True,nat
13,nat4,S4_deberta,-2.615814685821533,-0.24998855590820312,True,nat
13,nat5,S4_deberta,-2.416707992553711,3.750001907348633,True,nat
13,nat6,S4_deberta,-2.678208351135254,-0.8749904632568359,True,nat
13,nat7,S4_deberta,-1.1134669780731201,-0.6249904632568359,False,nat
13,nat8,S4_deberta,1.432096242904663,5.7220458984375e-06,False,nat
13,nat9,S4_deberta,-2.2734944820404053,-2.124988555908203,True,nat
14,chosen,S2_tfidf,-5.749789573212596,3.375001907348633,True,char-level
14,chosen,S1_qwen06,-2.3233566284179688,-1.499990463256836,False,encoding
14,chosen,S5_lg3_1b,-2.6875,-1.8749923706054688,False,char-level
14,chosen,S3_probe,-10.163665771484375,3.500001907348633,False,encoding
14,chosen,S4_deberta,-4.179060935974121,3.2500038146972656,True,char-level
14,orig,S2_tfidf,3.113933673965694,5.5,False,none
14,nat0,S2_tfidf,-2.4984372731769824,1.0000057220458984,False,nat
14,nat1,S2_tfidf,-2.0811424402188914,0.7500057220458984,True,nat
14,nat2,S2_tfidf,-4.356491570220978,4.750001907348633,True,nat
14,nat3,S2_tfidf,-1.8239289402883834,1.5000038146972656,True,nat
14,nat4,S2_tfidf,-0.4341370986963323,5.500001907348633,True,nat
14,nat5,S2_tfidf,2.2822169516742363,1.1250057220458984,True,nat
14,nat6,S2_tfidf,-3.5536066123037857,-0.37499046325683594,True,nat
14,nat7,S2_tfidf,0.41333841342796607,0.25000572204589844,True,nat
14,nat8,S2_tfidf,-0.46942699693897827,3.500001907348633,False,nat
14,nat9,S2_tfidf,-0.4830248369987402,2.8750038146972656,True,nat
14,orig,S1_qwen06,6.067192077636719,5.5,False,none
14,nat0,S1_qwen06,-0.5132770538330078,1.0000057220458984,False,nat
14,nat1,S1_qwen06,0.30528831481933594,0.7500057220458984,True,nat
14,nat2,S1_qwen06,-0.447418212890625,4.750001907348633,True,nat
14,nat3,S1_qwen06,0.2250537872314453,1.5000038146972656,True,nat
14,nat4,S1_qwen06,3.5561904907226562,5.500001907348633,True,nat
14,nat5,S1_qwen06,4.355466842651367,1.1250057220458984,True,nat
14,nat6,S1_qwen06,-0.9879188537597656,-0.37499046325683594,True,nat
14,nat7,S1_qwen06,-1.628286361694336,0.25000572204589844,True,nat
14,nat8,S1_qwen06,3.993642807006836,3.500001907348633,False,nat
14,nat9,S1_qwen06,0.21358299255371094,2.8750038146972656,True,nat
14,orig,S5_lg3_1b,7.5,5.5,False,none
14,nat0,S5_lg3_1b,1.34375,1.0000057220458984,False,nat
14,nat1,S5_lg3_1b,1.046875,0.7500057220458984,True,nat
14,nat2,S5_lg3_1b,3.828125,4.750001907348633,True,nat
14,nat3,S5_lg3_1b,2.875,1.5000038146972656,True,nat
14,nat4,S5_lg3_1b,4.515625,5.500001907348633,True,nat
14,nat5,S5_lg3_1b,-0.4375,1.1250057220458984,True,nat
14,nat6,S5_lg3_1b,0.71875,-0.37499046325683594,True,nat
14,nat7,S5_lg3_1b,1.921875,0.25000572204589844,True,nat
14,nat8,S5_lg3_1b,4.328125,3.500001907348633,False,nat
14,nat9,S5_lg3_1b,2.78125,2.8750038146972656,True,nat
14,orig,S3_probe,2.7200183868408203,5.5,False,none
14,nat0,S3_probe,-2.4730589389801025,1.0000057220458984,False,nat
14,nat1,S3_probe,-1.780002474784851,0.7500057220458984,True,nat
14,nat2,S3_probe,1.1889477968215942,4.750001907348633,True,nat
14,nat3,S3_probe,-0.6260346174240112,1.5000038146972656,True,nat
14,nat4,S3_probe,0.8125401735305786,5.500001907348633,True,nat
14,nat5,S3_probe,7.4168853759765625,1.1250057220458984,True,nat
14,nat6,S3_probe,-3.586611747741699,-0.37499046325683594,True,nat
14,nat7,S3_probe,0.7981311082839966,0.25000572204589844,True,nat
14,nat8,S3_probe,-10.163665771484375,3.500001907348633,False,nat
14,nat9,S3_probe,2.2789440155029297,2.8750038146972656,True,nat
14,orig,S4_deberta,7.122770309448242,5.5,False,none
14,nat0,S4_deberta,-3.337291955947876,1.0000057220458984,False,nat
14,nat1,S4_deberta,-1.2595182657241821,0.7500057220458984,True,nat
14,nat2,S4_deberta,-2.7709999084472656,4.750001907348633,True,nat
14,nat3,S4_deberta,-3.101024627685547,1.5000038146972656,True,nat
14,nat4,S4_deberta,-3.7118310928344727,5.500001907348633,True,nat
14,nat5,S4_deberta,3.9983482360839844,1.1250057220458984,True,nat
14,nat6,S4_deberta,2.4757256507873535,-0.37499046325683594,True,nat
14,nat7,S4_deberta,-3.7007923126220703,0.25000572204589844,True,nat
14,nat8,S4_deberta,6.425591945648193,3.500001907348633,False,nat
14,nat9,S4_deberta,-3.443345069885254,2.8750038146972656,True,nat
15,chosen,S2_tfidf,-2.95224168536463,4.500001907348633,True,char-level
15,chosen,S1_qwen06,-2.4925613403320312,-0.9999904632568359,False,encoding
15,chosen,S5_lg3_1b,-2.171875,2.3750038146972656,True,char-level
15,chosen,S3_probe,-10.060961723327637,4.875001907348633,False,encoding
15,chosen,S4_deberta,-3.572047233581543,2.7500038146972656,True,char-level
15,orig,S2_tfidf,1.538786627950951,7.5,False,none
15,nat0,S2_tfidf,-1.1642730398571217,5.125001907348633,True,nat
15,nat1,S2_tfidf,-2.0411400597932485,0.8750057220458984,False,nat
15,nat2,S2_tfidf,-2.3861818187495833,5.250001907348633,False,nat
15,nat3,S2_tfidf,1.538786627950951,7.375,False,nat
15,nat4,S2_tfidf,1.4126624850793352,3.0000038146972656,True,nat
15,nat5,S2_tfidf,-2.0082045517356573,1.3750076293945312,True,nat
15,nat6,S2_tfidf,1.538786627950951,7.375,False,nat
15,nat7,S2_tfidf,0.6151784291043436,5.750001907348633,True,nat
15,nat8,S2_tfidf,1.0694493397441838,6.375001907348633,False,nat
15,nat9,S2_tfidf,-0.04268687079458955,2.0000057220458984,True,nat
15,orig,S1_qwen06,5.323066711425781,7.5,False,none
15,nat0,S1_qwen06,4.203025817871094,5.125001907348633,True,nat
15,nat1,S1_qwen06,-0.3576622009277344,0.8750057220458984,False,nat
15,nat2,S1_qwen06,2.115144729614258,5.250001907348633,False,nat
15,nat3,S1_qwen06,5.323066711425781,7.375,False,nat
15,nat4,S1_qwen06,1.4954547882080078,3.0000038146972656,True,nat
15,nat5,S1_qwen06,0.3320960998535156,1.3750076293945312,True,nat
15,nat6,S1_qwen06,5.308320999145508,7.375,False,nat
15,nat7,S1_qwen06,2.693634033203125,5.750001907348633,True,nat
15,nat8,S1_qwen06,4.087959289550781,6.375001907348633,False,nat
15,nat9,S1_qwen06,0.24063873291015625,2.0000057220458984,True,nat
15,orig,S5_lg3_1b,4.6875,7.5,False,none
15,nat0,S5_lg3_1b,2.375,5.125001907348633,True,nat
15,nat1,S5_lg3_1b,1.5,0.8750057220458984,False,nat
15,nat2,S5_lg3_1b,4.625,5.250001907348633,False,nat
15,nat3,S5_lg3_1b,4.6875,7.375,False,nat
15,nat4,S5_lg3_1b,0.28125,3.0000038146972656,True,nat
15,nat5,S5_lg3_1b,-0.640625,1.3750076293945312,True,nat
15,nat6,S5_lg3_1b,4.6875,7.375,False,nat
15,nat7,S5_lg3_1b,1.984375,5.750001907348633,True,nat
15,nat8,S5_lg3_1b,3.53125,6.375001907348633,False,nat
15,nat9,S5_lg3_1b,0.71875,2.0000057220458984,True,nat
15,orig,S3_probe,2.692350387573242,7.5,False,none
15,nat0,S3_probe,-9.435262680053711,5.125001907348633,True,nat
15,nat1,S3_probe,-2.480459213256836,0.8750057220458984,False,nat
15,nat2,S3_probe,14.833479881286621,5.250001907348633,False,nat
15,nat3,S3_probe,2.6274490356445312,7.375,False,nat
15,nat4,S3_probe,3.612628936767578,3.0000038146972656,True,nat
15,nat5,S3_probe,4.488739013671875,1.3750076293945312,True,nat
15,nat6,S3_probe,2.6274490356445312,7.375,False,nat
15,nat7,S3_probe,7.924236297607422,5.750001907348633,True,nat
15,nat8,S3_probe,4.339311599731445,6.375001907348633,False,nat
15,nat9,S3_probe,5.824643135070801,2.0000057220458984,True,nat
15,orig,S4_deberta,2.902595281600952,7.5,False,none
15,nat0,S4_deberta,2.7285990715026855,5.125001907348633,True,nat
15,nat1,S4_deberta,-3.490534782409668,0.8750057220458984,False,nat
15,nat2,S4_deberta,1.3659882545471191,5.250001907348633,False,nat
15,nat3,S4_deberta,2.902595043182373,7.375,False,nat
15,nat4,S4_deberta,-1.5127921104431152,3.0000038146972656,True,nat
15,nat5,S4_deberta,-3.955723762512207,1.3750076293945312,True,nat
15,nat6,S4_deberta,2.902595043182373,7.375,False,nat
15,nat7,S4_deberta,-2.672241449356079,5.750001907348633,True,nat
15,nat8,S4_deberta,4.2264204025268555,6.375001907348633,False,nat
15,nat9,S4_deberta,-1.327704906463623,2.0000057220458984,True,nat
16,chosen,S2_tfidf,-4.547524514307287,7.000001907348633,False,char-level
16,chosen,S1_qwen06,-1.880056381225586,-0.7499885559082031,False,encoding
16,chosen,S5_lg3_1b,0.203125,7.875,True,char-level
16,chosen,S3_probe,-10.549776077270508,7.25,True,encoding
16,chosen,S4_deberta,-3.3127188682556152,7.875,True,char-level
16,orig,S2_tfidf,1.834296196902092,9.875,False,none
16,nat0,S2_tfidf,-2.534879982945562,8.0,True,nat
16,nat1,S2_tfidf,0.5561196796447225,7.875,False,nat
16,nat2,S2_tfidf,-0.5266382050546285,8.375,True,nat
16,nat3,S2_tfidf,1.8564207756871538,8.125,False,nat
16,nat4,S2_tfidf,-0.6418449609018216,6.875,False,nat
16,nat5,S2_tfidf,-0.5523985983557346,-0.7499885559082031,False,nat
16,nat6,S2_tfidf,-2.978326207547481,8.0,False,nat
16,nat7,S2_tfidf,0.5561196796447225,7.875,False,nat
16,nat8,S2_tfidf,1.834296196902092,10.0,False,nat
16,nat9,S2_tfidf,-1.6143211357448173,7.75,False,nat
16,orig,S1_qwen06,7.156394958496094,9.875,False,none
16,nat0,S1_qwen06,2.333894729614258,8.0,True,nat
16,nat1,S1_qwen06,6.3481597900390625,7.875,False,nat
16,nat2,S1_qwen06,2.23297119140625,8.375,True,nat
16,nat3,S1_qwen06,7.1104736328125,8.125,False,nat
16,nat4,S1_qwen06,3.4585533142089844,6.875,False,nat
16,nat5,S1_qwen06,-1.880056381225586,-0.7499885559082031,False,nat
16,nat6,S1_qwen06,3.8164730072021484,8.0,False,nat
16,nat7,S1_qwen06,6.3481597900390625,7.875,False,nat
16,nat8,S1_qwen06,7.156394958496094,10.0,False,nat
16,nat9,S1_qwen06,5.632379531860352,7.75,False,nat
16,orig,S5_lg3_1b,8.4375,9.875,False,none
16,nat0,S5_lg3_1b,2.671875,8.0,True,nat
16,nat1,S5_lg3_1b,2.5,7.875,False,nat
16,nat2,S5_lg3_1b,1.953125,8.375,True,nat
16,nat3,S5_lg3_1b,5.984375,8.125,False,nat
16,nat4,S5_lg3_1b,5.34375,6.875,False,nat
16,nat5,S5_lg3_1b,0.671875,-0.7499885559082031,False,nat
16,nat6,S5_lg3_1b,5.296875,8.0,False,nat
16,nat7,S5_lg3_1b,2.5,7.875,False,nat
16,nat8,S5_lg3_1b,8.4375,10.0,False,nat
16,nat9,S5_lg3_1b,4.796875,7.75,False,nat
16,orig,S3_probe,5.426253318786621,9.875,False,none
16,nat0,S3_probe,3.2088117599487305,8.0,True,nat
16,nat1,S3_probe,-5.264937400817871,7.875,False,nat
16,nat2,S3_probe,4.242687225341797,8.375,True,nat
16,nat3,S3_probe,1.1669703722000122,8.125,False,nat
16,nat4,S3_probe,13.903721809387207,6.875,False,nat
16,nat5,S3_probe,-3.414254665374756,-0.7499885559082031,False,nat
16,nat6,S3_probe,12.752185821533203,8.0,False,nat
16,nat7,S3_probe,-5.264937400817871,7.875,False,nat
16,nat8,S3_probe,5.426253318786621,10.0,False,nat
16,nat9,S3_probe,4.456454277038574,7.75,False,nat
16,orig,S4_deberta,6.609919548034668,9.875,False,none
16,nat0,S4_deberta,-2.934365749359131,8.0,True,nat
16,nat1,S4_deberta,6.031790256500244,7.875,False,nat
16,nat2,S4_deberta,-0.8716748952865601,8.375,True,nat
16,nat3,S4_deberta,5.8891119956970215,8.125,False,nat
16,nat4,S4_deberta,6.4776411056518555,6.875,False,nat
16,nat5,S4_deberta,-2.9930384159088135,-0.7499885559082031,False,nat
16,nat6,S4_deberta,5.890566825866699,8.0,False,nat
16,nat7,S4_deberta,6.031790256500244,7.875,False,nat
16,nat8,S4_deberta,6.609917163848877,10.0,False,nat
16,nat9,S4_deberta,4.260430335998535,7.75,False,nat
17,chosen,S2_tfidf,-2.896231912006373,9.5367431640625e-06,True,char-level
17,chosen,S1_qwen06,-2.0232410430908203,-0.12499046325683594,False,encoding
17,chosen,S5_lg3_1b,0.421875,-0.6249904632568359,False,char-level
17,chosen,S3_probe,-9.069960594177246,3.1250038146972656,True,encoding
17,chosen,S4_deberta,-3.4744601249694824,4.125003814697266,True,char-level
17,orig,S2_tfidf,1.4367252784573525,5.875001907348633,False,none
17,nat0,S2_tfidf,-0.49221790159284795,2.0000057220458984,True,nat
17,nat1,S2_tfidf,0.8312437714995504,5.375001907348633,True,nat
17,nat2,S2_tfidf,-2.8378678608765115,1.1250057220458984,False,nat
17,nat3,S2_tfidf,1.4367252784573525,5.875001907348633,False,nat
17,nat4,S2_tfidf,1.4367252784573525,5.875001907348633,False,nat
17,nat5,S2_tfidf,1.244077695371417,5.875001907348633,True,nat
17,nat6,S2_tfidf,0.9770768860384231,3.0000038146972656,True,nat
17,nat7,S2_tfidf,-2.7693496392861157,1.1250057220458984,False,nat
17,nat8,S2_tfidf,-0.9001656333395953,3.2500038146972656,True,nat
17,nat9,S2_tfidf,0.05032521643932486,5.625001907348633,False,nat
17,orig,S1_qwen06,3.8672409057617188,5.875001907348633,False,none
17,nat0,S1_qwen06,0.5423049926757812,2.0000057220458984,True,nat
17,nat1,S1_qwen06,2.427644729614258,5.375001907348633,True,nat
17,nat2,S1_qwen06,0.8438282012939453,1.1250057220458984,False,nat
17,nat3,S1_qwen06,3.8516159057617188,5.875001907348633,False,nat
17,nat4,S1_qwen06,3.8516159057617188,5.875001907348633,False,nat
17,nat5,S1_qwen06,3.129293441772461,5.875001907348633,True,nat
17,nat6,S1_qwen06,0.6834697723388672,3.0000038146972656,True,nat
17,nat7,S1_qwen06,-0.6456813812255859,1.1250057220458984,False,nat
17,nat8,S1_qwen06,1.8604755401611328,3.2500038146972656,True,nat
17,nat9,S1_qwen06,4.538553237915039,5.625001907348633,False,nat
17,orig,S5_lg3_1b,0.53125,5.875001907348633,False,none
17,nat0,S5_lg3_1b,4.5,2.0000057220458984,True,nat
17,nat1,S5_lg3_1b,2.796875,5.375001907348633,True,nat
17,nat2,S5_lg3_1b,2.53125,1.1250057220458984,False,nat
17,nat3,S5_lg3_1b,0.53125,5.875001907348633,False,nat
17,nat4,S5_lg3_1b,0.53125,5.875001907348633,False,nat
17,nat5,S5_lg3_1b,-0.984375,5.875001907348633,True,nat
17,nat6,S5_lg3_1b,1.078125,3.0000038146972656,True,nat
17,nat7,S5_lg3_1b,1.46875,1.1250057220458984,False,nat
17,nat8,S5_lg3_1b,2.953125,3.2500038146972656,True,nat
17,nat9,S5_lg3_1b,3.265625,5.625001907348633,False,nat
17,orig,S3_probe,5.069969177246094,5.875001907348633,False,none
17,nat0,S3_probe,2.868298292160034,2.0000057220458984,True,nat
17,nat1,S3_probe,5.819543361663818,5.375001907348633,True,nat
17,nat2,S3_probe,5.138141632080078,1.1250057220458984,False,nat
17,nat3,S3_probe,5.069969177246094,5.875001907348633,False,nat
17,nat4,S3_probe,5.069969177246094,5.875001907348633,False,nat
17,nat5,S3_probe,2.95975923538208,5.875001907348633,True,nat
17,nat6,S3_probe,5.628701686859131,3.0000038146972656,True,nat
17,nat7,S3_probe,-0.06969895958900452,1.1250057220458984,False,nat
17,nat8,S3_probe,0.7740436792373657,3.2500038146972656,True,nat
17,nat9,S3_probe,6.240908145904541,5.625001907348633,False,nat
17,orig,S4_deberta,2.463728904724121,5.875001907348633,False,none
17,nat0,S4_deberta,-3.0885441303253174,2.0000057220458984,True,nat
17,nat1,S4_deberta,-3.2146294116973877,5.375001907348633,True,nat
17,nat2,S4_deberta,-2.7563886642456055,1.1250057220458984,False,nat
17,nat3,S4_deberta,2.463728427886963,5.875001907348633,False,nat
17,nat4,S4_deberta,2.463728427886963,5.875001907348633,False,nat
17,nat5,S4_deberta,-2.664759635925293,5.875001907348633,True,nat
17,nat6,S4_deberta,-3.143732786178589,3.0000038146972656,True,nat
17,nat7,S4_deberta,-3.1029539108276367,1.1250057220458984,False,nat
17,nat8,S4_deberta,-3.0619404315948486,3.2500038146972656,True,nat
17,nat9,S4_deberta,4.674427509307861,5.625001907348633,False,nat
18,chosen,S2_tfidf,-2.1561384449891916,0.7500057220458984,False,encoding
18,chosen,S1_qwen06,-2.258188247680664,-1.1249885559082031,False,encoding
18,chosen,S5_lg3_1b,-0.34375,6.125001907348633,False,char-level
18,chosen,S3_probe,-10.451025009155273,4.000001907348633,True,encoding
18,chosen,S4_deberta,-3.274658203125,6.875,True,char-level
18,orig,S2_tfidf,1.6001582959614746,5.500001907348633,False,none
18,nat0,S2_tfidf,-1.2720663137567718,4.875001907348633,False,nat
18,nat1,S2_tfidf,-1.7522502650766263,5.625001907348633,False,nat
18,nat2,S2_tfidf,1.4271824712364938,6.625001907348633,True,nat
18,nat3,S2_tfidf,1.6001582959614746,5.375001907348633,False,nat
18,nat4,S2_tfidf,1.6001582959614746,5.375001907348633,False,nat
18,nat5,S2_tfidf,-0.9971538690561226,-1.1249885559082031,False,nat
18,nat6,S2_tfidf,1.1462636362525827,4.125001907348633,False,nat
18,nat7,S2_tfidf,0.6053237427836808,5.750001907348633,False,nat
18,nat8,S2_tfidf,-0.49394101313786776,3.2500038146972656,False,nat
18,nat9,S2_tfidf,-1.040012361597351,4.875001907348633,True,nat
18,orig,S1_qwen06,5.761220932006836,5.500001907348633,False,none
18,nat0,S1_qwen06,3.1448631286621094,4.875001907348633,False,nat
18,nat1,S1_qwen06,3.0648326873779297,5.625001907348633,False,nat
18,nat2,S1_qwen06,5.0785369873046875,6.625001907348633,True,nat
18,nat3,S1_qwen06,5.76104736328125,5.375001907348633,False,nat
18,nat4,S1_qwen06,5.76104736328125,5.375001907348633,False,nat
18,nat5,S1_qwen06,-2.2571239471435547,-1.1249885559082031,False,nat
18,nat6,S1_qwen06,3.8592758178710938,4.125001907348633,False,nat
18,nat7,S1_qwen06,4.74073600769043,5.750001907348633,False,nat
18,nat8,S1_qwen06,3.9033203125,3.2500038146972656,False,nat
18,nat9,S1_qwen06,3.4710826873779297,4.875001907348633,True,nat
18,orig,S5_lg3_1b,2.921875,5.500001907348633,False,none
18,nat0,S5_lg3_1b,1.859375,4.875001907348633,False,nat
18,nat1,S5_lg3_1b,3.40625,5.625001907348633,False,nat
18,nat2,S5_lg3_1b,3.1875,6.625001907348633,True,nat
18,nat3,S5_lg3_1b,2.90625,5.375001907348633,False,nat
18,nat4,S5_lg3_1b,2.90625,5.375001907348633,False,nat
18,nat5,S5_lg3_1b,0.734375,-1.1249885559082031,False,nat
18,nat6,S5_lg3_1b,4.4375,4.125001907348633,False,nat
18,nat7,S5_lg3_1b,3.15625,5.750001907348633,False,nat
18,nat8,S5_lg3_1b,4.75,3.2500038146972656,False,nat
18,nat9,S5_lg3_1b,2.734375,4.875001907348633,True,nat
18,orig,S3_probe,4.254999160766602,5.500001907348633,False,none
18,nat0,S3_probe,10.060395240783691,4.875001907348633,False,nat
18,nat1,S3_probe,8.048614501953125,5.625001907348633,False,nat
18,nat2,S3_probe,6.431901931762695,6.625001907348633,True,nat
18,nat3,S3_probe,4.254999160766602,5.375001907348633,False,nat
18,nat4,S3_probe,4.254999160766602,5.375001907348633,False,nat
18,nat5,S3_probe,-1.6507905721664429,-1.1249885559082031,False,nat
18,nat6,S3_probe,0.7604552507400513,4.125001907348633,False,nat
18,nat7,S3_probe,5.185756206512451,5.750001907348633,False,nat
18,nat8,S3_probe,5.887758731842041,3.2500038146972656,False,nat
18,nat9,S3_probe,5.74307918548584,4.875001907348633,True,nat
18,orig,S4_deberta,5.325109481811523,5.500001907348633,False,none
18,nat0,S4_deberta,6.816296577453613,4.875001907348633,False,nat
18,nat1,S4_deberta,5.720315456390381,5.625001907348633,False,nat
18,nat2,S4_deberta,4.2315850257873535,6.625001907348633,True,nat
18,nat3,S4_deberta,5.325109481811523,5.375001907348633,False,nat
18,nat4,S4_deberta,5.325109481811523,5.375001907348633,False,nat
18,nat5,S4_deberta,-2.7889256477355957,-1.1249885559082031,False,nat
18,nat6,S4_deberta,4.333481311798096,4.125001907348633,False,nat
18,nat7,S4_deberta,4.783570289611816,5.750001907348633,False,nat
18,nat8,S4_deberta,-2.9571127891540527,3.2500038146972656,False,nat
18,nat9,S4_deberta,-0.2028869241476059,4.875001907348633,True,nat
19,chosen,S2_tfidf,-3.711125986598403,-0.8749904632568359,False,char-level
19,chosen,S1_qwen06,-3.516214370727539,2.625001907348633,False,char-level
19,chosen,S5_lg3_1b,-0.34375,-2.749988555908203,False,encoding
19,chosen,S3_probe,-7.244021415710449,2.5000038146972656,True,encoding
19,chosen,S4_deberta,-5.289496898651123,3.375001907348633,False,char-level
19,orig,S2_tfidf,-1.9987922013974337,3.375001907348633,False,none
19,nat0,S2_tfidf,-0.9526060086429373,2.0000038146972656,True,nat
19,nat1,S2_tfidf,-2.4357412308371984,3.750001907348633,True,nat
19,nat2,S2_tfidf,-1.8646142002112784,-0.24999427795410156,False,nat
19,nat3,S2_tfidf,0.2827978902181536,2.7500038146972656,True,nat
19,nat4,S2_tfidf,-3.0635513856456935,0.6250057220458984,False,nat
19,nat5,S2_tfidf,-1.8753092879657953,2.625001907348633,False,nat
19,nat6,S2_tfidf,-1.4560717485622525,-0.6249942779541016,True,nat
19,nat7,S2_tfidf,-0.15224680458634343,2.0000038146972656,True,nat
19,nat8,S2_tfidf,-2.6877381850743465,6.0,True,nat
19,nat9,S2_tfidf,-2.006206971711912,1.0000038146972656,False,nat
19,orig,S1_qwen06,-2.5415573120117188,3.375001907348633,False,none
19,nat0,S1_qwen06,-1.176910400390625,2.0000038146972656,True,nat
19,nat1,S1_qwen06,-2.125011444091797,3.750001907348633,True,nat
19,nat2,S1_qwen06,-1.6759300231933594,-0.24999427795410156,False,nat
19,nat3,S1_qwen06,-1.234212875366211,2.7500038146972656,True,nat
19,nat4,S1_qwen06,-0.5840473175048828,0.6250057220458984,False,nat
19,nat5,S1_qwen06,-3.531839370727539,2.625001907348633,False,nat
19,nat6,S1_qwen06,-2.8241500854492188,-0.6249942779541016,True,nat
19,nat7,S1_qwen06,-1.494293212890625,2.0000038146972656,True,nat
19,nat8,S1_qwen06,-1.4041671752929688,6.0,True,nat
19,nat9,S1_qwen06,-1.7269954681396484,1.0000038146972656,False,nat
19,orig,S5_lg3_1b,3.1875,3.375001907348633,False,none
19,nat0,S5_lg3_1b,1.390625,2.0000038146972656,True,nat
19,nat1,S5_lg3_1b,4.375,3.750001907348633,True,nat
19,nat2,S5_lg3_1b,1.828125,-0.24999427795410156,False,nat
19,nat3,S5_lg3_1b,4.40625,2.7500038146972656,True,nat
19,nat4,S5_lg3_1b,1.5625,0.6250057220458984,False,nat
19,nat5,S5_lg3_1b,2.171875,2.625001907348633,False,nat
19,nat6,S5_lg3_1b,0.3125,-0.6249942779541016,True,nat
19,nat7,S5_lg3_1b,3.765625,2.0000038146972656,True,nat
19,nat8,S5_lg3_1b,7.625,6.0,True,nat
19,nat9,S5_lg3_1b,1.78125,1.0000038146972656,False,nat
19,orig,S3_probe,-5.491735458374023,3.375001907348633,False,none
19,nat0,S3_probe,0.3676968514919281,2.0000038146972656,True,nat
19,nat1,S3_probe,-0.3303126394748688,3.750001907348633,True,nat
19,nat2,S3_probe,-1.7447336912155151,-0.24999427795410156,False,nat
19,nat3,S3_probe,0.056078046560287476,2.7500038146972656,True,nat
19,nat4,S3_probe,-0.34734049439430237,0.6250057220458984,False,nat
19,nat5,S3_probe,2.4679927825927734,2.625001907348633,False,nat
19,nat6,S3_probe,-3.915724754333496,-0.6249942779541016,True,nat
19,nat7,S3_probe,-1.3465059995651245,2.0000038146972656,True,nat
19,nat8,S3_probe,-0.6552037000656128,6.0,True,nat
19,nat9,S3_probe,-6.921286106109619,1.0000038146972656,False,nat
19,orig,S4_deberta,-5.28949499130249,3.375001907348633,False,none
19,nat0,S4_deberta,-3.9831714630126953,2.0000038146972656,True,nat
19,nat1,S4_deberta,-1.3230922222137451,3.750001907348633,True,nat
19,nat2,S4_deberta,-4.254212379455566,-0.24999427795410156,False,nat
19,nat3,S4_deberta,-2.684492588043213,2.7500038146972656,True,nat
19,nat4,S4_deberta,-3.3677456378936768,0.6250057220458984,False,nat
19,nat5,S4_deberta,-3.9988632202148438,2.625001907348633,False,nat
19,nat6,S4_deberta,-3.7333900928497314,-0.6249942779541016,True,nat
19,nat7,S4_deberta,-3.733691692352295,2.0000038146972656,True,nat
19,nat8,S4_deberta,-4.3226518630981445,6.0,True,nat
19,nat9,S4_deberta,-3.8196043968200684,1.0000038146972656,False,nat
20,chosen,S2_tfidf,-2.3379443105710096,1.0000057220458984,False,encoding
20,chosen,S1_qwen06,-2.1967601776123047,0.12500762939453125,False,encoding
20,chosen,S5_lg3_1b,0.359375,0.12500762939453125,False,encoding
20,chosen,S3_probe,-10.643556594848633,4.625001907348633,True,encoding
20,chosen,S4_deberta,-3.6202292442321777,7.375,True,char-level
20,orig,S2_tfidf,3.5858960341893136,7.25,False,none
20,nat0,S2_tfidf,2.4666354420945202,7.125,True,nat
20,nat1,S2_tfidf,2.4156629374665775,7.125,True,nat
20,nat2,S2_tfidf,1.457294494749717,6.375,False,nat
20,nat3,S2_tfidf,1.6992577480910696,5.250001907348633,False,nat
20,nat4,S2_tfidf,3.264726919237427,5.250001907348633,False,nat
20,nat5,S2_tfidf,2.750940793506807,6.375,False,nat
20,nat6,S2_tfidf,1.7010333446164145,6.375,False,nat
20,nat7,S2_tfidf,0.6364218870200851,6.625,True,nat
20,nat8,S2_tfidf,2.243395524714484,7.5,True,nat
20,nat9,S2_tfidf,2.228081967148447,6.75,True,nat
20,orig,S1_qwen06,6.359981536865234,7.25,False,none
20,nat0,S1_qwen06,3.421283721923828,7.125,True,nat
20,nat1,S1_qwen06,4.047639846801758,7.125,True,nat
20,nat2,S1_qwen06,4.8488311767578125,6.375,False,nat
20,nat3,S1_qwen06,3.803537368774414,5.250001907348633,False,nat
20,nat4,S1_qwen06,5.877246856689453,5.250001907348633,False,nat
20,nat5,S1_qwen06,5.474586486816406,6.375,False,nat
20,nat6,S1_qwen06,3.9238033294677734,6.375,False,nat
20,nat7,S1_qwen06,4.150119781494141,6.625,True,nat
20,nat8,S1_qwen06,4.79212760925293,7.5,True,nat
20,nat9,S1_qwen06,4.35978889465332,6.75,True,nat
20,orig,S5_lg3_1b,5.078125,7.25,False,none
20,nat0,S5_lg3_1b,3.921875,7.125,True,nat
20,nat1,S5_lg3_1b,3.40625,7.125,True,nat
20,nat2,S5_lg3_1b,5.328125,6.375,False,nat
20,nat3,S5_lg3_1b,4.234375,5.250001907348633,False,nat
20,nat4,S5_lg3_1b,4.4375,5.250001907348633,False,nat
20,nat5,S5_lg3_1b,3.625,6.375,False,nat
20,nat6,S5_lg3_1b,3.8125,6.375,False,nat
20,nat7,S5_lg3_1b,4.484375,6.625,True,nat
20,nat8,S5_lg3_1b,4.359375,7.5,True,nat
20,nat9,S5_lg3_1b,4.5625,6.75,True,nat
20,orig,S3_probe,6.251687049865723,7.25,False,none
20,nat0,S3_probe,6.142677307128906,7.125,True,nat
20,nat1,S3_probe,7.46854305267334,7.125,True,nat
20,nat2,S3_probe,8.43586254119873,6.375,False,nat
20,nat3,S3_probe,8.421915054321289,5.250001907348633,False,nat
20,nat4,S3_probe,-0.1434890329837799,5.250001907348633,False,nat
20,nat5,S3_probe,10.877559661865234,6.375,False,nat
20,nat6,S3_probe,14.500324249267578,6.375,False,nat
20,nat7,S3_probe,6.090915679931641,6.625,True,nat
20,nat8,S3_probe,10.361387252807617,7.5,True,nat
20,nat9,S3_probe,7.349365234375,6.75,True,nat
20,orig,S4_deberta,-3.2127203941345215,7.25,False,none
20,nat0,S4_deberta,-2.511594533920288,7.125,True,nat
20,nat1,S4_deberta,1.5291354656219482,7.125,True,nat
20,nat2,S4_deberta,6.69586181640625,6.375,False,nat
20,nat3,S4_deberta,3.3123972415924072,5.250001907348633,False,nat
20,nat4,S4_deberta,-0.2083776891231537,5.250001907348633,False,nat
20,nat5,S4_deberta,-1.1945606470108032,6.375,False,nat
20,nat6,S4_deberta,2.8008527755737305,6.375,False,nat
20,nat7,S4_deberta,3.850102424621582,6.625,True,nat
20,nat8,S4_deberta,-2.8005259037017822,7.5,True,nat
20,nat9,S4_deberta,3.2789418697357178,6.75,True,nat
21,chosen,S2_tfidf,-5.553050154636149,3.1250038146972656,True,char-level
21,chosen,S1_qwen06,-2.143007278442383,-1.6249885559082031,False,encoding
21,chosen,S5_lg3_1b,-0.5625,5.625001907348633,True,char-level
21,chosen,S3_probe,-10.74402904510498,3.875001907348633,False,encoding
21,chosen,S4_deberta,-4.155101299285889,5.375001907348633,False,char-level
21,orig,S2_tfidf,-1.28316180900871,7.125,False,none
21,nat0,S2_tfidf,-1.28316180900871,7.125,False,nat
21,nat1,S2_tfidf,-1.056365336312302,-1.6249885559082031,False,nat
21,nat2,S2_tfidf,-2.3941571561035047,4.750001907348633,True,nat
21,nat3,S2_tfidf,-1.9447144865266357,4.750001907348633,True,nat
21,nat4,S2_tfidf,-1.056365336312302,-1.6249885559082031,False,nat
21,nat5,S2_tfidf,-1.056365336312302,-1.6249885559082031,False,nat
21,nat6,S2_tfidf,-1.4831276308852046,6.75,False,nat
21,nat7,S2_tfidf,-3.127042356288916,4.750001907348633,False,nat
21,nat8,S2_tfidf,-4.113319832463794,3.250001907348633,True,nat
21,nat9,S2_tfidf,-3.0413991572874544,0.6250057220458984,False,nat
21,orig,S1_qwen06,6.204963684082031,7.125,False,none
21,nat0,S1_qwen06,6.220561981201172,7.125,False,nat
21,nat1,S1_qwen06,-2.143007278442383,-1.6249885559082031,False,nat
21,nat2,S1_qwen06,1.6235980987548828,4.750001907348633,True,nat
21,nat3,S1_qwen06,5.263477325439453,4.750001907348633,True,nat
21,nat4,S1_qwen06,-2.143007278442383,-1.6249885559082031,False,nat
21,nat5,S1_qwen06,-2.143007278442383,-1.6249885559082031,False,nat
21,nat6,S1_qwen06,5.735950469970703,6.75,False,nat
21,nat7,S1_qwen06,2.130767822265625,4.750001907348633,False,nat
21,nat8,S1_qwen06,0.5584678649902344,3.250001907348633,True,nat
21,nat9,S1_qwen06,-0.6925563812255859,0.6250057220458984,False,nat
21,orig,S5_lg3_1b,5.859375,7.125,False,none
21,nat0,S5_lg3_1b,5.859375,7.125,False,nat
21,nat1,S5_lg3_1b,0.21875,-1.6249885559082031,False,nat
21,nat2,S5_lg3_1b,2.921875,4.750001907348633,True,nat
21,nat3,S5_lg3_1b,4.046875,4.750001907348633,True,nat
21,nat4,S5_lg3_1b,0.21875,-1.6249885559082031,False,nat
21,nat5,S5_lg3_1b,0.21875,-1.6249885559082031,False,nat
21,nat6,S5_lg3_1b,4.828125,6.75,False,nat
21,nat7,S5_lg3_1b,4.046875,4.750001907348633,False,nat
21,nat8,S5_lg3_1b,2.671875,3.250001907348633,True,nat
21,nat9,S5_lg3_1b,1.484375,0.6250057220458984,False,nat
21,orig,S3_probe,1.4940472841262817,7.125,False,none
21,nat0,S3_probe,1.4940472841262817,7.125,False,nat
21,nat1,S3_probe,-1.80083167552948,-1.6249885559082031,False,nat
21,nat2,S3_probe,5.54677677154541,4.750001907348633,True,nat
21,nat3,S3_probe,-9.24259090423584,4.750001907348633,True,nat
21,nat4,S3_probe,-1.80083167552948,-1.6249885559082031,False,nat
21,nat5,S3_probe,-1.80083167552948,-1.6249885559082031,False,nat
21,nat6,S3_probe,3.4025163650512695,6.75,False,nat
21,nat7,S3_probe,0.49641236662864685,4.750001907348633,False,nat
21,nat8,S3_probe,0.2009316384792328,3.250001907348633,True,nat
21,nat9,S3_probe,-1.1704005002975464,0.6250057220458984,False,nat
21,orig,S4_deberta,4.127460956573486,7.125,False,none
21,nat0,S4_deberta,4.127462387084961,7.125,False,nat
21,nat1,S4_deberta,-3.090510845184326,-1.6249885559082031,False,nat
21,nat2,S4_deberta,-4.102027893066406,4.750001907348633,True,nat
21,nat3,S4_deberta,3.5513973236083984,4.750001907348633,True,nat
21,nat4,S4_deberta,-3.090510845184326,-1.6249885559082031,False,nat
21,nat5,S4_deberta,-3.090510845184326,-1.6249885559082031,False,nat
21,nat6,S4_deberta,4.596346378326416,6.75,False,nat
21,nat7,S4_deberta,-3.4052329063415527,4.750001907348633,False,nat
21,nat8,S4_deberta,-4.692291259765625,3.250001907348633,True,nat
21,nat9,S4_deberta,-3.4184491634368896,0.6250057220458984,False,nat
22,chosen,S2_tfidf,-3.774197619219117,1.5000057220458984,True,char-level
22,chosen,S1_qwen06,-1.536306381225586,1.6250057220458984,True,char-level
22,chosen,S5_lg3_1b,0.515625,2.1250038146972656,True,char-level
22,chosen,S3_probe,-10.347503662109375,5.5,True,encoding
22,chosen,S4_deberta,-3.5741100311279297,5.375001907348633,True,char-level
22,orig,S2_tfidf,2.3693159880572594,7.375,False,none
22,nat0,S2_tfidf,3.3936432930301885,6.5,True,nat
22,nat1,S2_tfidf,-1.0384639080836044,4.125001907348633,True,nat
22,nat2,S2_tfidf,-1.4166270845296893,5.000001907348633,True,nat
22,nat3,S2_tfidf,-1.753128894514326,2.5000038146972656,True,nat
22,nat4,S2_tfidf,-0.9865703028194246,3.875001907348633,True,nat
22,nat5,S2_tfidf,2.1951252106821695,4.875001907348633,True,nat
22,nat6,S2_tfidf,-1.2868844124343053,5.375001907348633,True,nat
22,nat7,S2_tfidf,0.8934392878726849,-0.12499618530273438,False,nat
22,nat8,S2_tfidf,1.8884003534737104,6.0,False,nat
22,nat9,S2_tfidf,-0.8055798880366342,4.750001907348633,True,nat
22,orig,S1_qwen06,6.609748840332031,7.375,False,none
22,nat0,S1_qwen06,2.694244384765625,6.5,True,nat
22,nat1,S1_qwen06,-0.24983978271484375,4.125001907348633,True,nat
22,nat2,S1_qwen06,2.1701431274414062,5.000001907348633,True,nat
22,nat3,S1_qwen06,0.177398681640625,2.5000038146972656,True,nat
22,nat4,S1_qwen06,0.5440464019775391,3.875001907348633,True,nat
22,nat5,S1_qwen06,3.574216842651367,4.875001907348633,True,nat
22,nat6,S1_qwen06,0.13126182556152344,5.375001907348633,True,nat
22,nat7,S1_qwen06,1.3530120849609375,-0.12499618530273438,False,nat
22,nat8,S1_qwen06,6.049551010131836,6.0,False,nat
22,nat9,S1_qwen06,-0.735107421875,4.750001907348633,True,nat
22,orig,S5_lg3_1b,9.234375,7.375,False,none
22,nat0,S5_lg3_1b,3.75,6.5,True,nat
22,nat1,S5_lg3_1b,4.265625,4.125001907348633,True,nat
22,nat2,S5_lg3_1b,4.4375,5.000001907348633,True,nat
22,nat3,S5_lg3_1b,-0.828125,2.5000038146972656,True,nat
22,nat4,S5_lg3_1b,6.453125,3.875001907348633,True,nat
22,nat5,S5_lg3_1b,4.328125,4.875001907348633,True,nat
22,nat6,S5_lg3_1b,3.65625,5.375001907348633,True,nat
22,nat7,S5_lg3_1b,5.859375,-0.12499618530273438,False,nat
22,nat8,S5_lg3_1b,8.0625,6.0,False,nat
22,nat9,S5_lg3_1b,1.5625,4.750001907348633,True,nat
22,orig,S3_probe,-0.30140963196754456,7.375,False,none
22,nat0,S3_probe,5.310492515563965,6.5,True,nat
22,nat1,S3_probe,2.664365291595459,4.125001907348633,True,nat
22,nat2,S3_probe,2.9811582565307617,5.000001907348633,True,nat
22,nat3,S3_probe,2.8005189895629883,2.5000038146972656,True,nat
22,nat4,S3_probe,6.010530471801758,3.875001907348633,True,nat
22,nat5,S3_probe,0.03250560164451599,4.875001907348633,True,nat
22,nat6,S3_probe,2.905017375946045,5.375001907348633,True,nat
22,nat7,S3_probe,5.398192405700684,-0.12499618530273438,False,nat
22,nat8,S3_probe,-2.1313469409942627,6.0,False,nat
22,nat9,S3_probe,2.86020565032959,4.750001907348633,True,nat
22,orig,S4_deberta,1.4079468250274658,7.375,False,none
22,nat0,S4_deberta,-3.087040901184082,6.5,True,nat
22,nat1,S4_deberta,-2.2101922035217285,4.125001907348633,True,nat
22,nat2,S4_deberta,-3.169015884399414,5.000001907348633,True,nat
22,nat3,S4_deberta,-3.5200681686401367,2.5000038146972656,True,nat
22,nat4,S4_deberta,1.0344407558441162,3.875001907348633,True,nat
22,nat5,S4_deberta,-2.4900970458984375,4.875001907348633,True,nat
22,nat6,S4_deberta,-3.338144302368164,5.375001907348633,True,nat
22,nat7,S4_deberta,5.189764976501465,-0.12499618530273438,False,nat
22,nat8,S4_deberta,2.9226865768432617,6.0,False,nat
22,nat9,S4_deberta,-2.3148741722106934,4.750001907348633,True,nat
23,chosen,S2_tfidf,-3.374461938445127,3.625001907348633,True,char-level
23,chosen,S1_qwen06,-1.8990707397460938,-0.37499046325683594,False,encoding
23,chosen,S5_lg3_1b,0.453125,-0.37499046325683594,False,encoding
23,chosen,S3_probe,-7.679929256439209,5.250001907348633,True,encoding
23,chosen,S4_deberta,-3.5544345378875732,8.5,True,char-level
23,orig,S2_tfidf,2.3279056551929136,8.875,False,none
23,nat0,S2_tfidf,-0.37818452980144834,5.625001907348633,False,nat
23,nat1,S2_tfidf,-0.219670567831026,7.25,True,nat
23,nat2,S2_tfidf,-0.4563768294375057,8.25,False,nat
23,nat3,S2_tfidf,-1.034402795959074,4.500001907348633,True,nat
23,nat4,S2_tfidf,-2.8443502040421387,0.8750057220458984,False,nat
23,nat5,S2_tfidf,-2.8443502040421387,0.8750057220458984,False,nat
23,nat6,S2_tfidf,-0.8423442594165134,5.250001907348633,True,nat
23,nat7,S2_tfidf,-0.6362923783272664,7.375,True,nat
23,nat8,S2_tfidf,0.09584930740006392,7.75,True,nat
23,nat9,S2_tfidf,-1.3079130489687512,7.0,True,nat
23,orig,S1_qwen06,6.718883514404297,8.875,False,none
23,nat0,S1_qwen06,6.278135299682617,5.625001907348633,False,nat
23,nat1,S1_qwen06,1.5536994934082031,7.25,True,nat
23,nat2,S1_qwen06,5.677896499633789,8.25,False,nat
23,nat3,S1_qwen06,2.601350784301758,4.500001907348633,True,nat
23,nat4,S1_qwen06,-0.5345363616943359,0.8750057220458984,False,nat
23,nat5,S1_qwen06,-0.5345363616943359,0.8750057220458984,False,nat
23,nat6,S1_qwen06,1.2168846130371094,5.250001907348633,True,nat
23,nat7,S1_qwen06,4.122852325439453,7.375,True,nat
23,nat8,S1_qwen06,5.102775573730469,7.75,True,nat
23,nat9,S1_qwen06,2.10723876953125,7.0,True,nat
23,orig,S5_lg3_1b,7.078125,8.875,False,none
23,nat0,S5_lg3_1b,3.84375,5.625001907348633,False,nat
23,nat1,S5_lg3_1b,2.921875,7.25,True,nat
23,nat2,S5_lg3_1b,6.171875,8.25,False,nat
23,nat3,S5_lg3_1b,3.546875,4.500001907348633,True,nat
23,nat4,S5_lg3_1b,1.734375,0.8750057220458984,False,nat
23,nat5,S5_lg3_1b,1.734375,0.8750057220458984,False,nat
23,nat6,S5_lg3_1b,3.8125,5.250001907348633,True,nat
23,nat7,S5_lg3_1b,4.78125,7.375,True,nat
23,nat8,S5_lg3_1b,5.125,7.75,True,nat
23,nat9,S5_lg3_1b,5.25,7.0,True,nat
23,orig,S3_probe,6.739950180053711,8.875,False,none
23,nat0,S3_probe,-9.994157791137695,5.625001907348633,False,nat
23,nat1,S3_probe,6.428101062774658,7.25,True,nat
23,nat2,S3_probe,11.994022369384766,8.25,False,nat
23,nat3,S3_probe,11.434904098510742,4.500001907348633,True,nat
23,nat4,S3_probe,-0.8955091238021851,0.8750057220458984,False,nat
23,nat5,S3_probe,-0.8955091238021851,0.8750057220458984,False,nat
23,nat6,S3_probe,6.0077900886535645,5.250001907348633,True,nat
23,nat7,S3_probe,9.022906303405762,7.375,True,nat
23,nat8,S3_probe,10.778154373168945,7.75,True,nat
23,nat9,S3_probe,10.575531959533691,7.0,True,nat
23,orig,S4_deberta,6.308818817138672,8.875,False,none
23,nat0,S4_deberta,5.900328636169434,5.625001907348633,False,nat
23,nat1,S4_deberta,-3.2109527587890625,7.25,True,nat
23,nat2,S4_deberta,6.301259994506836,8.25,False,nat
23,nat3,S4_deberta,-3.090574264526367,4.500001907348633,True,nat
23,nat4,S4_deberta,-3.239671468734741,0.8750057220458984,False,nat
23,nat5,S4_deberta,-3.239671468734741,0.8750057220458984,False,nat
23,nat6,S4_deberta,-2.9429752826690674,5.250001907348633,True,nat
23,nat7,S4_deberta,-1.7903457880020142,7.375,True,nat
23,nat8,S4_deberta,6.180549144744873,7.75,True,nat
23,nat9,S4_deberta,-2.750263214111328,7.0,True,nat
24,chosen,S2_tfidf,-2.4228537387056504,2.7500038146972656,True,char-level
24,chosen,S1_qwen06,-2.126462936401367,-0.49999046325683594,False,encoding
24,chosen,S5_lg3_1b,-1.359375,7.125,True,char-level
24,chosen,S3_probe,-10.669066429138184,4.000003814697266,True,encoding
24,chosen,S4_deberta,-4.091242790222168,2.7500038146972656,True,char-level
24,orig,S2_tfidf,1.6097476235653183,7.75,False,none
24,nat0,S2_tfidf,1.1041218227074496,4.625001907348633,True,nat
24,nat1,S2_tfidf,0.9003233344988881,6.875,True,nat
24,nat2,S2_tfidf,-0.22293475040658683,7.000001907348633,True,nat
24,nat3,S2_tfidf,1.1211035417228514,3.2500038146972656,False,nat
24,nat4,S2_tfidf,2.5671508412657342,7.875,True,nat
24,nat5,S2_tfidf,-0.7225584101568863,4.000001907348633,True,nat
24,nat6,S2_tfidf,-1.497856661076044,4.000001907348633,True,nat
24,nat7,S2_tfidf,1.044443828149532,6.875,False,nat
24,nat8,S2_tfidf,0.00010316719114777939,7.0,False,nat
24,nat9,S2_tfidf,-2.554615215405617,0.8750057220458984,False,nat
24,orig,S1_qwen06,7.142436981201172,7.75,False,none
24,nat0,S1_qwen06,0.38530540466308594,4.625001907348633,True,nat
24,nat1,S1_qwen06,3.8564453125,6.875,True,nat
24,nat2,S1_qwen06,1.491678237915039,7.000001907348633,True,nat
24,nat3,S1_qwen06,3.7772903442382812,3.2500038146972656,False,nat
24,nat4,S1_qwen06,2.310314178466797,7.875,True,nat
24,nat5,S1_qwen06,-0.6968612670898438,4.000001907348633,True,nat
24,nat6,S1_qwen06,0.7146930694580078,4.000001907348633,True,nat
24,nat7,S1_qwen06,6.458961486816406,6.875,False,nat
24,nat8,S1_qwen06,5.238712310791016,7.0,False,nat
24,nat9,S1_qwen06,-0.7144107818603516,0.8750057220458984,False,nat
24,orig,S5_lg3_1b,6.59375,7.75,False,none
24,nat0,S5_lg3_1b,1.296875,4.625001907348633,True,nat
24,nat1,S5_lg3_1b,4.65625,6.875,True,nat
24,nat2,S5_lg3_1b,0.15625,7.000001907348633,True,nat
24,nat3,S5_lg3_1b,4.796875,3.2500038146972656,False,nat
24,nat4,S5_lg3_1b,0.703125,7.875,True,nat
24,nat5,S5_lg3_1b,-0.421875,4.000001907348633,True,nat
24,nat6,S5_lg3_1b,1.40625,4.000001907348633,True,nat
24,nat7,S5_lg3_1b,5.890625,6.875,False,nat
24,nat8,S5_lg3_1b,5.234375,7.0,False,nat
24,nat9,S5_lg3_1b,1.484375,0.8750057220458984,False,nat
24,orig,S3_probe,3.8676300048828125,7.75,False,none
24,nat0,S3_probe,2.5006046295166016,4.625001907348633,True,nat
24,nat1,S3_probe,3.517374038696289,6.875,True,nat
24,nat2,S3_probe,2.074368476867676,7.000001907348633,True,nat
24,nat3,S3_probe,1.0847488641738892,3.2500038146972656,False,nat
24,nat4,S3_probe,5.192115783691406,7.875,True,nat
24,nat5,S3_probe,4.231321334838867,4.000001907348633,True,nat
24,nat6,S3_probe,4.4726972579956055,4.000001907348633,True,nat
24,nat7,S3_probe,4.256516933441162,6.875,False,nat
24,nat8,S3_probe,15.040596008300781,7.0,False,nat
24,nat9,S3_probe,-3.425225257873535,0.8750057220458984,False,nat
24,orig,S4_deberta,5.248464584350586,7.75,False,none
24,nat0,S4_deberta,-1.1033380031585693,4.625001907348633,True,nat
24,nat1,S4_deberta,-3.4931564331054688,6.875,True,nat
24,nat2,S4_deberta,-2.621920108795166,7.000001907348633,True,nat
24,nat3,S4_deberta,4.4536309242248535,3.2500038146972656,False,nat
24,nat4,S4_deberta,-3.021465301513672,7.875,True,nat
24,nat5,S4_deberta,-1.742081880569458,4.000001907348633,True,nat
24,nat6,S4_deberta,-2.1087706089019775,4.000001907348633,True,nat
24,nat7,S4_deberta,3.9394595623016357,6.875,False,nat
24,nat8,S4_deberta,6.95631217956543,7.0,False,nat
24,nat9,S4_deberta,-3.315852403640747,0.8750057220458984,False,nat
25,chosen,S2_tfidf,-2.000099750170384,-0.9999904632568359,True,char-level
25,chosen,S1_qwen06,-2.144804000854492,-0.49999237060546875,False,encoding
25,chosen,S5_lg3_1b,-2.78125,0.8750038146972656,True,char-level
25,chosen,S3_probe,-9.687616348266602,5.5,True,encoding
25,chosen,S4_deberta,-2.8521785736083984,-0.37499237060546875,False,encoding
25,orig,S2_tfidf,2.883122156419466,7.0,False,none
25,nat0,S2_tfidf,2.505721067151441,2.000001907348633,True,nat
25,nat1,S2_tfidf,1.0622509411836834,2.2500038146972656,False,nat
25,nat2,S2_tfidf,-2.9726037041337676,1.0000057220458984,False,nat
25,nat3,S2_tfidf,2.883122156419466,7.125,False,nat
25,nat4,S2_tfidf,2.00798976406125,6.75,False,nat
25,nat5,S2_tfidf,1.3789701906066087,7.0,False,nat
25,nat6,S2_tfidf,1.1481242332706725,-1.1249923706054688,False,nat
25,nat7,S2_tfidf,2.00798976406125,6.75,False,nat
25,nat8,S2_tfidf,-0.6000912523654024,5.25,False,nat
25,nat9,S2_tfidf,2.883122156419466,7.125,False,nat
25,orig,S1_qwen06,6.517173767089844,7.0,False,none
25,nat0,S1_qwen06,1.1059589385986328,2.000001907348633,True,nat
25,nat1,S1_qwen06,5.359682083129883,2.2500038146972656,False,nat
25,nat2,S1_qwen06,-1.070688247680664,1.0000057220458984,False,nat
25,nat3,S1_qwen06,6.517173767089844,7.125,False,nat
25,nat4,S1_qwen06,6.152942657470703,6.75,False,nat
25,nat5,S1_qwen06,5.315025329589844,7.0,False,nat
25,nat6,S1_qwen06,0.8099555969238281,-1.1249923706054688,False,nat
25,nat7,S1_qwen06,6.152942657470703,6.75,False,nat
25,nat8,S1_qwen06,5.600658416748047,5.25,False,nat
25,nat9,S1_qwen06,6.517173767089844,7.125,False,nat
25,orig,S5_lg3_1b,12.6875,7.0,False,none
25,nat0,S5_lg3_1b,4.234375,2.000001907348633,True,nat
25,nat1,S5_lg3_1b,4.4375,2.2500038146972656,False,nat
25,nat2,S5_lg3_1b,1.25,1.0000057220458984,False,nat
25,nat3,S5_lg3_1b,12.6875,7.125,False,nat
25,nat4,S5_lg3_1b,9.5,6.75,False,nat
25,nat5,S5_lg3_1b,10.0,7.0,False,nat
25,nat6,S5_lg3_1b,3.71875,-1.1249923706054688,False,nat
25,nat7,S5_lg3_1b,9.5,6.75,False,nat
25,nat8,S5_lg3_1b,5.28125,5.25,False,nat
25,nat9,S5_lg3_1b,12.6875,7.125,False,nat
25,orig,S3_probe,4.440650939941406,7.0,False,none
25,nat0,S3_probe,4.38014030456543,2.000001907348633,True,nat
25,nat1,S3_probe,4.079437732696533,2.2500038146972656,False,nat
25,nat2,S3_probe,-2.8615550994873047,1.0000057220458984,False,nat
25,nat3,S3_probe,4.440650939941406,7.125,False,nat
25,nat4,S3_probe,3.0643057823181152,6.75,False,nat
25,nat5,S3_probe,13.304624557495117,7.0,False,nat
25,nat6,S3_probe,4.465993881225586,-1.1249923706054688,False,nat
25,nat7,S3_probe,3.064304828643799,6.75,False,nat
25,nat8,S3_probe,-9.1602201461792,5.25,False,nat
25,nat9,S3_probe,4.440645217895508,7.125,False,nat
25,orig,S4_deberta,6.778130054473877,7.0,False,none
25,nat0,S4_deberta,6.520146369934082,2.000001907348633,True,nat
25,nat1,S4_deberta,-1.5961867570877075,2.2500038146972656,False,nat
25,nat2,S4_deberta,-3.368354320526123,1.0000057220458984,False,nat
25,nat3,S4_deberta,6.778130531311035,7.125,False,nat
25,nat4,S4_deberta,4.452889919281006,6.75,False,nat
25,nat5,S4_deberta,6.584526538848877,7.0,False,nat
25,nat6,S4_deberta,4.3303070068359375,-1.1249923706054688,False,nat
25,nat7,S4_deberta,4.452889919281006,6.75,False,nat
25,nat8,S4_deberta,4.130465030670166,5.25,False,nat
25,nat9,S4_deberta,6.778130531311035,7.125,False,nat
26,chosen,S2_tfidf,-2.216942133326219,0.8750057220458984,False,encoding
26,chosen,S1_qwen06,-1.6646957397460938,-0.12499046325683594,False,encoding
26,chosen,S5_lg3_1b,-2.765625,6.250001907348633,True,char-level
26,chosen,S3_probe,-10.870615005493164,-0.12499427795410156,False,encoding
26,chosen,S4_deberta,-3.1354987621307373,5.625001907348633,False,char-level
26,orig,S2_tfidf,3.9979499403888648,3.375001907348633,False,none
26,nat0,S2_tfidf,1.3023732694780954,5.000001907348633,False,nat
26,nat1,S2_tfidf,1.9374747151459972,5.125001907348633,False,nat
26,nat2,S2_tfidf,3.9979499403888648,3.250001907348633,False,nat
26,nat3,S2_tfidf,1.6264549969169801,-0.12499427795410156,False,nat
26,nat4,S2_tfidf,0.44811124630896426,3.750001907348633,False,nat
26,nat5,S2_tfidf,3.9979499403888648,3.250001907348633,False,nat
26,nat6,S2_tfidf,2.0460907606043195,3.3750038146972656,True,nat
26,nat7,S2_tfidf,1.0210870602445004,5.125001907348633,False,nat
26,nat8,S2_tfidf,0.592612941410475,6.000001907348633,True,nat
26,nat9,S2_tfidf,1.6264549969169801,-0.12499427795410156,False,nat
26,orig,S1_qwen06,5.150209426879883,3.375001907348633,False,none
26,nat0,S1_qwen06,1.9272041320800781,5.000001907348633,False,nat
26,nat1,S1_qwen06,0.8456783294677734,5.125001907348633,False,nat
26,nat2,S1_qwen06,5.163881301879883,3.250001907348633,False,nat
26,nat3,S1_qwen06,4.090427398681641,-0.12499427795410156,False,nat
26,nat4,S1_qwen06,2.761615753173828,3.750001907348633,False,nat
26,nat5,S1_qwen06,5.163881301879883,3.250001907348633,False,nat
26,nat6,S1_qwen06,2.678619384765625,3.3750038146972656,True,nat
26,nat7,S1_qwen06,1.5203189849853516,5.125001907348633,False,nat
26,nat8,S1_qwen06,1.6713314056396484,6.000001907348633,True,nat
26,nat9,S1_qwen06,4.090427398681641,-0.12499427795410156,False,nat
26,orig,S5_lg3_1b,5.328125,3.375001907348633,False,none
26,nat0,S5_lg3_1b,4.25,5.000001907348633,False,nat
26,nat1,S5_lg3_1b,2.390625,5.125001907348633,False,nat
26,nat2,S5_lg3_1b,5.3125,3.250001907348633,False,nat
26,nat3,S5_lg3_1b,3.234375,-0.12499427795410156,False,nat
26,nat4,S5_lg3_1b,6.09375,3.750001907348633,False,nat
26,nat5,S5_lg3_1b,5.3125,3.250001907348633,False,nat
26,nat6,S5_lg3_1b,2.875,3.3750038146972656,True,nat
26,nat7,S5_lg3_1b,-1.71875,5.125001907348633,False,nat
26,nat8,S5_lg3_1b,4.25,6.000001907348633,True,nat
26,nat9,S5_lg3_1b,3.234375,-0.12499427795410156,False,nat
26,orig,S3_probe,4.301312446594238,3.375001907348633,False,none
26,nat0,S3_probe,8.937849044799805,5.000001907348633,False,nat
26,nat1,S3_probe,13.664223670959473,5.125001907348633,False,nat
26,nat2,S3_probe,4.301312446594238,3.250001907348633,False,nat
26,nat3,S3_probe,-10.870615005493164,-0.12499427795410156,False,nat
26,nat4,S3_probe,10.589649200439453,3.750001907348633,False,nat
26,nat5,S3_probe,4.301312446594238,3.250001907348633,False,nat
26,nat6,S3_probe,8.460461616516113,3.3750038146972656,True,nat
26,nat7,S3_probe,7.828887939453125,5.125001907348633,False,nat
26,nat8,S3_probe,8.770727157592773,6.000001907348633,True,nat
26,nat9,S3_probe,-10.870615005493164,-0.12499427795410156,False,nat
26,orig,S4_deberta,5.012301921844482,3.375001907348633,False,none
26,nat0,S4_deberta,5.48109245300293,5.000001907348633,False,nat
26,nat1,S4_deberta,5.879717826843262,5.125001907348633,False,nat
26,nat2,S4_deberta,5.012304306030273,3.250001907348633,False,nat
26,nat3,S4_deberta,-1.5341212749481201,-0.12499427795410156,False,nat
26,nat4,S4_deberta,4.566422462463379,3.750001907348633,False,nat
26,nat5,S4_deberta,5.012304306030273,3.250001907348633,False,nat
26,nat6,S4_deberta,-2.3900413513183594,3.3750038146972656,True,nat
26,nat7,S4_deberta,5.262411117553711,5.125001907348633,False,nat
26,nat8,S4_deberta,-1.5132291316986084,6.000001907348633,True,nat
26,nat9,S4_deberta,-1.5341212749481201,-0.12499427795410156,False,nat
27,chosen,S2_tfidf,-3.7200569640314356,0.5000057220458984,False,char-level
27,chosen,S1_qwen06,-2.4451160430908203,-1.2499885559082031,False,encoding
27,chosen,S5_lg3_1b,-1.1875,7.5,True,char-level
27,chosen,S3_probe,-9.828150749206543,5.500001907348633,False,encoding
27,chosen,S4_deberta,-4.4083123207092285,3.0000038146972656,False,char-level
27,orig,S2_tfidf,3.224987827218281,9.375,False,none
27,nat0,S2_tfidf,0.4693867613588214,6.000001907348633,True,nat
27,nat1,S2_tfidf,-1.9965188596297305,3.7500038146972656,True,nat
27,nat2,S2_tfidf,0.4693867613588214,6.000001907348633,True,nat
27,nat3,S2_tfidf,-2.471182449213278,0.8750057220458984,False,nat
27,nat4,S2_tfidf,-2.471182449213278,0.8750057220458984,False,nat
27,nat5,S2_tfidf,-1.1673402757584321,-1.124990463256836,False,nat
27,nat6,S2_tfidf,-1.1559185112271815,5.375001907348633,True,nat
27,nat7,S2_tfidf,-1.6661338750526387,3.875001907348633,False,nat
27,nat8,S2_tfidf,-2.471182449213278,0.8750057220458984,False,nat
27,nat9,S2_tfidf,2.127262193079309,8.5,False,nat
27,orig,S1_qwen06,6.845207214355469,9.375,False,none
27,nat0,S1_qwen06,6.166070938110352,6.000001907348633,True,nat
27,nat1,S1_qwen06,-0.33977508544921875,3.7500038146972656,True,nat
27,nat2,S1_qwen06,6.166070938110352,6.000001907348633,True,nat
27,nat3,S1_qwen06,-0.8130321502685547,0.8750057220458984,False,nat
27,nat4,S1_qwen06,-0.8130321502685547,0.8750057220458984,False,nat
27,nat5,S1_qwen06,-2.45989990234375,-1.124990463256836,False,nat
27,nat6,S1_qwen06,0.5903358459472656,5.375001907348633,True,nat
27,nat7,S1_qwen06,3.3452720642089844,3.875001907348633,False,nat
27,nat8,S1_qwen06,-0.8130321502685547,0.8750057220458984,False,nat
27,nat9,S1_qwen06,5.941707611083984,8.5,False,nat
27,orig,S5_lg3_1b,6.96875,9.375,False,none
27,nat0,S5_lg3_1b,3.3125,6.000001907348633,True,nat
27,nat1,S5_lg3_1b,0.71875,3.7500038146972656,True,nat
27,nat2,S5_lg3_1b,3.3125,6.000001907348633,True,nat
27,nat3,S5_lg3_1b,1.34375,0.8750057220458984,False,nat
27,nat4,S5_lg3_1b,1.34375,0.8750057220458984,False,nat
27,nat5,S5_lg3_1b,-0.1875,-1.124990463256836,False,nat
27,nat6,S5_lg3_1b,4.625,5.375001907348633,True,nat
27,nat7,S5_lg3_1b,3.890625,3.875001907348633,False,nat
27,nat8,S5_lg3_1b,1.34375,0.8750057220458984,False,nat
27,nat9,S5_lg3_1b,5.90625,8.5,False,nat
27,orig,S3_probe,4.736904144287109,9.375,False,none
27,nat0,S3_probe,-9.531704902648926,6.000001907348633,True,nat
27,nat1,S3_probe,-2.6684722900390625,3.7500038146972656,True,nat
27,nat2,S3_probe,-9.531097412109375,6.000001907348633,True,nat
27,nat3,S3_probe,-2.744797706604004,0.8750057220458984,False,nat
27,nat4,S3_probe,-2.744797706604004,0.8750057220458984,False,nat
27,nat5,S3_probe,-0.40712252259254456,-1.124990463256836,False,nat
27,nat6,S3_probe,2.714506149291992,5.375001907348633,True,nat
27,nat7,S3_probe,8.82048225402832,3.875001907348633,False,nat
27,nat8,S3_probe,-2.744797706604004,0.8750057220458984,False,nat
27,nat9,S3_probe,7.823723793029785,8.5,False,nat
27,orig,S4_deberta,4.485620498657227,9.375,False,none
27,nat0,S4_deberta,3.269101142883301,6.000001907348633,True,nat
27,nat1,S4_deberta,-2.845128059387207,3.7500038146972656,True,nat
27,nat2,S4_deberta,3.269101142883301,6.000001907348633,True,nat
27,nat3,S4_deberta,-3.255488157272339,0.8750057220458984,False,nat
27,nat4,S4_deberta,-3.255488157272339,0.8750057220458984,False,nat
27,nat5,S4_deberta,-3.026163101196289,-1.124990463256836,False,nat
27,nat6,S4_deberta,-4.07587194442749,5.375001907348633,True,nat
27,nat7,S4_deberta,-2.7411892414093018,3.875001907348633,False,nat
27,nat8,S4_deberta,-3.255488157272339,0.8750057220458984,False,nat
27,nat9,S4_deberta,4.655245780944824,8.5,False,nat
28,chosen,S2_tfidf,-4.237890729747305,5.500001907348633,False,char-level
28,chosen,S1_qwen06,-1.8920879364013672,-0.7499904632568359,False,encoding
28,chosen,S5_lg3_1b,-0.453125,2.0000038146972656,True,char-level
28,chosen,S3_probe,-10.267322540283203,4.625001907348633,False,encoding
28,chosen,S4_deberta,-3.8090879917144775,7.75,True,char-level
28,orig,S2_tfidf,3.3338909871161535,8.375,False,none
28,nat0,S2_tfidf,-2.565893534876973,0.7500057220458984,False,nat
28,nat1,S2_tfidf,-4.347005542963897,3.2500038146972656,False,nat
28,nat2,S2_tfidf,0.21226793192634497,4.750001907348633,False,nat
28,nat3,S2_tfidf,0.47933295987214786,6.000001907348633,True,nat
28,nat4,S2_tfidf,0.22786963081729872,5.375001907348633,True,nat
28,nat5,S2_tfidf,0.10140278900322497,4.750001907348633,True,nat
28,nat6,S2_tfidf,1.9827040856659746,5.875001907348633,False,nat
28,nat7,S2_tfidf,4.681922674194476,7.375,True,nat
28,nat8,S2_tfidf,3.0950081139156573,6.000001907348633,True,nat
28,nat9,S2_tfidf,-1.2442568081033327,-0.7499904632568359,False,nat
28,orig,S1_qwen06,8.031661987304688,8.375,False,none
28,nat0,S1_qwen06,-0.2642498016357422,0.7500057220458984,False,nat
28,nat1,S1_qwen06,0.6255645751953125,3.2500038146972656,False,nat
28,nat2,S1_qwen06,2.2304153442382812,4.750001907348633,False,nat
28,nat3,S1_qwen06,4.442813873291016,6.000001907348633,True,nat
28,nat4,S1_qwen06,0.47670745849609375,5.375001907348633,True,nat
28,nat5,S1_qwen06,3.293121337890625,4.750001907348633,True,nat
28,nat6,S1_qwen06,3.8119583129882812,5.875001907348633,False,nat
28,nat7,S1_qwen06,3.126405715942383,7.375,True,nat
28,nat8,S1_qwen06,2.7013912200927734,6.000001907348633,True,nat
28,nat9,S1_qwen06,-1.9067802429199219,-0.7499904632568359,False,nat
28,orig,S5_lg3_1b,7.15625,8.375,False,none
28,nat0,S5_lg3_1b,1.484375,0.7500057220458984,False,nat
28,nat1,S5_lg3_1b,0.359375,3.2500038146972656,False,nat
28,nat2,S5_lg3_1b,3.6875,4.750001907348633,False,nat
28,nat3,S5_lg3_1b,6.546875,6.000001907348633,True,nat
28,nat4,S5_lg3_1b,-0.71875,5.375001907348633,True,nat
28,nat5,S5_lg3_1b,4.3125,4.750001907348633,True,nat
28,nat6,S5_lg3_1b,5.78125,5.875001907348633,False,nat
28,nat7,S5_lg3_1b,7.640625,7.375,True,nat
28,nat8,S5_lg3_1b,0.921875,6.000001907348633,True,nat
28,nat9,S5_lg3_1b,0.09375,-0.7499904632568359,False,nat
28,orig,S3_probe,2.3353586196899414,8.375,False,none
28,nat0,S3_probe,-4.23353910446167,0.7500057220458984,False,nat
28,nat1,S3_probe,4.880035400390625,3.2500038146972656,False,nat
28,nat2,S3_probe,-6.097298622131348,4.750001907348633,False,nat
28,nat3,S3_probe,6.184925079345703,6.000001907348633,True,nat
28,nat4,S3_probe,-0.1174258291721344,5.375001907348633,True,nat
28,nat5,S3_probe,2.643535614013672,4.750001907348633,True,nat
28,nat6,S3_probe,-0.8142479658126831,5.875001907348633,False,nat
28,nat7,S3_probe,6.063779830932617,7.375,True,nat
28,nat8,S3_probe,3.526784896850586,6.000001907348633,True,nat
28,nat9,S3_probe,-3.555698871612549,-0.7499904632568359,False,nat
28,orig,S4_deberta,5.708583831787109,8.375,False,none
28,nat0,S4_deberta,-3.345550537109375,0.7500057220458984,False,nat
28,nat1,S4_deberta,1.2861357927322388,3.2500038146972656,False,nat
28,nat2,S4_deberta,6.390059471130371,4.750001907348633,False,nat
28,nat3,S4_deberta,-2.800924062728882,6.000001907348633,True,nat
28,nat4,S4_deberta,-3.745699882507324,5.375001907348633,True,nat
28,nat5,S4_deberta,-2.9833874702453613,4.750001907348633,True,nat
28,nat6,S4_deberta,6.264678001403809,5.875001907348633,False,nat
28,nat7,S4_deberta,-3.3566818237304688,7.375,True,nat
28,nat8,S4_deberta,-2.990790843963623,6.000001907348633,True,nat
28,nat9,S4_deberta,-3.021512985229492,-0.7499904632568359,False,nat
29,chosen,S2_tfidf,-2.655119901862536,4.500001907348633,True,char-level
29,chosen,S1_qwen06,-1.7475395202636719,-0.8749904632568359,False,encoding
29,chosen,S5_lg3_1b,-5.03125,1.2500057220458984,False,char-level
29,chosen,S3_probe,-9.603899002075195,1.0000076293945312,True,encoding
29,chosen,S4_deberta,-4.315937042236328,1.2500057220458984,False,char-level
29,orig,S2_tfidf,-1.5510884341070077,1.2500057220458984,False,none
29,nat0,S2_tfidf,-1.7936215713417392,4.250001907348633,False,nat
29,nat1,S2_tfidf,-0.6422998138654997,-0.37499237060546875,False,nat
29,nat2,S2_tfidf,-1.5510884341070077,1.2500057220458984,False,nat
29,nat3,S2_tfidf,-1.468398405091857,3.1250038146972656,False,nat
29,nat4,S2_tfidf,-1.1133201915437325,-0.8749885559082031,False,nat
29,nat5,S2_tfidf,-1.0842596369003987,2.8750038146972656,False,nat
29,nat6,S2_tfidf,-1.6117895719329298,4.875001907348633,True,nat
29,nat7,S2_tfidf,-1.2031434145025648,3.5000038146972656,True,nat
29,nat8,S2_tfidf,-1.7263991181429297,4.500001907348633,True,nat
29,nat9,S2_tfidf,-2.3838368728314414,2.8750038146972656,True,nat
29,orig,S1_qwen06,4.595708847045898,1.2500057220458984,False,none
29,nat0,S1_qwen06,0.6063117980957031,4.250001907348633,False,nat
29,nat1,S1_qwen06,2.740144729614258,-0.37499237060546875,False,nat
29,nat2,S1_qwen06,4.6089630126953125,1.2500057220458984,False,nat
29,nat3,S1_qwen06,1.7253799438476562,3.1250038146972656,False,nat
29,nat4,S1_qwen06,-1.7319145202636719,-0.8749885559082031,False,nat
29,nat5,S1_qwen06,3.7349376678466797,2.8750038146972656,False,nat
29,nat6,S1_qwen06,-0.07607269287109375,4.875001907348633,True,nat
29,nat7,S1_qwen06,0.8477191925048828,3.5000038146972656,True,nat
29,nat8,S1_qwen06,1.0731792449951172,4.500001907348633,True,nat
29,nat9,S1_qwen06,0.8836650848388672,2.8750038146972656,True,nat
29,orig,S5_lg3_1b,-5.0,1.2500057220458984,False,none
29,nat0,S5_lg3_1b,1.28125,4.250001907348633,False,nat
29,nat1,S5_lg3_1b,-1.234375,-0.37499237060546875,False,nat
29,nat2,S5_lg3_1b,-5.0,1.2500057220458984,False,nat
29,nat3,S5_lg3_1b,0.984375,3.1250038146972656,False,nat
29,nat4,S5_lg3_1b,0.515625,-0.8749885559082031,False,nat
29,nat5,S5_lg3_1b,0.84375,2.8750038146972656,False,nat
29,nat6,S5_lg3_1b,2.109375,4.875001907348633,True,nat
29,nat7,S5_lg3_1b,3.140625,3.5000038146972656,True,nat
29,nat8,S5_lg3_1b,-0.171875,4.500001907348633,True,nat
29,nat9,S5_lg3_1b,3.921875,2.8750038146972656,True,nat
29,orig,S3_probe,-0.4483698904514313,1.2500057220458984,False,none
29,nat0,S3_probe,4.484748840332031,4.250001907348633,False,nat
29,nat1,S3_probe,0.5277236700057983,-0.37499237060546875,False,nat
29,nat2,S3_probe,-0.4483698904514313,1.2500057220458984,False,nat
29,nat3,S3_probe,1.060857892036438,3.1250038146972656,False,nat
29,nat4,S3_probe,-1.3238848447799683,-0.8749885559082031,False,nat
29,nat5,S3_probe,4.045040130615234,2.8750038146972656,False,nat
29,nat6,S3_probe,3.5003914833068848,4.875001907348633,True,nat
29,nat7,S3_probe,2.999173641204834,3.5000038146972656,True,nat
29,nat8,S3_probe,3.0699777603149414,4.500001907348633,True,nat
29,nat9,S3_probe,1.4430466890335083,2.8750038146972656,True,nat
29,orig,S4_deberta,-4.315937042236328,1.2500057220458984,False,none
29,nat0,S4_deberta,-1.4875670671463013,4.250001907348633,False,nat
29,nat1,S4_deberta,-2.5762534141540527,-0.37499237060546875,False,nat
29,nat2,S4_deberta,-4.315937042236328,1.2500057220458984,False,nat
29,nat3,S4_deberta,-2.270587682723999,3.1250038146972656,False,nat
29,nat4,S4_deberta,-2.9051613807678223,-0.8749885559082031,False,nat
29,nat5,S4_deberta,-0.3927479386329651,2.8750038146972656,False,nat
29,nat6,S4_deberta,-2.569725275039673,4.875001907348633,True,nat
29,nat7,S4_deberta,-0.12920059263706207,3.5000038146972656,True,nat
29,nat8,S4_deberta,-3.1081504821777344,4.500001907348633,True,nat
29,nat9,S4_deberta,-3.2919397354125977,2.8750038146972656,True,nat
30,chosen,S2_tfidf,-3.543687849675928,5.250001907348633,False,char-level
30,chosen,S1_qwen06,-2.1977672576904297,-0.37499237060546875,False,encoding
30,chosen,S5_lg3_1b,-2.65625,5.375001907348633,True,char-level
30,chosen,S3_probe,-8.567686080932617,2.8750038146972656,True,encoding
30,chosen,S4_deberta,-3.2755863666534424,2.6250038146972656,True,char-level
30,orig,S2_tfidf,-1.7075867311602033,6.25,False,none
30,nat0,S2_tfidf,-1.9414677463420542,1.5000057220458984,True,nat
30,nat1,S2_tfidf,-2.054038932141858,4.375001907348633,False,nat
30,nat2,S2_tfidf,-2.6447270245985384,3.875001907348633,True,nat
30,nat3,S2_tfidf,-2.022871832187014,1.0000057220458984,False,nat
30,nat4,S2_tfidf,-1.883661569958561,5.875001907348633,True,nat
30,nat5,S2_tfidf,-1.382580601435307,6.250001907348633,False,nat
30,nat6,S2_tfidf,-2.6629540878168734,2.2500038146972656,False,nat
30,nat7,S2_tfidf,-2.777386385756227,4.500001907348633,True,nat
30,nat8,S2_tfidf,-2.9879634080078548,4.875001907348633,True,nat
30,nat9,S2_tfidf,-1.7075867311602033,6.375,False,nat
30,orig,S1_qwen06,4.634485244750977,6.25,False,none
30,nat0,S1_qwen06,0.5263042449951172,1.5000057220458984,True,nat
30,nat1,S1_qwen06,1.926595687866211,4.375001907348633,False,nat
30,nat2,S1_qwen06,1.2612552642822266,3.875001907348633,True,nat
30,nat3,S1_qwen06,-0.4967823028564453,1.0000057220458984,False,nat
30,nat4,S1_qwen06,3.6044273376464844,5.875001907348633,True,nat
30,nat5,S1_qwen06,2.351348876953125,6.250001907348633,False,nat
30,nat6,S1_qwen06,3.1366653442382812,2.2500038146972656,False,nat
30,nat7,S1_qwen06,0.3834114074707031,4.500001907348633,True,nat
30,nat8,S1_qwen06,2.548280715942383,4.875001907348633,True,nat
30,nat9,S1_qwen06,4.649726867675781,6.375,False,nat
30,orig,S5_lg3_1b,8.5,6.25,False,none
30,nat0,S5_lg3_1b,-0.34375,1.5000057220458984,True,nat
30,nat1,S5_lg3_1b,0.59375,4.375001907348633,False,nat
30,nat2,S5_lg3_1b,0.453125,3.875001907348633,True,nat
30,nat3,S5_lg3_1b,1.53125,1.0000057220458984,False,nat
30,nat4,S5_lg3_1b,-0.90625,5.875001907348633,True,nat
30,nat5,S5_lg3_1b,2.703125,6.250001907348633,False,nat
30,nat6,S5_lg3_1b,1.5,2.2500038146972656,False,nat
30,nat7,S5_lg3_1b,-2.609375,4.500001907348633,True,nat
30,nat8,S5_lg3_1b,1.796875,4.875001907348633,True,nat
30,nat9,S5_lg3_1b,8.484375,6.375,False,nat
30,orig,S3_probe,0.8316241502761841,6.25,False,none
30,nat0,S3_probe,4.367502212524414,1.5000057220458984,True,nat
30,nat1,S3_probe,7.263910293579102,4.375001907348633,False,nat
30,nat2,S3_probe,6.340580940246582,3.875001907348633,True,nat
30,nat3,S3_probe,-1.0236432552337646,1.0000057220458984,False,nat
30,nat4,S3_probe,5.245205879211426,5.875001907348633,True,nat
30,nat5,S3_probe,4.4129791259765625,6.250001907348633,False,nat
30,nat6,S3_probe,-10.422252655029297,2.2500038146972656,False,nat
30,nat7,S3_probe,5.625908851623535,4.500001907348633,True,nat
30,nat8,S3_probe,4.318930625915527,4.875001907348633,True,nat
30,nat9,S3_probe,0.8316241502761841,6.375,False,nat
30,orig,S4_deberta,2.1943016052246094,6.25,False,none
30,nat0,S4_deberta,-0.05182139202952385,1.5000057220458984,True,nat
30,nat1,S4_deberta,7.489167213439941,4.375001907348633,False,nat
30,nat2,S4_deberta,-2.338690996170044,3.875001907348633,True,nat
30,nat3,S4_deberta,-3.185368537902832,1.0000057220458984,False,nat
30,nat4,S4_deberta,-2.3429484367370605,5.875001907348633,True,nat
30,nat5,S4_deberta,6.9099555015563965,6.250001907348633,False,nat
30,nat6,S4_deberta,-3.097841739654541,2.2500038146972656,False,nat
30,nat7,S4_deberta,-2.1947240829467773,4.500001907348633,True,nat
30,nat8,S4_deberta,2.5965042114257812,4.875001907348633,True,nat
30,nat9,S4_deberta,2.1943016052246094,6.375,False,nat
31,chosen,S2_tfidf,-2.715637458371199,0.37500572204589844,False,encoding
31,chosen,S1_qwen06,-2.361757278442383,-2.124990463256836,False,encoding
31,chosen,S5_lg3_1b,-3.109375,0.25000572204589844,True,char-level
31,chosen,S3_probe,-9.597748756408691,5.875,False,encoding
31,chosen,S4_deberta,-4.12971305847168,1.3750057220458984,True,char-level
31,orig,S2_tfidf,6.140542372949525,9.625,False,none
31,nat0,S2_tfidf,0.046155426017153056,1.2500057220458984,False,nat
31,nat1,S2_tfidf,5.70646543743485,3.2500038146972656,True,nat
31,nat2,S2_tfidf,6.140542372949525,9.625,False,nat
31,nat3,S2_tfidf,1.8980135278840795,4.125001907348633,True,nat
31,nat4,S2_tfidf,-1.141100018366677,-2.124990463256836,False,nat
31,nat5,S2_tfidf,6.7773459879044315,5.375001907348633,True,nat
31,nat6,S2_tfidf,1.945076387064807,8.125,True,nat
31,nat7,S2_tfidf,1.1659440407910677,1.0000057220458984,False,nat
31,nat8,S2_tfidf,4.351920010589038,9.375,False,nat
31,nat9,S2_tfidf,1.0305592514804724,9.25,False,nat
31,orig,S1_qwen06,8.937541961669922,9.625,False,none
31,nat0,S1_qwen06,1.6844348907470703,1.2500057220458984,False,nat
31,nat1,S1_qwen06,0.42128562927246094,3.2500038146972656,True,nat
31,nat2,S1_qwen06,8.921920776367188,9.625,False,nat
31,nat3,S1_qwen06,1.4874649047851562,4.125001907348633,True,nat
31,nat4,S1_qwen06,-2.361757278442383,-2.124990463256836,False,nat
31,nat5,S1_qwen06,0.135589599609375,5.375001907348633,True,nat
31,nat6,S1_qwen06,1.517831802368164,8.125,True,nat
31,nat7,S1_qwen06,0.31647491455078125,1.0000057220458984,False,nat
31,nat8,S1_qwen06,7.313385009765625,9.375,False,nat
31,nat9,S1_qwen06,7.813934326171875,9.25,False,nat
31,orig,S5_lg3_1b,3.71875,9.625,False,none
31,nat0,S5_lg3_1b,3.453125,1.2500057220458984,False,nat
31,nat1,S5_lg3_1b,1.828125,3.2500038146972656,True,nat
31,nat2,S5_lg3_1b,3.71875,9.625,False,nat
31,nat3,S5_lg3_1b,2.796875,4.125001907348633,True,nat
31,nat4,S5_lg3_1b,-0.15625,-2.124990463256836,False,nat
31,nat5,S5_lg3_1b,4.59375,5.375001907348633,True,nat
31,nat6,S5_lg3_1b,-0.5,8.125,True,nat
31,nat7,S5_lg3_1b,-0.3125,1.0000057220458984,False,nat
31,nat8,S5_lg3_1b,2.515625,9.375,False,nat
31,nat9,S5_lg3_1b,3.078125,9.25,False,nat
31,orig,S3_probe,0.12056264281272888,9.625,False,none
31,nat0,S3_probe,2.431939125061035,1.2500057220458984,False,nat
31,nat1,S3_probe,2.396599769592285,3.2500038146972656,True,nat
31,nat2,S3_probe,0.12056264281272888,9.625,False,nat
31,nat3,S3_probe,2.733671188354492,4.125001907348633,True,nat
31,nat4,S3_probe,-4.684088706970215,-2.124990463256836,False,nat
31,nat5,S3_probe,2.3072776794433594,5.375001907348633,True,nat
31,nat6,S3_probe,3.5754480361938477,8.125,True,nat
31,nat7,S3_probe,-2.6514692306518555,1.0000057220458984,False,nat
31,nat8,S3_probe,2.8206748962402344,9.375,False,nat
31,nat9,S3_probe,5.5618896484375,9.25,False,nat
31,orig,S4_deberta,7.116451263427734,9.625,False,none
31,nat0,S4_deberta,-2.554893970489502,1.2500057220458984,False,nat
31,nat1,S4_deberta,-3.5644588470458984,3.2500038146972656,True,nat
31,nat2,S4_deberta,7.116452693939209,9.625,False,nat
31,nat3,S4_deberta,-3.3673031330108643,4.125001907348633,True,nat
31,nat4,S4_deberta,-2.9555492401123047,-2.124990463256836,False,nat
31,nat5,S4_deberta,-3.2865235805511475,5.375001907348633,True,nat
31,nat6,S4_deberta,-3.2385120391845703,8.125,True,nat
31,nat7,S4_deberta,3.172473907470703,1.0000057220458984,False,nat
31,nat8,S4_deberta,6.773598670959473,9.375,False,nat
31,nat9,S4_deberta,7.681509971618652,9.25,False,nat
32,chosen,S2_tfidf,-6.592970732044429,2.5000038146972656,True,char-level
32,chosen,S1_qwen06,-2.222036361694336,-1.124990463256836,False,encoding
32,chosen,S5_lg3_1b,-2.15625,-0.8749923706054688,False,char-level
32,chosen,S3_probe,-10.530830383300781,1.7500057220458984,False,encoding
32,chosen,S4_deberta,-3.8909473419189453,0.12500572204589844,True,char-level
32,orig,S2_tfidf,-0.5343164376063141,4.375001907348633,False,none
32,nat0,S2_tfidf,-2.0417082099725308,1.0000057220458984,True,nat
32,nat1,S2_tfidf,-0.5343164376063141,4.375001907348633,False,nat
32,nat2,S2_tfidf,-0.9883738846501946,2.6250038146972656,True,nat
32,nat3,S2_tfidf,-2.3261638501895865,1.7500038146972656,False,nat
32,nat4,S2_tfidf,-0.9603224838695019,4.625001907348633,False,nat
32,nat5,S2_tfidf,-0.7663451888733098,2.0000038146972656,True,nat
32,nat6,S2_tfidf,-1.1885693980116503,3.250001907348633,False,nat
32,nat7,S2_tfidf,-2.29106781503157,0.7500057220458984,True,nat
32,nat8,S2_tfidf,-1.4806726362633231,2.6250038146972656,True,nat
32,nat9,S2_tfidf,-1.9013157146598367,1.5000057220458984,False,nat
32,orig,S1_qwen06,6.775381088256836,4.375001907348633,False,none
32,nat0,S1_qwen06,0.7973098754882812,1.0000057220458984,True,nat
32,nat1,S1_qwen06,6.775230407714844,4.375001907348633,False,nat
32,nat2,S1_qwen06,2.8178272247314453,2.6250038146972656,True,nat
32,nat3,S1_qwen06,4.850105285644531,1.7500038146972656,False,nat
32,nat4,S1_qwen06,5.073175430297852,4.625001907348633,False,nat
32,nat5,S1_qwen06,1.836935043334961,2.0000038146972656,True,nat
32,nat6,S1_qwen06,4.10272216796875,3.250001907348633,False,nat
32,nat7,S1_qwen06,0.8670272827148438,0.7500057220458984,True,nat
32,nat8,S1_qwen06,-0.103668212890625,2.6250038146972656,True,nat
32,nat9,S1_qwen06,0.552398681640625,1.5000057220458984,False,nat
32,orig,S5_lg3_1b,1.4375,4.375001907348633,False,none
32,nat0,S5_lg3_1b,1.03125,1.0000057220458984,True,nat
32,nat1,S5_lg3_1b,1.453125,4.375001907348633,False,nat
32,nat2,S5_lg3_1b,2.1875,2.6250038146972656,True,nat
32,nat3,S5_lg3_1b,1.375,1.7500038146972656,False,nat
32,nat4,S5_lg3_1b,2.84375,4.625001907348633,False,nat
32,nat5,S5_lg3_1b,1.28125,2.0000038146972656,True,nat
32,nat6,S5_lg3_1b,3.78125,3.250001907348633,False,nat
32,nat7,S5_lg3_1b,0.625,0.7500057220458984,True,nat
32,nat8,S5_lg3_1b,3.171875,2.6250038146972656,True,nat
32,nat9,S5_lg3_1b,3.0625,1.5000057220458984,False,nat
32,orig,S3_probe,2.5957908630371094,4.375001907348633,False,none
32,nat0,S3_probe,-0.19537439942359924,1.0000057220458984,True,nat
32,nat1,S3_probe,2.5957908630371094,4.375001907348633,False,nat
32,nat2,S3_probe,6.767969131469727,2.6250038146972656,True,nat
32,nat3,S3_probe,-10.530830383300781,1.7500038146972656,False,nat
32,nat4,S3_probe,9.348710060119629,4.625001907348633,False,nat
32,nat5,S3_probe,4.05135440826416,2.0000038146972656,True,nat
32,nat6,S3_probe,9.821369171142578,3.250001907348633,False,nat
32,nat7,S3_probe,5.310907363891602,0.7500057220458984,True,nat
32,nat8,S3_probe,2.279447555541992,2.6250038146972656,True,nat
32,nat9,S3_probe,9.818559646606445,1.5000057220458984,False,nat
32,orig,S4_deberta,7.239108085632324,4.375001907348633,False,none
32,nat0,S4_deberta,-3.569579601287842,1.0000057220458984,True,nat
32,nat1,S4_deberta,7.239109039306641,4.375001907348633,False,nat
32,nat2,S4_deberta,-3.726484775543213,2.6250038146972656,True,nat
32,nat3,S4_deberta,4.506775856018066,1.7500038146972656,False,nat
32,nat4,S4_deberta,6.120405197143555,4.625001907348633,False,nat
32,nat5,S4_deberta,-3.317789077758789,2.0000038146972656,True,nat
32,nat6,S4_deberta,6.350765705108643,3.250001907348633,False,nat
32,nat7,S4_deberta,-3.050468921661377,0.7500057220458984,True,nat
32,nat8,S4_deberta,-2.8915696144104004,2.6250038146972656,True,nat
32,nat9,S4_deberta,-3.0987677574157715,1.5000057220458984,False,nat
33,chosen,S2_tfidf,-5.022335247053434,7.250001907348633,False,char-level
33,chosen,S1_qwen06,-2.395681381225586,-1.8749885559082031,False,encoding
33,chosen,S5_lg3_1b,-2.421875,1.0000038146972656,True,char-level
33,chosen,S3_probe,-8.550204277038574,6.875,False,encoding
33,chosen,S4_deberta,-4.0491838455200195,8.5,True,char-level
33,orig,S2_tfidf,0.3172729681778248,9.25,False,none
33,nat0,S2_tfidf,-0.9189550384681682,7.5,False,nat
33,nat1,S2_tfidf,-3.8366656826107732,3.0000038146972656,True,nat
33,nat2,S2_tfidf,-0.52418038986974,6.750001907348633,True,nat
33,nat3,S2_tfidf,-4.19794724552744,3.625001907348633,False,nat
33,nat4,S2_tfidf,-1.3876830409340093,6.625,True,nat
33,nat5,S2_tfidf,0.3015384523722231,8.0,False,nat
33,nat6,S2_tfidf,-0.9189550384681682,7.5,False,nat
33,nat7,S2_tfidf,0.8763489196056906,8.375,True,nat
33,nat8,S2_tfidf,0.3172729681778248,9.375,False,nat
33,nat9,S2_tfidf,-7.802368276964316,3.125001907348633,True,nat
33,orig,S1_qwen06,7.437557220458984,9.25,False,none
33,nat0,S1_qwen06,5.035392761230469,7.5,False,nat
33,nat1,S1_qwen06,-0.8124198913574219,3.0000038146972656,True,nat
33,nat2,S1_qwen06,3.769376754760742,6.750001907348633,True,nat
33,nat3,S1_qwen06,1.0206127166748047,3.625001907348633,False,nat
33,nat4,S1_qwen06,6.063379287719727,6.625,True,nat
33,nat5,S1_qwen06,6.160852432250977,8.0,False,nat
33,nat6,S1_qwen06,5.035392761230469,7.5,False,nat
33,nat7,S1_qwen06,3.023283004760742,8.375,True,nat
33,nat8,S1_qwen06,7.453182220458984,9.375,False,nat
33,nat9,S1_qwen06,-0.4571800231933594,3.125001907348633,True,nat
33,orig,S5_lg3_1b,8.828125,9.25,False,none
33,nat0,S5_lg3_1b,5.0625,7.5,False,nat
33,nat1,S5_lg3_1b,3.78125,3.0000038146972656,True,nat
33,nat2,S5_lg3_1b,4.84375,6.750001907348633,True,nat
33,nat3,S5_lg3_1b,2.109375,3.625001907348633,False,nat
33,nat4,S5_lg3_1b,4.953125,6.625,True,nat
33,nat5,S5_lg3_1b,5.171875,8.0,False,nat
33,nat6,S5_lg3_1b,5.0625,7.5,False,nat
33,nat7,S5_lg3_1b,6.296875,8.375,True,nat
33,nat8,S5_lg3_1b,8.875,9.375,False,nat
33,nat9,S5_lg3_1b,3.171875,3.125001907348633,True,nat
33,orig,S3_probe,6.331977844238281,9.25,False,none
33,nat0,S3_probe,-6.750615119934082,7.5,False,nat
33,nat1,S3_probe,3.1449413299560547,3.0000038146972656,True,nat
33,nat2,S3_probe,5.274868965148926,6.750001907348633,True,nat
33,nat3,S3_probe,8.348983764648438,3.625001907348633,False,nat
33,nat4,S3_probe,-7.49897575378418,6.625,True,nat
33,nat5,S3_probe,-0.20622482895851135,8.0,False,nat
33,nat6,S3_probe,-6.750615119934082,7.5,False,nat
33,nat7,S3_probe,3.1404380798339844,8.375,True,nat
33,nat8,S3_probe,6.331977844238281,9.375,False,nat
33,nat9,S3_probe,-0.285881906747818,3.125001907348633,True,nat
33,orig,S4_deberta,6.935285568237305,9.25,False,none
33,nat0,S4_deberta,6.250552177429199,7.5,False,nat
33,nat1,S4_deberta,-4.11887264251709,3.0000038146972656,True,nat
33,nat2,S4_deberta,-3.4448494911193848,6.750001907348633,True,nat
33,nat3,S4_deberta,-3.252028465270996,3.625001907348633,False,nat
33,nat4,S4_deberta,6.401236057281494,6.625,True,nat
33,nat5,S4_deberta,6.2485175132751465,8.0,False,nat
33,nat6,S4_deberta,6.250552177429199,7.5,False,nat
33,nat7,S4_deberta,-3.7390365600585938,8.375,True,nat
33,nat8,S4_deberta,6.935287952423096,9.375,False,nat
33,nat9,S4_deberta,-3.765622615814209,3.125001907348633,True,nat
34,chosen,S2_tfidf,-3.001957552668138,0.7500057220458984,False,encoding
34,chosen,S1_qwen06,-2.5050582885742188,-2.374988555908203,False,encoding
34,chosen,S5_lg3_1b,-1.78125,3.0000038146972656,True,char-level
34,chosen,S3_probe,-9.410381317138672,4.375001907348633,False,encoding
34,chosen,S4_deberta,-3.4324188232421875,-0.49999237060546875,True,char-level
34,orig,S2_tfidf,4.527051496642342,8.375,False,none
34,nat0,S2_tfidf,3.181941664517397,1.5000038146972656,True,nat
34,nat1,S2_tfidf,3.006522420974332,7.0,False,nat
34,nat2,S2_tfidf,2.780495519629138,7.875,False,nat
34,nat3,S2_tfidf,-1.2092091997306176,2.5000038146972656,False,nat
34,nat4,S2_tfidf,1.8698597731567157,6.625,True,nat
34,nat5,S2_tfidf,0.4460773413370138,7.0,False,nat
34,nat6,S2_tfidf,1.9802044055067223,4.375001907348633,True,nat
34,nat7,S2_tfidf,3.323517321073851,6.5,True,nat
34,nat8,S2_tfidf,4.724142799365691,7.375,True,nat
34,nat9,S2_tfidf,0.24723414512445707,2.1250038146972656,False,nat
34,orig,S1_qwen06,7.015754699707031,8.375,False,none
34,nat0,S1_qwen06,2.341859817504883,1.5000038146972656,True,nat
34,nat1,S1_qwen06,6.385063171386719,7.0,False,nat
34,nat2,S1_qwen06,6.486274719238281,7.875,False,nat
34,nat3,S1_qwen06,0.9295253753662109,2.5000038146972656,False,nat
34,nat4,S1_qwen06,4.3749847412109375,6.625,True,nat
34,nat5,S1_qwen06,0.6264057159423828,7.0,False,nat
34,nat6,S1_qwen06,0.876953125,4.375001907348633,True,nat
34,nat7,S1_qwen06,3.1094970703125,6.5,True,nat
34,nat8,S1_qwen06,3.0944252014160156,7.375,True,nat
34,nat9,S1_qwen06,1.492330551147461,2.1250038146972656,False,nat
34,orig,S5_lg3_1b,8.953125,8.375,False,none
34,nat0,S5_lg3_1b,0.78125,1.5000038146972656,True,nat
34,nat1,S5_lg3_1b,8.59375,7.0,False,nat
34,nat2,S5_lg3_1b,8.4375,7.875,False,nat
34,nat3,S5_lg3_1b,1.703125,2.5000038146972656,False,nat
34,nat4,S5_lg3_1b,-3.328125,6.625,True,nat
34,nat5,S5_lg3_1b,5.125,7.0,False,nat
34,nat6,S5_lg3_1b,0.984375,4.375001907348633,True,nat
34,nat7,S5_lg3_1b,-0.1875,6.5,True,nat
34,nat8,S5_lg3_1b,5.0625,7.375,True,nat
34,nat9,S5_lg3_1b,2.046875,2.1250038146972656,False,nat
34,orig,S3_probe,3.6549549102783203,8.375,False,none
34,nat0,S3_probe,1.0243016481399536,1.5000038146972656,True,nat
34,nat1,S3_probe,11.012718200683594,7.0,False,nat
34,nat2,S3_probe,3.4234580993652344,7.875,False,nat
34,nat3,S3_probe,2.365553855895996,2.5000038146972656,False,nat
34,nat4,S3_probe,4.386561393737793,6.625,True,nat
34,nat5,S3_probe,13.224595069885254,7.0,False,nat
34,nat6,S3_probe,5.385138511657715,4.375001907348633,True,nat
34,nat7,S3_probe,3.7040796279907227,6.5,True,nat
34,nat8,S3_probe,4.975794792175293,7.375,True,nat
34,nat9,S3_probe,5.402782440185547,2.1250038146972656,False,nat
34,orig,S4_deberta,7.920943737030029,8.375,False,none
34,nat0,S4_deberta,-1.024517297744751,1.5000038146972656,True,nat
34,nat1,S4_deberta,8.059974670410156,7.0,False,nat
34,nat2,S4_deberta,7.821761131286621,7.875,False,nat
34,nat3,S4_deberta,-0.8257400393486023,2.5000038146972656,False,nat
34,nat4,S4_deberta,-2.956859588623047,6.625,True,nat
34,nat5,S4_deberta,7.314116477966309,7.0,False,nat
34,nat6,S4_deberta,-2.744342803955078,4.375001907348633,True,nat
34,nat7,S4_deberta,5.261719226837158,6.5,True,nat
34,nat8,S4_deberta,-2.8469362258911133,7.375,True,nat
34,nat9,S4_deberta,4.927240371704102,2.1250038146972656,False,nat
35,chosen,S2_tfidf,-2.309892456475514,5.750001907348633,True,char-level
35,chosen,S1_qwen06,-1.5464591979980469,9.5367431640625e-06,False,encoding
35,chosen,S5_lg3_1b,-6.078125,-1.8749923706054688,False,char-level
35,chosen,S3_probe,-10.550594329833984,5.000001907348633,True,encoding
35,chosen,S4_deberta,-3.144512414932251,7.625,True,char-level
35,orig,S2_tfidf,0.8840412540763187,8.375,False,none
35,nat0,S2_tfidf,0.8840412540763187,8.375,False,nat
35,nat1,S2_tfidf,-1.3508963326230479,0.7500057220458984,False,nat
35,nat2,S2_tfidf,-0.6185489987899568,5.000001907348633,True,nat
35,nat3,S2_tfidf,0.4308195163268149,4.500003814697266,True,nat
35,nat4,S2_tfidf,-0.647759940547357,5.875001907348633,False,nat
35,nat5,S2_tfidf,0.8779510165316464,6.0,False,nat
35,nat6,S2_tfidf,0.4674140630535708,7.0,False,nat
35,nat7,S2_tfidf,-0.8596712579549965,3.6250038146972656,True,nat
35,nat8,S2_tfidf,-0.11403142373255237,6.75,False,nat
35,nat9,S2_tfidf,-1.0744984760027076,5.500001907348633,False,nat
35,orig,S1_qwen06,6.908576965332031,8.375,False,none
35,nat0,S1_qwen06,6.924201965332031,8.375,False,nat
35,nat1,S1_qwen06,-0.6371784210205078,0.7500057220458984,False,nat
35,nat2,S1_qwen06,6.6746826171875,5.000001907348633,True,nat
35,nat3,S1_qwen06,1.493692398071289,4.500003814697266,True,nat
35,nat4,S1_qwen06,4.16972541809082,5.875001907348633,False,nat
35,nat5,S1_qwen06,5.626377105712891,6.0,False,nat
35,nat6,S1_qwen06,5.277374267578125,7.0,False,nat
35,nat7,S1_qwen06,1.3292274475097656,3.6250038146972656,True,nat
35,nat8,S1_qwen06,1.9120197296142578,6.75,False,nat
35,nat9,S1_qwen06,3.12432861328125,5.500001907348633,False,nat
35,orig,S5_lg3_1b,8.78125,8.375,False,none
35,nat0,S5_lg3_1b,8.828125,8.375,False,nat
35,nat1,S5_lg3_1b,0.8125,0.7500057220458984,False,nat
35,nat2,S5_lg3_1b,3.953125,5.000001907348633,True,nat
35,nat3,S5_lg3_1b,1.46875,4.500003814697266,True,nat
35,nat4,S5_lg3_1b,-1.65625,5.875001907348633,False,nat
35,nat5,S5_lg3_1b,6.390625,6.0,False,nat
35,nat6,S5_lg3_1b,4.59375,7.0,False,nat
35,nat7,S5_lg3_1b,4.046875,3.6250038146972656,True,nat
35,nat8,S5_lg3_1b,-2.265625,6.75,False,nat
35,nat9,S5_lg3_1b,0.859375,5.500001907348633,False,nat
35,orig,S3_probe,2.21395206451416,8.375,False,none
35,nat0,S3_probe,2.21395206451416,8.375,False,nat
35,nat1,S3_probe,-2.6142942905426025,0.7500057220458984,False,nat
35,nat2,S3_probe,-10.550594329833984,5.000001907348633,True,nat
35,nat3,S3_probe,5.316978454589844,4.500003814697266,True,nat
35,nat4,S3_probe,8.523964881896973,5.875001907348633,False,nat
35,nat5,S3_probe,1.4297653436660767,6.0,False,nat
35,nat6,S3_probe,8.742019653320312,7.0,False,nat
35,nat7,S3_probe,6.685059547424316,3.6250038146972656,True,nat
35,nat8,S3_probe,10.37087345123291,6.75,False,nat
35,nat9,S3_probe,8.146797180175781,5.500001907348633,False,nat
35,orig,S4_deberta,3.1805129051208496,8.375,False,none
35,nat0,S4_deberta,3.180516242980957,8.375,False,nat
35,nat1,S4_deberta,-1.8245189189910889,0.7500057220458984,False,nat
35,nat2,S4_deberta,-1.3813663721084595,5.000001907348633,True,nat
35,nat3,S4_deberta,-2.58837890625,4.500003814697266,True,nat
35,nat4,S4_deberta,5.751426696777344,5.875001907348633,False,nat
35,nat5,S4_deberta,2.9701037406921387,6.0,False,nat
35,nat6,S4_deberta,6.991120338439941,7.0,False,nat
35,nat7,S4_deberta,-2.633787155151367,3.6250038146972656,True,nat
35,nat8,S4_deberta,3.117072343826294,6.75,False,nat
35,nat9,S4_deberta,5.851797103881836,5.500001907348633,False,nat
36,chosen,S2_tfidf,-2.6096474520883834,0.25000762939453125,False,encoding
36,chosen,S1_qwen06,-0.3951530456542969,0.25000572204589844,False,encoding
36,chosen,S5_lg3_1b,1.15625,0.25000572204589844,False,encoding
36,chosen,S3_probe,-9.255504608154297,5.875001907348633,False,encoding
36,chosen,S4_deberta,-3.0465097427368164,5.625001907348633,True,char-level
36,orig,S2_tfidf,3.9569402940020755,9.0,False,none
36,nat0,S2_tfidf,1.082701561961583,5.625001907348633,True,nat
36,nat1,S2_tfidf,3.2036975814174733,7.625,True,nat
36,nat2,S2_tfidf,3.9569402940020755,9.0,False,nat
36,nat3,S2_tfidf,1.0283536085449796,7.25,True,nat
36,nat4,S2_tfidf,1.114379555093749,7.25,False,nat
36,nat5,S2_tfidf,3.9343839671164638,7.0,True,nat
36,nat6,S2_tfidf,1.3428865783332185,7.0,True,nat
36,nat7,S2_tfidf,3.892980143775988,6.75,True,nat
36,nat8,S2_tfidf,2.489686704273816,8.125,False,nat
36,nat9,S2_tfidf,-0.7832283870300789,7.125001907348633,True,nat
36,orig,S1_qwen06,6.671966552734375,9.0,False,none
36,nat0,S1_qwen06,2.8459300994873047,5.625001907348633,True,nat
36,nat1,S1_qwen06,4.263574600219727,7.625,True,nat
36,nat2,S1_qwen06,6.687591552734375,9.0,False,nat
36,nat3,S1_qwen06,1.511871337890625,7.25,True,nat
36,nat4,S1_qwen06,5.43867301940918,7.25,False,nat
36,nat5,S1_qwen06,3.772003173828125,7.0,True,nat
36,nat6,S1_qwen06,3.558591842651367,7.0,True,nat
36,nat7,S1_qwen06,3.9056568145751953,6.75,True,nat
36,nat8,S1_qwen06,5.736928939819336,8.125,False,nat
36,nat9,S1_qwen06,3.1626052856445312,7.125001907348633,True,nat
36,orig,S5_lg3_1b,7.234375,9.0,False,none
36,nat0,S5_lg3_1b,3.9375,5.625001907348633,True,nat
36,nat1,S5_lg3_1b,4.515625,7.625,True,nat
36,nat2,S5_lg3_1b,7.234375,9.0,False,nat
36,nat3,S5_lg3_1b,4.078125,7.25,True,nat
36,nat4,S5_lg3_1b,5.859375,7.25,False,nat
36,nat5,S5_lg3_1b,4.046875,7.0,True,nat
36,nat6,S5_lg3_1b,3.046875,7.0,True,nat
36,nat7,S5_lg3_1b,5.359375,6.75,True,nat
36,nat8,S5_lg3_1b,5.90625,8.125,False,nat
36,nat9,S5_lg3_1b,5.9375,7.125001907348633,True,nat
36,orig,S3_probe,10.818631172180176,9.0,False,none
36,nat0,S3_probe,2.035980701446533,5.625001907348633,True,nat
36,nat1,S3_probe,10.149786949157715,7.625,True,nat
36,nat2,S3_probe,10.818631172180176,9.0,False,nat
36,nat3,S3_probe,6.852693557739258,7.25,True,nat
36,nat4,S3_probe,16.261802673339844,7.25,False,nat
36,nat5,S3_probe,4.511806488037109,7.0,True,nat
36,nat6,S3_probe,6.9352569580078125,7.0,True,nat
36,nat7,S3_probe,9.63076400756836,6.75,True,nat
36,nat8,S3_probe,12.794665336608887,8.125,False,nat
36,nat9,S3_probe,7.297905445098877,7.125001907348633,True,nat
36,orig,S4_deberta,8.015518188476562,9.0,False,none
36,nat0,S4_deberta,1.7357572317123413,5.625001907348633,True,nat
36,nat1,S4_deberta,-0.7669886350631714,7.625,True,nat
36,nat2,S4_deberta,8.015520095825195,9.0,False,nat
36,nat3,S4_deberta,-1.9107083082199097,7.25,True,nat
36,nat4,S4_deberta,7.830083847045898,7.25,False,nat
36,nat5,S4_deberta,0.1975575089454651,7.0,True,nat
36,nat6,S4_deberta,1.7743133306503296,7.0,True,nat
36,nat7,S4_deberta,-1.1060070991516113,6.75,True,nat
36,nat8,S4_deberta,7.802659034729004,8.125,False,nat
36,nat9,S4_deberta,2.377948522567749,7.125001907348633,True,nat
37,chosen,S2_tfidf,-2.7908028038629054,0.6250057220458984,False,encoding
37,chosen,S1_qwen06,-2.243612289428711,-1.1249923706054688,False,encoding
37,chosen,S5_lg3_1b,0.40625,-1.1249923706054688,False,encoding
37,chosen,S3_probe,-9.303034782409668,3.750001907348633,False,encoding
37,chosen,S4_deberta,-3.463898181915283,8.0,True,char-level
37,orig,S2_tfidf,0.6305194341053861,9.25,False,none
37,nat0,S2_tfidf,-1.4153346796508186,6.75,False,nat
37,nat1,S2_tfidf,1.340128320618817,6.000001907348633,True,nat
37,nat2,S2_tfidf,0.9272294743806853,8.375,False,nat
37,nat3,S2_tfidf,0.6224903908569213,7.625,True,nat
37,nat4,S2_tfidf,-0.6826216883265344,4.000001907348633,False,nat
37,nat5,S2_tfidf,0.6305194341053861,9.25,False,nat
37,nat6,S2_tfidf,-0.3754792591617202,7.25,True,nat
37,nat7,S2_tfidf,0.17707057841937623,8.75,False,nat
37,nat8,S2_tfidf,0.17707057841937623,8.75,False,nat
37,nat9,S2_tfidf,0.17146120923212482,6.375001907348633,True,nat
37,orig,S1_qwen06,8.35986328125,9.25,False,none
37,nat0,S1_qwen06,5.111049652099609,6.75,False,nat
37,nat1,S1_qwen06,3.091564178466797,6.000001907348633,True,nat
37,nat2,S1_qwen06,4.923549652099609,8.375,False,nat
37,nat3,S1_qwen06,3.4727439880371094,7.625,True,nat
37,nat4,S1_qwen06,2.423036575317383,4.000001907348633,False,nat
37,nat5,S1_qwen06,8.375473022460938,9.25,False,nat
37,nat6,S1_qwen06,1.5469970703125,7.25,True,nat
37,nat7,S1_qwen06,5.79655647277832,8.75,False,nat
37,nat8,S1_qwen06,5.79655647277832,8.75,False,nat
37,nat9,S1_qwen06,1.569997787475586,6.375001907348633,True,nat
37,orig,S5_lg3_1b,4.953125,9.25,False,none
37,nat0,S5_lg3_1b,4.390625,6.75,False,nat
37,nat1,S5_lg3_1b,3.296875,6.000001907348633,True,nat
37,nat2,S5_lg3_1b,5.828125,8.375,False,nat
37,nat3,S5_lg3_1b,3.875,7.625,True,nat
37,nat4,S5_lg3_1b,2.921875,4.000001907348633,False,nat
37,nat5,S5_lg3_1b,4.96875,9.25,False,nat
37,nat6,S5_lg3_1b,3.8125,7.25,True,nat
37,nat7,S5_lg3_1b,5.40625,8.75,False,nat
37,nat8,S5_lg3_1b,5.40625,8.75,False,nat
37,nat9,S5_lg3_1b,4.03125,6.375001907348633,True,nat
37,orig,S3_probe,3.762939453125,9.25,False,none
37,nat0,S3_probe,8.26605224609375,6.75,False,nat
37,nat1,S3_probe,3.9714698791503906,6.000001907348633,True,nat
37,nat2,S3_probe,6.210353851318359,8.375,False,nat
37,nat3,S3_probe,6.461559295654297,7.625,True,nat
37,nat4,S3_probe,-5.210955619812012,4.000001907348633,False,nat
37,nat5,S3_probe,3.762939453125,9.25,False,nat
37,nat6,S3_probe,5.493408203125,7.25,True,nat
37,nat7,S3_probe,13.625245094299316,8.75,False,nat
37,nat8,S3_probe,13.625245094299316,8.75,False,nat
37,nat9,S3_probe,2.6473426818847656,6.375001907348633,True,nat
37,orig,S4_deberta,8.015066146850586,9.25,False,none
37,nat0,S4_deberta,6.291188716888428,6.75,False,nat
37,nat1,S4_deberta,5.6705427169799805,6.000001907348633,True,nat
37,nat2,S4_deberta,6.726315498352051,8.375,False,nat
37,nat3,S4_deberta,-2.2072391510009766,7.625,True,nat
37,nat4,S4_deberta,6.971083641052246,4.000001907348633,False,nat
37,nat5,S4_deberta,8.01506519317627,9.25,False,nat
37,nat6,S4_deberta,-2.977874755859375,7.25,True,nat
37,nat7,S4_deberta,7.487128734588623,8.75,False,nat
37,nat8,S4_deberta,7.487128734588623,8.75,False,nat
37,nat9,S4_deberta,-2.4406087398529053,6.375001907348633,True,nat
38,chosen,S2_tfidf,-3.3315981246578756,4.250001907348633,True,char-level
38,chosen,S1_qwen06,-1.8497962951660156,0.25000762939453125,False,encoding
38,chosen,S5_lg3_1b,-1.1875,4.875001907348633,True,char-level
38,chosen,S3_probe,-11.446800231933594,2.750001907348633,True,encoding
38,chosen,S4_deberta,-3.206613063812256,5.625001907348633,True,char-level
38,orig,S2_tfidf,-0.49089774417797893,5.125001907348633,False,none
38,nat0,S2_tfidf,-0.6522643104815672,2.7500038146972656,True,nat
38,nat1,S2_tfidf,0.11023593970249768,5.500001907348633,False,nat
38,nat2,S2_tfidf,-1.7452520930644544,3.1250038146972656,False,nat
38,nat3,S2_tfidf,-0.749032247298138,3.5000038146972656,True,nat
38,nat4,S2_tfidf,-0.49089774417797893,5.125001907348633,False,nat
38,nat5,S2_tfidf,-0.9082887148330113,0.25000762939453125,False,nat
38,nat6,S2_tfidf,-1.4886275971957936,2.750001907348633,True,nat
38,nat7,S2_tfidf,-2.506402057636408,1.7500057220458984,True,nat
38,nat8,S2_tfidf,-1.6866011589739367,1.7500057220458984,True,nat
38,nat9,S2_tfidf,-1.9863514421115438,6.375001907348633,True,nat
38,orig,S1_qwen06,5.021934509277344,5.125001907348633,False,none
38,nat0,S1_qwen06,-0.044078826904296875,2.7500038146972656,True,nat
38,nat1,S1_qwen06,5.10479736328125,5.500001907348633,False,nat
38,nat2,S1_qwen06,3.866130828857422,3.1250038146972656,False,nat
38,nat3,S1_qwen06,0.6166801452636719,3.5000038146972656,True,nat
38,nat4,S1_qwen06,5.021934509277344,5.125001907348633,False,nat
38,nat5,S1_qwen06,-1.8497962951660156,0.25000762939453125,False,nat
38,nat6,S1_qwen06,3.8288021087646484,2.750001907348633,True,nat
38,nat7,S1_qwen06,-0.4405364990234375,1.7500057220458984,True,nat
38,nat8,S1_qwen06,0.22228050231933594,1.7500057220458984,True,nat
38,nat9,S1_qwen06,2.5569095611572266,6.375001907348633,True,nat
38,orig,S5_lg3_1b,2.578125,5.125001907348633,False,none
38,nat0,S5_lg3_1b,1.921875,2.7500038146972656,True,nat
38,nat1,S5_lg3_1b,7.734375,5.500001907348633,False,nat
38,nat2,S5_lg3_1b,1.75,3.1250038146972656,False,nat
38,nat3,S5_lg3_1b,0.828125,3.5000038146972656,True,nat
38,nat4,S5_lg3_1b,2.5625,5.125001907348633,False,nat
38,nat5,S5_lg3_1b,1.015625,0.25000762939453125,False,nat
38,nat6,S5_lg3_1b,1.828125,2.750001907348633,True,nat
38,nat7,S5_lg3_1b,-2.703125,1.7500057220458984,True,nat
38,nat8,S5_lg3_1b,-1.78125,1.7500057220458984,True,nat
38,nat9,S5_lg3_1b,1.1875,6.375001907348633,True,nat
38,orig,S3_probe,2.2398195266723633,5.125001907348633,False,none
38,nat0,S3_probe,5.946409702301025,2.7500038146972656,True,nat
38,nat1,S3_probe,6.414923667907715,5.500001907348633,False,nat
38,nat2,S3_probe,-10.518802642822266,3.1250038146972656,False,nat
38,nat3,S3_probe,8.182156562805176,3.5000038146972656,True,nat
38,nat4,S3_probe,2.2398195266723633,5.125001907348633,False,nat
38,nat5,S3_probe,-0.8264569044113159,0.25000762939453125,False,nat
38,nat6,S3_probe,-11.446798324584961,2.750001907348633,True,nat
38,nat7,S3_probe,5.625576972961426,1.7500057220458984,True,nat
38,nat8,S3_probe,4.658917427062988,1.7500057220458984,True,nat
38,nat9,S3_probe,8.65772819519043,6.375001907348633,True,nat
38,orig,S4_deberta,6.307382106781006,5.125001907348633,False,none
38,nat0,S4_deberta,0.2705684304237366,2.7500038146972656,True,nat
38,nat1,S4_deberta,7.63442325592041,5.500001907348633,False,nat
38,nat2,S4_deberta,-2.819098949432373,3.1250038146972656,False,nat
38,nat3,S4_deberta,-2.36958646774292,3.5000038146972656,True,nat
38,nat4,S4_deberta,6.307384490966797,5.125001907348633,False,nat
38,nat5,S4_deberta,-2.84765625,0.25000762939453125,False,nat
38,nat6,S4_deberta,-1.6458823680877686,2.750001907348633,True,nat
38,nat7,S4_deberta,-2.5094804763793945,1.7500057220458984,True,nat
38,nat8,S4_deberta,-0.7996559739112854,1.7500057220458984,True,nat
38,nat9,S4_deberta,-2.367751121520996,6.375001907348633,True,nat
39,chosen,S2_tfidf,-2.349161470346164,0.5000057220458984,False,encoding
39,chosen,S1_qwen06,-1.8286571502685547,-0.12499237060546875,False,encoding
39,chosen,S5_lg3_1b,0.796875,-0.12499046325683594,False,encoding
39,chosen,S3_probe,-9.180231094360352,4.125001907348633,False,encoding
39,chosen,S4_deberta,-3.15193510055542,4.500001907348633,True,char-level
39,orig,S2_tfidf,6.9000252243406015,6.625,False,none
39,nat0,S2_tfidf,2.6818617286561803,5.000001907348633,True,nat
39,nat1,S2_tfidf,6.9000252243406015,6.625,False,nat
39,nat2,S2_tfidf,6.9000252243406015,6.625,False,nat
39,nat3,S2_tfidf,5.809271029515159,5.625001907348633,False,nat
39,nat4,S2_tfidf,6.360120154746348,6.5,True,nat
39,nat5,S2_tfidf,4.032214954460767,3.750001907348633,True,nat
39,nat6,S2_tfidf,4.964787777539611,6.000001907348633,True,nat
39,nat7,S2_tfidf,5.733932294518023,6.625,True,nat
39,nat8,S2_tfidf,5.605359570287007,5.875001907348633,True,nat
39,nat9,S2_tfidf,6.9000252243406015,6.75,False,nat
39,orig,S1_qwen06,5.93914794921875,6.625,False,none
39,nat0,S1_qwen06,2.763439178466797,5.000001907348633,True,nat
39,nat1,S1_qwen06,5.923549652099609,6.625,False,nat
39,nat2,S1_qwen06,5.923549652099609,6.625,False,nat
39,nat3,S1_qwen06,5.771553039550781,5.625001907348633,False,nat
39,nat4,S1_qwen06,3.226705551147461,6.5,True,nat
39,nat5,S1_qwen06,2.52935791015625,3.750001907348633,True,nat
39,nat6,S1_qwen06,3.5240345001220703,6.000001907348633,True,nat
39,nat7,S1_qwen06,3.8803539276123047,6.625,True,nat
39,nat8,S1_qwen06,2.355619430541992,5.875001907348633,True,nat
39,nat9,S1_qwen06,5.939174652099609,6.75,False,nat
39,orig,S5_lg3_1b,2.125,6.625,False,none
39,nat0,S5_lg3_1b,4.21875,5.000001907348633,True,nat
39,nat1,S5_lg3_1b,2.125,6.625,False,nat
39,nat2,S5_lg3_1b,2.125,6.625,False,nat
39,nat3,S5_lg3_1b,5.140625,5.625001907348633,False,nat
39,nat4,S5_lg3_1b,2.984375,6.5,True,nat
39,nat5,S5_lg3_1b,0.78125,3.750001907348633,True,nat
39,nat6,S5_lg3_1b,1.984375,6.000001907348633,True,nat
39,nat7,S5_lg3_1b,3.90625,6.625,True,nat
39,nat8,S5_lg3_1b,4.234375,5.875001907348633,True,nat
39,nat9,S5_lg3_1b,2.125,6.75,False,nat
39,orig,S3_probe,9.972917556762695,6.625,False,none
39,nat0,S3_probe,9.622127532958984,5.000001907348633,True,nat
39,nat1,S3_probe,9.972917556762695,6.625,False,nat
39,nat2,S3_probe,9.972917556762695,6.625,False,nat
39,nat3,S3_probe,15.538816452026367,5.625001907348633,False,nat
39,nat4,S3_probe,9.558403015136719,6.5,True,nat
39,nat5,S3_probe,9.8258056640625,3.750001907348633,True,nat
39,nat6,S3_probe,7.622982025146484,6.000001907348633,True,nat
39,nat7,S3_probe,8.916060447692871,6.625,True,nat
39,nat8,S3_probe,8.763349533081055,5.875001907348633,True,nat
39,nat9,S3_probe,9.972917556762695,6.75,False,nat
39,orig,S4_deberta,6.451748371124268,6.625,False,none
39,nat0,S4_deberta,-2.9071714878082275,5.000001907348633,True,nat
39,nat1,S4_deberta,6.451747417449951,6.625,False,nat
39,nat2,S4_deberta,6.451747417449951,6.625,False,nat
39,nat3,S4_deberta,7.667925834655762,5.625001907348633,False,nat
39,nat4,S4_deberta,2.914156436920166,6.5,True,nat
39,nat5,S4_deberta,-3.1214756965637207,3.750001907348633,True,nat
39,nat6,S4_deberta,-3.088897228240967,6.000001907348633,True,nat
39,nat7,S4_deberta,0.7611457109451294,6.625,True,nat
39,nat8,S4_deberta,-3.0562868118286133,5.875001907348633,True,nat
39,nat9,S4_deberta,6.451747417449951,6.75,False,nat
40,chosen,S2_tfidf,-2.9017485232857405,1.1250057220458984,False,encoding
40,chosen,S1_qwen06,-2.503286361694336,-0.7499923706054688,False,encoding
40,chosen,S5_lg3_1b,-1.109375,5.375001907348633,False,char-level
40,chosen,S3_probe,-9.575555801391602,4.625001907348633,False,encoding
40,chosen,S4_deberta,-3.2598795890808105,1.1250057220458984,False,encoding
40,orig,S2_tfidf,-0.09092767474554297,7.375,False,none
40,nat0,S2_tfidf,0.47956455742387316,7.25,True,nat
40,nat1,S2_tfidf,-0.09092767474554297,7.375,False,nat
40,nat2,S2_tfidf,-0.9525793872941338,4.500001907348633,False,nat
40,nat3,S2_tfidf,-0.6525243058638633,6.125001907348633,False,nat
40,nat4,S2_tfidf,0.6005133481474856,6.625001907348633,True,nat
40,nat5,S2_tfidf,0.49951907065292334,5.000001907348633,False,nat
40,nat6,S2_tfidf,-1.673518746583857,2.7500038146972656,True,nat
40,nat7,S2_tfidf,0.04000494048850589,8.125,True,nat
40,nat8,S2_tfidf,-0.5047903518685498,5.750001907348633,False,nat
40,nat9,S2_tfidf,0.13278105159461617,3.875001907348633,True,nat
40,orig,S1_qwen06,6.282093048095703,7.375,False,none
40,nat0,S1_qwen06,2.5219802856445312,7.25,True,nat
40,nat1,S1_qwen06,6.297691345214844,7.375,False,nat
40,nat2,S1_qwen06,1.2523326873779297,4.500001907348633,False,nat
40,nat3,S1_qwen06,5.3465576171875,6.125001907348633,False,nat
40,nat4,S1_qwen06,3.8008480072021484,6.625001907348633,True,nat
40,nat5,S1_qwen06,4.7114105224609375,5.000001907348633,False,nat
40,nat6,S1_qwen06,2.459871292114258,2.7500038146972656,True,nat
40,nat7,S1_qwen06,0.7781848907470703,8.125,True,nat
40,nat8,S1_qwen06,3.8621749877929688,5.750001907348633,False,nat
40,nat9,S1_qwen06,0.9177742004394531,3.875001907348633,True,nat
40,orig,S5_lg3_1b,3.84375,7.375,False,none
40,nat0,S5_lg3_1b,2.78125,7.25,True,nat
40,nat1,S5_lg3_1b,3.8125,7.375,False,nat
40,nat2,S5_lg3_1b,3.921875,4.500001907348633,False,nat
40,nat3,S5_lg3_1b,1.03125,6.125001907348633,False,nat
40,nat4,S5_lg3_1b,3.984375,6.625001907348633,True,nat
40,nat5,S5_lg3_1b,2.578125,5.000001907348633,False,nat
40,nat6,S5_lg3_1b,1.796875,2.7500038146972656,True,nat
40,nat7,S5_lg3_1b,2.1875,8.125,True,nat
40,nat8,S5_lg3_1b,1.53125,5.750001907348633,False,nat
40,nat9,S5_lg3_1b,2.890625,3.875001907348633,True,nat
40,orig,S3_probe,3.3135242462158203,7.375,False,none
40,nat0,S3_probe,3.5828113555908203,7.25,True,nat
40,nat1,S3_probe,3.3135242462158203,7.375,False,nat
40,nat2,S3_probe,4.005365371704102,4.500001907348633,False,nat
40,nat3,S3_probe,5.81048583984375,6.125001907348633,False,nat
40,nat4,S3_probe,3.777617931365967,6.625001907348633,True,nat
40,nat5,S3_probe,1.1047571897506714,5.000001907348633,False,nat
40,nat6,S3_probe,5.054477691650391,2.7500038146972656,True,nat
40,nat7,S3_probe,1.7687445878982544,8.125,True,nat
40,nat8,S3_probe,15.175376892089844,5.750001907348633,False,nat
40,nat9,S3_probe,5.166707992553711,3.875001907348633,True,nat
40,orig,S4_deberta,7.169471263885498,7.375,False,none
40,nat0,S4_deberta,-2.8965699672698975,7.25,True,nat
40,nat1,S4_deberta,7.169471740722656,7.375,False,nat
40,nat2,S4_deberta,-3.052227020263672,4.500001907348633,False,nat
40,nat3,S4_deberta,6.888454437255859,6.125001907348633,False,nat
40,nat4,S4_deberta,-2.8270130157470703,6.625001907348633,True,nat
40,nat5,S4_deberta,6.754596710205078,5.000001907348633,False,nat
40,nat6,S4_deberta,-3.031665802001953,2.7500038146972656,True,nat
40,nat7,S4_deberta,-3.1052050590515137,8.125,True,nat
40,nat8,S4_deberta,6.3057355880737305,5.750001907348633,False,nat
40,nat9,S4_deberta,-2.9885740280151367,3.875001907348633,True,nat
41,chosen,S2_tfidf,-2.568683349243189,5.125001907348633,True,char-level
41,chosen,S1_qwen06,0.1786670684814453,0.6250057220458984,False,encoding
41,chosen,S5_lg3_1b,-2.875,4.250001907348633,True,char-level
41,chosen,S3_probe,-9.28466796875,2.0000038146972656,False,encoding
41,chosen,S4_deberta,-3.310673713684082,3.750001907348633,True,char-level
41,orig,S2_tfidf,0.3539680490574726,1.1250038146972656,False,none
41,nat0,S2_tfidf,-0.36175873270326453,2.2500038146972656,False,nat
41,nat1,S2_tfidf,0.3539680490574726,1.1250038146972656,False,nat
41,nat2,S2_tfidf,-0.897317466073558,2.8750038146972656,True,nat
41,nat3,S2_tfidf,-0.7990784717753012,5.000001907348633,True,nat
41,nat4,S2_tfidf,-2.024642747903331,0.6250057220458984,False,nat
41,nat5,S2_tfidf,-0.2242706792049003,4.250001907348633,False,nat
41,nat6,S2_tfidf,-2.024642747903331,0.6250057220458984,False,nat
41,nat7,S2_tfidf,-0.2139352076516834,4.375001907348633,True,nat
41,nat8,S2_tfidf,0.3539680490574726,1.1250038146972656,False,nat
41,nat9,S2_tfidf,-0.33429146137771304,4.000001907348633,False,nat
41,orig,S1_qwen06,6.248760223388672,1.1250038146972656,False,none
41,nat0,S1_qwen06,2.090822219848633,2.2500038146972656,False,nat
41,nat1,S1_qwen06,6.233135223388672,1.1250038146972656,False,nat
41,nat2,S1_qwen06,4.547033309936523,2.8750038146972656,True,nat
41,nat3,S1_qwen06,3.7383689880371094,5.000001907348633,True,nat
41,nat4,S1_qwen06,0.1786670684814453,0.6250057220458984,False,nat
41,nat5,S1_qwen06,4.845708847045898,4.250001907348633,False,nat
41,nat6,S1_qwen06,0.1786670684814453,0.6250057220458984,False,nat
41,nat7,S1_qwen06,1.3263912200927734,4.375001907348633,True,nat
41,nat8,S1_qwen06,6.233135223388672,1.1250038146972656,False,nat
41,nat9,S1_qwen06,4.479831695556641,4.000001907348633,False,nat
41,orig,S5_lg3_1b,0.015625,1.1250038146972656,False,none
41,nat0,S5_lg3_1b,1.578125,2.2500038146972656,False,nat
41,nat1,S5_lg3_1b,0.015625,1.1250038146972656,False,nat
41,nat2,S5_lg3_1b,1.96875,2.8750038146972656,True,nat
41,nat3,S5_lg3_1b,4.578125,5.000001907348633,True,nat
41,nat4,S5_lg3_1b,1.1875,0.6250057220458984,False,nat
41,nat5,S5_lg3_1b,4.0625,4.250001907348633,False,nat
41,nat6,S5_lg3_1b,1.1875,0.6250057220458984,False,nat
41,nat7,S5_lg3_1b,1.75,4.375001907348633,True,nat
41,nat8,S5_lg3_1b,0.015625,1.1250038146972656,False,nat
41,nat9,S5_lg3_1b,4.984375,4.000001907348633,False,nat
41,orig,S3_probe,3.5416460037231445,1.1250038146972656,False,none
41,nat0,S3_probe,-2.2803409099578857,2.2500038146972656,False,nat
41,nat1,S3_probe,3.5416460037231445,1.1250038146972656,False,nat
41,nat2,S3_probe,11.451166152954102,2.8750038146972656,True,nat
41,nat3,S3_probe,10.083979606628418,5.000001907348633,True,nat
41,nat4,S3_probe,-2.6973721981048584,0.6250057220458984,False,nat
41,nat5,S3_probe,10.385442733764648,4.250001907348633,False,nat
41,nat6,S3_probe,-2.6973721981048584,0.6250057220458984,False,nat
41,nat7,S3_probe,9.747943878173828,4.375001907348633,True,nat
41,nat8,S3_probe,3.5416460037231445,1.1250038146972656,False,nat
41,nat9,S3_probe,10.367532730102539,4.000001907348633,False,nat
41,orig,S4_deberta,6.975486755371094,1.1250038146972656,False,none
41,nat0,S4_deberta,6.035985946655273,2.2500038146972656,False,nat
41,nat1,S4_deberta,6.975486755371094,1.1250038146972656,False,nat
41,nat2,S4_deberta,1.1975433826446533,2.8750038146972656,True,nat
41,nat3,S4_deberta,-2.187920570373535,5.000001907348633,True,nat
41,nat4,S4_deberta,-2.8299338817596436,0.6250057220458984,False,nat
41,nat5,S4_deberta,7.419085502624512,4.250001907348633,False,nat
41,nat6,S4_deberta,-2.8299338817596436,0.6250057220458984,False,nat
41,nat7,S4_deberta,-2.488605499267578,4.375001907348633,True,nat
41,nat8,S4_deberta,6.975486755371094,1.1250038146972656,False,nat
41,nat9,S4_deberta,7.333718299865723,4.000001907348633,False,nat
42,chosen,S2_tfidf,-5.069484378822571,3.3750038146972656,False,char-level
42,chosen,S1_qwen06,-2.163026809692383,-1.249990463256836,False,encoding
42,chosen,S5_lg3_1b,-2.3125,7.125,True,char-level
42,chosen,S3_probe,-9.707376480102539,6.875,False,encoding
42,chosen,S4_deberta,-4.45866584777832,9.125,True,char-level
42,orig,S2_tfidf,2.175104329739283,9.5,False,none
42,nat0,S2_tfidf,-1.6156944004587983,2.6250038146972656,True,nat
42,nat1,S2_tfidf,-1.5433853650566534,6.250001907348633,False,nat
42,nat2,S2_tfidf,-0.0960118322425938,6.875,True,nat
42,nat3,S2_tfidf,-1.1073911149218847,7.000001907348633,True,nat
42,nat4,S2_tfidf,-3.1129789893411193,5.250001907348633,True,nat
42,nat5,S2_tfidf,-4.207476658062164,1.6250057220458984,True,nat
42,nat6,S2_tfidf,-0.13709046264662672,8.125,True,nat
42,nat7,S2_tfidf,-1.416310764063168,6.625001907348633,True,nat
42,nat8,S2_tfidf,-4.715484628929344,3.1250038146972656,False,nat
42,nat9,S2_tfidf,-3.6230690892184487,1.3750038146972656,False,nat
42,orig,S1_qwen06,7.031414031982422,9.5,False,none
42,nat0,S1_qwen06,0.08811187744140625,2.6250038146972656,True,nat
42,nat1,S1_qwen06,2.114095687866211,6.250001907348633,False,nat
42,nat2,S1_qwen06,5.454917907714844,6.875,True,nat
42,nat3,S1_qwen06,1.0480384826660156,7.000001907348633,True,nat
42,nat4,S1_qwen06,1.0451431274414062,5.250001907348633,True,nat
42,nat5,S1_qwen06,-1.5897750854492188,1.6250057220458984,True,nat
42,nat6,S1_qwen06,2.261869430541992,8.125,True,nat
42,nat7,S1_qwen06,-0.9732933044433594,6.625001907348633,True,nat
42,nat8,S1_qwen06,3.589994430541992,3.1250038146972656,False,nat
42,nat9,S1_qwen06,3.540060043334961,1.3750038146972656,False,nat
42,orig,S5_lg3_1b,7.34375,9.5,False,none
42,nat0,S5_lg3_1b,3.765625,2.6250038146972656,True,nat
42,nat1,S5_lg3_1b,2.265625,6.250001907348633,False,nat
42,nat2,S5_lg3_1b,4.71875,6.875,True,nat
42,nat3,S5_lg3_1b,1.34375,7.000001907348633,True,nat
42,nat4,S5_lg3_1b,4.640625,5.250001907348633,True,nat
42,nat5,S5_lg3_1b,1.921875,1.6250057220458984,True,nat
42,nat6,S5_lg3_1b,4.90625,8.125,True,nat
42,nat7,S5_lg3_1b,3.609375,6.625001907348633,True,nat
42,nat8,S5_lg3_1b,4.0625,3.1250038146972656,False,nat
42,nat9,S5_lg3_1b,3.21875,1.3750038146972656,False,nat
42,orig,S3_probe,2.6137638092041016,9.5,False,none
42,nat0,S3_probe,1.3406745195388794,2.6250038146972656,True,nat
42,nat1,S3_probe,5.585996627807617,6.250001907348633,False,nat
42,nat2,S3_probe,-8.691158294677734,6.875,True,nat
42,nat3,S3_probe,1.9088441133499146,7.000001907348633,True,nat
42,nat4,S3_probe,3.6300525665283203,5.250001907348633,True,nat
42,nat5,S3_probe,-0.06469908356666565,1.6250057220458984,True,nat
42,nat6,S3_probe,5.047374725341797,8.125,True,nat
42,nat7,S3_probe,8.572351455688477,6.625001907348633,True,nat
42,nat8,S3_probe,1.9048959016799927,3.1250038146972656,False,nat
42,nat9,S3_probe,1.7798863649368286,1.3750038146972656,False,nat
42,orig,S4_deberta,2.245730400085449,9.5,False,none
42,nat0,S4_deberta,-3.022296905517578,2.6250038146972656,True,nat
42,nat1,S4_deberta,-1.3313708305358887,6.250001907348633,False,nat
42,nat2,S4_deberta,3.7552480697631836,6.875,True,nat
42,nat3,S4_deberta,-4.027935981750488,7.000001907348633,True,nat
42,nat4,S4_deberta,-3.33601450920105,5.250001907348633,True,nat
42,nat5,S4_deberta,-3.2809829711914062,1.6250057220458984,True,nat
42,nat6,S4_deberta,-2.7678842544555664,8.125,True,nat
42,nat7,S4_deberta,-2.9165422916412354,6.625001907348633,True,nat
42,nat8,S4_deberta,-3.503382921218872,3.1250038146972656,False,nat
42,nat9,S4_deberta,-1.7166361808776855,1.3750038146972656,False,nat
43,chosen,S2_tfidf,-5.011478555916344,7.25,True,char-level
43,chosen,S1_qwen06,-0.4375114440917969,7.875,True,char-level
43,chosen,S5_lg3_1b,-3.0,6.250001907348633,True,char-level
43,chosen,S3_probe,-9.360106468200684,5.750001907348633,False,encoding
43,chosen,S4_deberta,-3.4021520614624023,6.875,True,char-level
43,orig,S2_tfidf,-2.736708272001356,9.375,False,none
43,nat0,S2_tfidf,-3.451960921599583,8.375,True,nat
43,nat1,S2_tfidf,-2.06255254201736,9.125,False,nat
43,nat2,S2_tfidf,-1.3977723400068245,8.875,False,nat
43,nat3,S2_tfidf,-3.8696956006070984,8.125,False,nat
43,nat4,S2_tfidf,-2.736708272001356,9.5,False,nat
43,nat5,S2_tfidf,-2.6885257291911113,8.875,False,nat
43,nat6,S2_tfidf,-1.6621319532641974,9.5,False,nat
43,nat7,S2_tfidf,-2.193956595657042,3.2500038146972656,True,nat
43,nat8,S2_tfidf,-4.222298816598046,8.5,True,nat
43,nat9,S2_tfidf,-2.200839227232998,9.125,False,nat
43,orig,S1_qwen06,6.7843780517578125,9.375,False,none
43,nat0,S1_qwen06,4.443759918212891,8.375,True,nat
43,nat1,S1_qwen06,5.082111358642578,9.125,False,nat
43,nat2,S1_qwen06,4.911893844604492,8.875,False,nat
43,nat3,S1_qwen06,2.9231605529785156,8.125,False,nat
43,nat4,S1_qwen06,6.7687530517578125,9.5,False,nat
43,nat5,S1_qwen06,6.30792236328125,8.875,False,nat
43,nat6,S1_qwen06,5.60173225402832,9.5,False,nat
43,nat7,S1_qwen06,-0.5216617584228516,3.2500038146972656,True,nat
43,nat8,S1_qwen06,3.8633689880371094,8.5,True,nat
43,nat9,S1_qwen06,2.623109817504883,9.125,False,nat
43,orig,S5_lg3_1b,5.203125,9.375,False,none
43,nat0,S5_lg3_1b,0.234375,8.375,True,nat
43,nat1,S5_lg3_1b,4.578125,9.125,False,nat
43,nat2,S5_lg3_1b,3.984375,8.875,False,nat
43,nat3,S5_lg3_1b,1.609375,8.125,False,nat
43,nat4,S5_lg3_1b,5.1875,9.5,False,nat
43,nat5,S5_lg3_1b,3.40625,8.875,False,nat
43,nat6,S5_lg3_1b,5.75,9.5,False,nat
43,nat7,S5_lg3_1b,-0.828125,3.2500038146972656,True,nat
43,nat8,S5_lg3_1b,1.5,8.5,True,nat
43,nat9,S5_lg3_1b,2.5625,9.125,False,nat
43,orig,S3_probe,3.376152992248535,9.375,False,none
43,nat0,S3_probe,8.552836418151855,8.375,True,nat
43,nat1,S3_probe,6.334466934204102,9.125,False,nat
43,nat2,S3_probe,7.394564628601074,8.875,False,nat
43,nat3,S3_probe,8.28643798828125,8.125,False,nat
43,nat4,S3_probe,3.376152992248535,9.5,False,nat
43,nat5,S3_probe,10.058548927307129,8.875,False,nat
43,nat6,S3_probe,8.802522659301758,9.5,False,nat
43,nat7,S3_probe,2.942673683166504,3.2500038146972656,True,nat
43,nat8,S3_probe,8.548725128173828,8.5,True,nat
43,nat9,S3_probe,3.921078681945801,9.125,False,nat
43,orig,S4_deberta,6.682291507720947,9.375,False,none
43,nat0,S4_deberta,4.7982587814331055,8.375,True,nat
43,nat1,S4_deberta,7.4246344566345215,9.125,False,nat
43,nat2,S4_deberta,6.531957626342773,8.875,False,nat
43,nat3,S4_deberta,5.931330680847168,8.125,False,nat
43,nat4,S4_deberta,6.6822896003723145,9.5,False,nat
43,nat5,S4_deberta,7.7429962158203125,8.875,False,nat
43,nat6,S4_deberta,7.530759334564209,9.5,False,nat
43,nat7,S4_deberta,-2.6690964698791504,3.2500038146972656,True,nat
43,nat8,S4_deberta,6.4403581619262695,8.5,True,nat
43,nat9,S4_deberta,6.812282562255859,9.125,False,nat
44,chosen,S2_tfidf,-2.8112090951285156,1.5000038146972656,False,encoding
44,chosen,S1_qwen06,-1.7017498016357422,0.6250057220458984,False,encoding
44,chosen,S5_lg3_1b,0.703125,0.6250057220458984,False,encoding
44,chosen,S3_probe,-10.57368278503418,0.7500057220458984,True,encoding
44,chosen,S4_deberta,-3.2254366874694824,2.6250038146972656,True,char-level
44,orig,S2_tfidf,3.2081990411514907,1.5000038146972656,False,none
44,nat0,S2_tfidf,0.6259646152547076,0.7500057220458984,True,nat
44,nat1,S2_tfidf,3.2081990411514907,1.5000057220458984,False,nat
44,nat2,S2_tfidf,0.8011064177166662,4.375001907348633,True,nat
44,nat3,S2_tfidf,0.636981734571709,1.5000057220458984,False,nat
44,nat4,S2_tfidf,-2.7215984067946923,3.2500038146972656,True,nat
44,nat5,S2_tfidf,-1.0992985334392635,0.6250057220458984,False,nat
44,nat6,S2_tfidf,1.4369960226004628,0.8750057220458984,False,nat
44,nat7,S2_tfidf,0.6259646152547076,0.7500057220458984,True,nat
44,nat8,S2_tfidf,1.4369960226004628,0.8750057220458984,False,nat
44,nat9,S2_tfidf,2.0074299958292885,2.5000038146972656,True,nat
44,orig,S1_qwen06,5.513944625854492,1.5000038146972656,False,none
44,nat0,S1_qwen06,4.79296875,0.7500057220458984,True,nat
44,nat1,S1_qwen06,5.513944625854492,1.5000057220458984,False,nat
44,nat2,S1_qwen06,2.011232376098633,4.375001907348633,True,nat
44,nat3,S1_qwen06,1.3593330383300781,1.5000057220458984,False,nat
44,nat4,S1_qwen06,1.581216812133789,3.2500038146972656,True,nat
44,nat5,S1_qwen06,-1.7164020538330078,0.6250057220458984,False,nat
44,nat6,S1_qwen06,2.176168441772461,0.8750057220458984,False,nat
44,nat7,S1_qwen06,4.77734375,0.7500057220458984,True,nat
44,nat8,S1_qwen06,2.176168441772461,0.8750057220458984,False,nat
44,nat9,S1_qwen06,1.394918441772461,2.5000038146972656,True,nat
44,orig,S5_lg3_1b,4.96875,1.5000038146972656,False,none
44,nat0,S5_lg3_1b,2.359375,0.7500057220458984,True,nat
44,nat1,S5_lg3_1b,4.96875,1.5000057220458984,False,nat
44,nat2,S5_lg3_1b,4.6875,4.375001907348633,True,nat
44,nat3,S5_lg3_1b,3.421875,1.5000057220458984,False,nat
44,nat4,S5_lg3_1b,3.75,3.2500038146972656,True,nat
44,nat5,S5_lg3_1b,0.703125,0.6250057220458984,False,nat
44,nat6,S5_lg3_1b,1.625,0.8750057220458984,False,nat
44,nat7,S5_lg3_1b,2.359375,0.7500057220458984,True,nat
44,nat8,S5_lg3_1b,1.625,0.8750057220458984,False,nat
44,nat9,S5_lg3_1b,3.609375,2.5000038146972656,True,nat
44,orig,S3_probe,7.904720306396484,1.5000038146972656,False,none
44,nat0,S3_probe,-10.57368278503418,0.7500057220458984,True,nat
44,nat1,S3_probe,7.904720306396484,1.5000057220458984,False,nat
44,nat2,S3_probe,3.109571933746338,4.375001907348633,True,nat
44,nat3,S3_probe,6.530398368835449,1.5000057220458984,False,nat
44,nat4,S3_probe,2.9490323066711426,3.2500038146972656,True,nat
44,nat5,S3_probe,-1.3056598901748657,0.6250057220458984,False,nat
44,nat6,S3_probe,-4.875911712646484,0.8750057220458984,False,nat
44,nat7,S3_probe,-10.57368278503418,0.7500057220458984,True,nat
44,nat8,S3_probe,-4.877651214599609,0.8750057220458984,False,nat
44,nat9,S3_probe,2.7549028396606445,2.5000038146972656,True,nat
44,orig,S4_deberta,4.430594444274902,1.5000038146972656,False,none
44,nat0,S4_deberta,4.413145065307617,0.7500057220458984,True,nat
44,nat1,S4_deberta,4.430596828460693,1.5000057220458984,False,nat
44,nat2,S4_deberta,-3.420121192932129,4.375001907348633,True,nat
44,nat3,S4_deberta,4.029555320739746,1.5000057220458984,False,nat
44,nat4,S4_deberta,-3.16018009185791,3.2500038146972656,True,nat
44,nat5,S4_deberta,-2.9669203758239746,0.6250057220458984,False,nat
44,nat6,S4_deberta,5.03077507019043,0.8750057220458984,False,nat
44,nat7,S4_deberta,4.413145065307617,0.7500057220458984,True,nat
44,nat8,S4_deberta,5.03077507019043,0.8750057220458984,False,nat
44,nat9,S4_deberta,-0.9788658618927002,2.5000038146972656,True,nat
45,chosen,S2_tfidf,-1.7569240290957735,2.5000038146972656,False,char-level
45,chosen,S1_qwen06,-0.5291690826416016,3.750001907348633,True,char-level
45,chosen,S5_lg3_1b,2.5,7.875,True,char-level
45,chosen,S3_probe,-9.042937278747559,5.5,False,encoding
45,chosen,S4_deberta,-4.077996253967285,5.875001907348633,True,char-level
45,orig,S2_tfidf,6.52565900938763,8.375,False,none
45,nat0,S2_tfidf,1.888644397465568,6.0,True,nat
45,nat1,S2_tfidf,3.9479987369706757,6.75,True,nat
45,nat2,S2_tfidf,3.6049047619477994,5.625,False,nat
45,nat3,S2_tfidf,0.8540488769425589,6.375,True,nat
45,nat4,S2_tfidf,2.867295202337825,7.25,False,nat
45,nat5,S2_tfidf,3.3121102883388414,7.5,True,nat
45,nat6,S2_tfidf,6.52565900938763,8.375,False,nat
45,nat7,S2_tfidf,0.8449627993342943,5.875001907348633,False,nat
45,nat8,S2_tfidf,1.3255933598271368,2.3750038146972656,False,nat
45,nat9,S2_tfidf,0.3210839289320313,4.625001907348633,False,nat
45,orig,S1_qwen06,6.2348480224609375,8.375,False,none
45,nat0,S1_qwen06,6.255836486816406,6.0,True,nat
45,nat1,S1_qwen06,5.586219787597656,6.75,True,nat
45,nat2,S1_qwen06,6.108587265014648,5.625,False,nat
45,nat3,S1_qwen06,1.673492431640625,6.375,True,nat
45,nat4,S1_qwen06,5.434211730957031,7.25,False,nat
45,nat5,S1_qwen06,4.765785217285156,7.5,True,nat
45,nat6,S1_qwen06,6.250457763671875,8.375,False,nat
45,nat7,S1_qwen06,3.7832984924316406,5.875001907348633,False,nat
45,nat8,S1_qwen06,-0.1108245849609375,2.3750038146972656,False,nat
45,nat9,S1_qwen06,0.7892074584960938,4.625001907348633,False,nat
45,orig,S5_lg3_1b,7.921875,8.375,False,none
45,nat0,S5_lg3_1b,5.453125,6.0,True,nat
45,nat1,S5_lg3_1b,7.0625,6.75,True,nat
45,nat2,S5_lg3_1b,6.34375,5.625,False,nat
45,nat3,S5_lg3_1b,6.84375,6.375,True,nat
45,nat4,S5_lg3_1b,5.359375,7.25,False,nat
45,nat5,S5_lg3_1b,5.4375,7.5,True,nat
45,nat6,S5_lg3_1b,7.921875,8.375,False,nat
45,nat7,S5_lg3_1b,5.40625,5.875001907348633,False,nat
45,nat8,S5_lg3_1b,2.828125,2.3750038146972656,False,nat
45,nat9,S5_lg3_1b,2.59375,4.625001907348633,False,nat
45,orig,S3_probe,10.649635314941406,8.375,False,none
45,nat0,S3_probe,-5.6928839683532715,6.0,True,nat
45,nat1,S3_probe,13.495229721069336,6.75,True,nat
45,nat2,S3_probe,0.6150089502334595,5.625,False,nat
45,nat3,S3_probe,3.0802993774414062,6.375,True,nat
45,nat4,S3_probe,1.495235562324524,7.25,False,nat
45,nat5,S3_probe,0.14675721526145935,7.5,True,nat
45,nat6,S3_probe,10.637344360351562,8.375,False,nat
45,nat7,S3_probe,12.594291687011719,5.875001907348633,False,nat
45,nat8,S3_probe,1.9309712648391724,2.3750038146972656,False,nat
45,nat9,S3_probe,2.713895797729492,4.625001907348633,False,nat
45,orig,S4_deberta,6.50357723236084,8.375,False,none
45,nat0,S4_deberta,5.274702072143555,6.0,True,nat
45,nat1,S4_deberta,-2.054255723953247,6.75,True,nat
45,nat2,S4_deberta,5.285333633422852,5.625,False,nat
45,nat3,S4_deberta,-3.4760332107543945,6.375,True,nat
45,nat4,S4_deberta,-2.4725403785705566,7.25,False,nat
45,nat5,S4_deberta,3.822141647338867,7.5,True,nat
45,nat6,S4_deberta,6.503576755523682,8.375,False,nat
45,nat7,S4_deberta,4.125065326690674,5.875001907348633,False,nat
45,nat8,S4_deberta,-3.8025593757629395,2.3750038146972656,False,nat
45,nat9,S4_deberta,4.42915153503418,4.625001907348633,False,nat
46,chosen,S2_tfidf,-3.358003992085746,3.1250038146972656,False,char-level
46,chosen,S1_qwen06,-2.1514816284179688,-1.124990463256836,False,encoding
46,chosen,S5_lg3_1b,-1.71875,2.3750038146972656,True,char-level
46,chosen,S3_probe,-10.532535552978516,5.625001907348633,False,encoding
46,chosen,S4_deberta,-3.285212755203247,3.750001907348633,True,char-level
46,orig,S2_tfidf,1.5759037216435947,8.375,False,none
46,nat0,S2_tfidf,0.8708165455564256,2.2500038146972656,True,nat
46,nat1,S2_tfidf,-3.304444062088291,0.8750057220458984,False,nat
46,nat2,S2_tfidf,1.09309580122949,4.250001907348633,True,nat
46,nat3,S2_tfidf,2.034191546806162,7.625,False,nat
46,nat4,S2_tfidf,1.2228076409867439,2.5000038146972656,True,nat
46,nat5,S2_tfidf,1.462207552035926,2.2500038146972656,True,nat
46,nat6,S2_tfidf,0.8137124778072244,7.625,True,nat
46,nat7,S2_tfidf,0.5124743315474023,6.75,False,nat
46,nat8,S2_tfidf,-2.4177557073396727,1.2500057220458984,True,nat
46,nat9,S2_tfidf,2.127594347977512,4.500001907348633,True,nat
46,orig,S1_qwen06,7.296977996826172,8.375,False,none
46,nat0,S1_qwen06,0.04083824157714844,2.2500038146972656,True,nat
46,nat1,S1_qwen06,-1.0280780792236328,0.8750057220458984,False,nat
46,nat2,S1_qwen06,3.319253921508789,4.250001907348633,True,nat
46,nat3,S1_qwen06,6.132036209106445,7.625,False,nat
46,nat4,S1_qwen06,4.60215950012207,2.5000038146972656,True,nat
46,nat5,S1_qwen06,1.6652240753173828,2.2500038146972656,True,nat
46,nat6,S1_qwen06,4.774471282958984,7.625,True,nat
46,nat7,S1_qwen06,5.398630142211914,6.75,False,nat
46,nat8,S1_qwen06,0.3594970703125,1.2500057220458984,True,nat
46,nat9,S1_qwen06,3.5318145751953125,4.500001907348633,True,nat
46,orig,S5_lg3_1b,6.046875,8.375,False,none
46,nat0,S5_lg3_1b,0.3125,2.2500038146972656,True,nat
46,nat1,S5_lg3_1b,1.390625,0.8750057220458984,False,nat
46,nat2,S5_lg3_1b,3.140625,4.250001907348633,True,nat
46,nat3,S5_lg3_1b,6.03125,7.625,False,nat
46,nat4,S5_lg3_1b,-2.765625,2.5000038146972656,True,nat
46,nat5,S5_lg3_1b,2.84375,2.2500038146972656,True,nat
46,nat6,S5_lg3_1b,2.9375,7.625,True,nat
46,nat7,S5_lg3_1b,4.34375,6.75,False,nat
46,nat8,S5_lg3_1b,0.953125,1.2500057220458984,True,nat
46,nat9,S5_lg3_1b,1.578125,4.500001907348633,True,nat
46,orig,S3_probe,5.00030517578125,8.375,False,none
46,nat0,S3_probe,0.8123799562454224,2.2500038146972656,True,nat
46,nat1,S3_probe,-3.8082315921783447,0.8750057220458984,False,nat
46,nat2,S3_probe,7.0902252197265625,4.250001907348633,True,nat
46,nat3,S3_probe,10.503044128417969,7.625,False,nat
46,nat4,S3_probe,3.9812679290771484,2.5000038146972656,True,nat
46,nat5,S3_probe,1.8575488328933716,2.2500038146972656,True,nat
46,nat6,S3_probe,5.656308174133301,7.625,True,nat
46,nat7,S3_probe,9.053618431091309,6.75,False,nat
46,nat8,S3_probe,2.9898719787597656,1.2500057220458984,True,nat
46,nat9,S3_probe,6.281341552734375,4.500001907348633,True,nat
46,orig,S4_deberta,8.036534309387207,8.375,False,none
46,nat0,S4_deberta,-2.2627811431884766,2.2500038146972656,True,nat
46,nat1,S4_deberta,-3.288409471511841,0.8750057220458984,False,nat
46,nat2,S4_deberta,-2.4138569831848145,4.250001907348633,True,nat
46,nat3,S4_deberta,7.958247184753418,7.625,False,nat
46,nat4,S4_deberta,3.7585597038269043,2.5000038146972656,True,nat
46,nat5,S4_deberta,-3.0309386253356934,2.2500038146972656,True,nat
46,nat6,S4_deberta,2.1810035705566406,7.625,True,nat
46,nat7,S4_deberta,6.660884857177734,6.75,False,nat
46,nat8,S4_deberta,-2.7395076751708984,1.2500057220458984,True,nat
46,nat9,S4_deberta,-1.301820993423462,4.500001907348633,True,nat
47,chosen,S2_tfidf,-2.250717282332321,0.7500057220458984,False,encoding
47,chosen,S1_qwen06,-2.2888660430908203,-1.7499885559082031,False,encoding
47,chosen,S5_lg3_1b,-2.671875,2.2500038146972656,True,char-level
47,chosen,S3_probe,-9.797009468078613,5.250001907348633,False,encoding
47,chosen,S4_deberta,-4.256214141845703,6.25,True,char-level
47,orig,S2_tfidf,7.010854063569158,9.125,False,none
47,nat0,S2_tfidf,3.582170617606197,5.625001907348633,True,nat
47,nat1,S2_tfidf,7.010854063569158,9.0,False,nat
47,nat2,S2_tfidf,4.471145042762473,7.75,False,nat
47,nat3,S2_tfidf,5.039493691891096,4.875001907348633,True,nat
47,nat4,S2_tfidf,5.732662677259263,8.0,False,nat
47,nat5,S2_tfidf,3.72517277822726,7.25,False,nat
47,nat6,S2_tfidf,2.776684904558989,5.250001907348633,False,nat
47,nat7,S2_tfidf,1.501653503471841,4.750001907348633,True,nat
47,nat8,S2_tfidf,1.486249265744563,8.0,False,nat
47,nat9,S2_tfidf,4.338129022669609,8.5,False,nat
47,orig,S1_qwen06,8.703136444091797,9.125,False,none
47,nat0,S1_qwen06,2.3230113983154297,5.625001907348633,True,nat
47,nat1,S1_qwen06,8.718761444091797,9.0,False,nat
47,nat2,S1_qwen06,6.938549041748047,7.75,False,nat
47,nat3,S1_qwen06,0.05859565734863281,4.875001907348633,True,nat
47,nat4,S1_qwen06,7.0001678466796875,8.0,False,nat
47,nat5,S1_qwen06,6.380928039550781,7.25,False,nat
47,nat6,S1_qwen06,6.388944625854492,5.250001907348633,False,nat
47,nat7,S1_qwen06,1.303701400756836,4.750001907348633,True,nat
47,nat8,S1_qwen06,4.355342864990234,8.0,False,nat
47,nat9,S1_qwen06,6.735118865966797,8.5,False,nat
47,orig,S5_lg3_1b,8.046875,9.125,False,none
47,nat0,S5_lg3_1b,2.734375,5.625001907348633,True,nat
47,nat1,S5_lg3_1b,8.046875,9.0,False,nat
47,nat2,S5_lg3_1b,7.546875,7.75,False,nat
47,nat3,S5_lg3_1b,-3.09375,4.875001907348633,True,nat
47,nat4,S5_lg3_1b,7.09375,8.0,False,nat
47,nat5,S5_lg3_1b,6.359375,7.25,False,nat
47,nat6,S5_lg3_1b,4.296875,5.250001907348633,False,nat
47,nat7,S5_lg3_1b,1.109375,4.750001907348633,True,nat
47,nat8,S5_lg3_1b,4.671875,8.0,False,nat
47,nat9,S5_lg3_1b,6.0625,8.5,False,nat
47,orig,S3_probe,5.219482421875,9.125,False,none
47,nat0,S3_probe,8.702478408813477,5.625001907348633,True,nat
47,nat1,S3_probe,5.219482421875,9.0,False,nat
47,nat2,S3_probe,5.829194068908691,7.75,False,nat
47,nat3,S3_probe,6.4796142578125,4.875001907348633,True,nat
47,nat4,S3_probe,8.811469078063965,8.0,False,nat
47,nat5,S3_probe,9.108468055725098,7.25,False,nat
47,nat6,S3_probe,-8.145157814025879,5.250001907348633,False,nat
47,nat7,S3_probe,2.2494726181030273,4.750001907348633,True,nat
47,nat8,S3_probe,8.965132713317871,8.0,False,nat
47,nat9,S3_probe,15.243189811706543,8.5,False,nat
47,orig,S4_deberta,6.76570463180542,9.125,False,none
47,nat0,S4_deberta,-2.580118179321289,5.625001907348633,True,nat
47,nat1,S4_deberta,6.765705108642578,9.0,False,nat
47,nat2,S4_deberta,7.659615516662598,7.75,False,nat
47,nat3,S4_deberta,-3.303523063659668,4.875001907348633,True,nat
47,nat4,S4_deberta,6.736172676086426,8.0,False,nat
47,nat5,S4_deberta,6.936839580535889,7.25,False,nat
47,nat6,S4_deberta,6.772686958312988,5.250001907348633,False,nat
47,nat7,S4_deberta,-2.713489294052124,4.750001907348633,True,nat
47,nat8,S4_deberta,5.273642063140869,8.0,False,nat
47,nat9,S4_deberta,7.010499477386475,8.5,False,nat
48,chosen,S2_tfidf,-6.8263916659939,-1.7499885559082031,True,char-level
48,chosen,S1_qwen06,-3.8330764770507812,-4.999990463256836,False,char-level
48,chosen,S5_lg3_1b,-6.15625,-4.874990463256836,False,char-level
48,chosen,S3_probe,-9.072969436645508,2.750001907348633,True,encoding
48,chosen,S4_deberta,-4.905060768127441,4.750001907348633,True,char-level
48,orig,S2_tfidf,-1.9846955610467125,3.625001907348633,False,none
48,nat0,S2_tfidf,-2.3520197734495505,3.500001907348633,False,nat
48,nat1,S2_tfidf,-0.7996670114160885,1.0000038146972656,False,nat
48,nat2,S2_tfidf,-2.6728766672544966,2.750001907348633,True,nat
48,nat3,S2_tfidf,-2.9735047990126997,0.5000057220458984,False,nat
48,nat4,S2_tfidf,-2.415841203659329,1.0000038146972656,False,nat
48,nat5,S2_tfidf,-4.289659614763679,1.6250038146972656,False,nat
48,nat6,S2_tfidf,-3.249063670321174,-0.37499237060546875,False,nat
48,nat7,S2_tfidf,-1.9846955610467125,3.500001907348633,False,nat
48,nat8,S2_tfidf,-1.6818411255815695,-0.6249904632568359,False,nat
48,nat9,S2_tfidf,-0.6207700373609873,4.500001907348633,True,nat
48,orig,S1_qwen06,7.079051971435547,3.625001907348633,False,none
48,nat0,S1_qwen06,5.616283416748047,3.500001907348633,False,nat
48,nat1,S1_qwen06,2.970365524291992,1.0000038146972656,False,nat
48,nat2,S1_qwen06,4.388437271118164,2.750001907348633,True,nat
48,nat3,S1_qwen06,-0.7080764770507812,0.5000057220458984,False,nat
48,nat4,S1_qwen06,0.6514396667480469,1.0000038146972656,False,nat
48,nat5,S1_qwen06,0.7005481719970703,1.6250038146972656,False,nat
48,nat6,S1_qwen06,-0.44353675842285156,-0.37499237060546875,False,nat
48,nat7,S1_qwen06,7.094676971435547,3.500001907348633,False,nat
48,nat8,S1_qwen06,1.9982681274414062,-0.6249904632568359,False,nat
48,nat9,S1_qwen06,1.5381355285644531,4.500001907348633,True,nat
48,orig,S5_lg3_1b,3.796875,3.625001907348633,False,none
48,nat0,S5_lg3_1b,4.109375,3.500001907348633,False,nat
48,nat1,S5_lg3_1b,4.015625,1.0000038146972656,False,nat
48,nat2,S5_lg3_1b,3.328125,2.750001907348633,True,nat
48,nat3,S5_lg3_1b,1.015625,0.5000057220458984,False,nat
48,nat4,S5_lg3_1b,2.046875,1.0000038146972656,False,nat
48,nat5,S5_lg3_1b,1.0625,1.6250038146972656,False,nat
48,nat6,S5_lg3_1b,-0.421875,-0.37499237060546875,False,nat
48,nat7,S5_lg3_1b,3.78125,3.500001907348633,False,nat
48,nat8,S5_lg3_1b,-3.59375,-0.6249904632568359,False,nat
48,nat9,S5_lg3_1b,-6.296875,4.500001907348633,True,nat
48,orig,S3_probe,-0.4679183065891266,3.625001907348633,False,none
48,nat0,S3_probe,2.7896900177001953,3.500001907348633,False,nat
48,nat1,S3_probe,-1.9181488752365112,1.0000038146972656,False,nat
48,nat2,S3_probe,-9.072969436645508,2.750001907348633,True,nat
48,nat3,S3_probe,-2.737234592437744,0.5000057220458984,False,nat
48,nat4,S3_probe,-5.25963020324707,1.0000038146972656,False,nat
48,nat5,S3_probe,9.004721641540527,1.6250038146972656,False,nat
48,nat6,S3_probe,-1.9064024686813354,-0.37499237060546875,False,nat
48,nat7,S3_probe,-0.4591177999973297,3.500001907348633,False,nat
48,nat8,S3_probe,-2.6111764907836914,-0.6249904632568359,False,nat
48,nat9,S3_probe,2.411571502685547,4.500001907348633,True,nat
48,orig,S4_deberta,3.9736781120300293,3.625001907348633,False,none
48,nat0,S4_deberta,5.192475318908691,3.500001907348633,False,nat
48,nat1,S4_deberta,5.181280136108398,1.0000038146972656,False,nat
48,nat2,S4_deberta,4.665589332580566,2.750001907348633,True,nat
48,nat3,S4_deberta,-3.3690991401672363,0.5000057220458984,False,nat
48,nat4,S4_deberta,4.957849979400635,1.0000038146972656,False,nat
48,nat5,S4_deberta,-4.022611141204834,1.6250038146972656,False,nat
48,nat6,S4_deberta,-4.5585527420043945,-0.37499237060546875,False,nat
48,nat7,S4_deberta,3.9736790657043457,3.500001907348633,False,nat
48,nat8,S4_deberta,4.717871189117432,-0.6249904632568359,False,nat
48,nat9,S4_deberta,-3.6414475440979004,4.500001907348633,True,nat
49,chosen,S2_tfidf,-2.5542777921518374,1.0000057220458984,False,encoding
49,chosen,S1_qwen06,-2.279874801635742,-0.7499885559082031,False,encoding
49,chosen,S5_lg3_1b,0.671875,-0.7499885559082031,False,encoding
49,chosen,S3_probe,-9.281790733337402,4.875001907348633,True,encoding
49,chosen,S4_deberta,-3.1681346893310547,1.1250057220458984,False,encoding
49,orig,S2_tfidf,9.176521154274619,8.375,False,none
49,nat0,S2_tfidf,4.193531659986745,8.25,False,nat
49,nat1,S2_tfidf,6.466440614751257,8.0,False,nat
49,nat2,S2_tfidf,3.6231071536612633,5.000001907348633,True,nat
49,nat3,S2_tfidf,9.176521154274619,8.25,False,nat
49,nat4,S2_tfidf,7.187928890426989,7.875,True,nat
49,nat5,S2_tfidf,4.607755660366659,5.875,False,nat
49,nat6,S2_tfidf,5.299211651006968,7.75,False,nat
49,nat7,S2_tfidf,1.8745343454148216,7.0,False,nat
49,nat8,S2_tfidf,4.073614037540728,7.75,True,nat
49,nat9,S2_tfidf,6.346810628962946,8.25,False,nat
49,orig,S1_qwen06,6.2032470703125,8.375,False,none
49,nat0,S1_qwen06,5.296779632568359,8.25,False,nat
49,nat1,S1_qwen06,6.4536590576171875,8.0,False,nat
49,nat2,S1_qwen06,6.488924026489258,5.000001907348633,True,nat
49,nat3,S1_qwen06,6.218868255615234,8.25,False,nat
49,nat4,S1_qwen06,1.5068855285644531,7.875,True,nat
49,nat5,S1_qwen06,6.178590774536133,5.875,False,nat
49,nat6,S1_qwen06,4.345798492431641,7.75,False,nat
49,nat7,S1_qwen06,5.537817001342773,7.0,False,nat
49,nat8,S1_qwen06,4.158330917358398,7.75,True,nat
49,nat9,S1_qwen06,6.129207611083984,8.25,False,nat
49,orig,S5_lg3_1b,7.9375,8.375,False,none
49,nat0,S5_lg3_1b,7.5,8.25,False,nat
49,nat1,S5_lg3_1b,6.796875,8.0,False,nat
49,nat2,S5_lg3_1b,4.25,5.000001907348633,True,nat
49,nat3,S5_lg3_1b,7.953125,8.25,False,nat
49,nat4,S5_lg3_1b,3.734375,7.875,True,nat
49,nat5,S5_lg3_1b,6.984375,5.875,False,nat
49,nat6,S5_lg3_1b,7.671875,7.75,False,nat
49,nat7,S5_lg3_1b,5.015625,7.0,False,nat
49,nat8,S5_lg3_1b,4.5625,7.75,True,nat
49,nat9,S5_lg3_1b,8.09375,8.25,False,nat
49,orig,S3_probe,8.64166259765625,8.375,False,none
49,nat0,S3_probe,6.488747596740723,8.25,False,nat
49,nat1,S3_probe,7.244126796722412,8.0,False,nat
49,nat2,S3_probe,-9.281790733337402,5.000001907348633,True,nat
49,nat3,S3_probe,8.65074348449707,8.25,False,nat
49,nat4,S3_probe,10.407573699951172,7.875,True,nat
49,nat5,S3_probe,1.667380928993225,5.875,False,nat
49,nat6,S3_probe,10.464637756347656,7.75,False,nat
49,nat7,S3_probe,9.973065376281738,7.0,False,nat
49,nat8,S3_probe,7.611856460571289,7.75,True,nat
49,nat9,S3_probe,11.34158706665039,8.25,False,nat
49,orig,S4_deberta,8.095409393310547,8.375,False,none
49,nat0,S4_deberta,6.758958339691162,8.25,False,nat
49,nat1,S4_deberta,7.982664108276367,8.0,False,nat
49,nat2,S4_deberta,7.758299827575684,5.000001907348633,True,nat
49,nat3,S4_deberta,8.09541130065918,8.25,False,nat
49,nat4,S4_deberta,-1.5650501251220703,7.875,True,nat
49,nat5,S4_deberta,7.86988639831543,5.875,False,nat
49,nat6,S4_deberta,8.04430866241455,7.75,False,nat
49,nat7,S4_deberta,7.771327018737793,7.0,False,nat
49,nat8,S4_deberta,-2.207611083984375,7.75,True,nat
49,nat9,S4_deberta,8.036341667175293,8.25,False,nat
50,chosen,S2_tfidf,-1.9229753060653683,0.8750057220458984,False,encoding
50,chosen,S1_qwen06,-1.9434223175048828,-0.12499046325683594,False,encoding
50,chosen,S5_lg3_1b,0.453125,1.7500038146972656,True,char-level
50,chosen,S3_probe,-9.498966217041016,5.375001907348633,False,encoding
50,chosen,S4_deberta,-3.190300464630127,2.7500038146972656,True,char-level
50,orig,S2_tfidf,2.0562133186732483,9.875,False,none
50,nat0,S2_tfidf,1.1097311224252755,7.75,True,nat
50,nat1,S2_tfidf,0.8767337008316611,7.375,False,nat
50,nat2,S2_tfidf,-0.06933494022136433,7.5,True,nat
50,nat3,S2_tfidf,0.3584946595972296,7.000001907348633,False,nat
50,nat4,S2_tfidf,0.4310322739519079,6.875001907348633,True,nat
50,nat5,S2_tfidf,0.358711606205548,7.625001907348633,False,nat
50,nat6,S2_tfidf,1.4219385831321996,7.375,True,nat
50,nat7,S2_tfidf,1.170532562226119,9.125,False,nat
50,nat8,S2_tfidf,-1.61718067837276,5.125001907348633,False,nat
50,nat9,S2_tfidf,-1.2781421488719782,5.125001907348633,True,nat
50,orig,S1_qwen06,6.156360626220703,9.875,False,none
50,nat0,S1_qwen06,4.177433013916016,7.75,True,nat
50,nat1,S1_qwen06,6.282268524169922,7.375,False,nat
50,nat2,S1_qwen06,2.7338294982910156,7.5,True,nat
50,nat3,S1_qwen06,4.858360290527344,7.000001907348633,False,nat
50,nat4,S1_qwen06,1.4031867980957031,6.875001907348633,True,nat
50,nat5,S1_qwen06,4.245189666748047,7.625001907348633,False,nat
50,nat6,S1_qwen06,1.9956073760986328,7.375,True,nat
50,nat7,S1_qwen06,5.220207214355469,9.125,False,nat
50,nat8,S1_qwen06,4.009984970092773,5.125001907348633,False,nat
50,nat9,S1_qwen06,2.9623889923095703,5.125001907348633,True,nat
50,orig,S5_lg3_1b,7.53125,9.875,False,none
50,nat0,S5_lg3_1b,2.90625,7.75,True,nat
50,nat1,S5_lg3_1b,5.46875,7.375,False,nat
50,nat2,S5_lg3_1b,2.484375,7.5,True,nat
50,nat3,S5_lg3_1b,5.359375,7.000001907348633,False,nat
50,nat4,S5_lg3_1b,4.25,6.875001907348633,True,nat
50,nat5,S5_lg3_1b,4.4375,7.625001907348633,False,nat
50,nat6,S5_lg3_1b,4.34375,7.375,True,nat
50,nat7,S5_lg3_1b,5.171875,9.125,False,nat
50,nat8,S5_lg3_1b,3.78125,5.125001907348633,False,nat
50,nat9,S5_lg3_1b,3.5,5.125001907348633,True,nat
50,orig,S3_probe,11.676862716674805,9.875,False,none
50,nat0,S3_probe,10.680557250976562,7.75,True,nat
50,nat1,S3_probe,6.940145492553711,7.375,False,nat
50,nat2,S3_probe,4.865358352661133,7.5,True,nat
50,nat3,S3_probe,11.629209518432617,7.000001907348633,False,nat
50,nat4,S3_probe,3.500284194946289,6.875001907348633,True,nat
50,nat5,S3_probe,14.00067138671875,7.625001907348633,False,nat
50,nat6,S3_probe,11.79695987701416,7.375,True,nat
50,nat7,S3_probe,13.893718719482422,9.125,False,nat
50,nat8,S3_probe,7.702775955200195,5.125001907348633,False,nat
50,nat9,S3_probe,7.504631996154785,5.125001907348633,True,nat
50,orig,S4_deberta,7.966896057128906,9.875,False,none
50,nat0,S4_deberta,0.0988919660449028,7.75,True,nat
50,nat1,S4_deberta,7.375526428222656,7.375,False,nat
50,nat2,S4_deberta,-1.2469584941864014,7.5,True,nat
50,nat3,S4_deberta,7.946252822875977,7.000001907348633,False,nat
50,nat4,S4_deberta,-2.547110080718994,6.875001907348633,True,nat
50,nat5,S4_deberta,7.871565818786621,7.625001907348633,False,nat
50,nat6,S4_deberta,-2.200939655303955,7.375,True,nat
50,nat7,S4_deberta,7.51980447769165,9.125,False,nat
50,nat8,S4_deberta,6.126452445983887,5.125001907348633,False,nat
50,nat9,S4_deberta,-2.5379867553710938,5.125001907348633,True,nat
51,chosen,S2_tfidf,-1.8747614405820396,5.875001907348633,True,char-level
51,chosen,S1_qwen06,-1.6202316284179688,0.5000076293945312,False,encoding
51,chosen,S5_lg3_1b,1.3125,0.5000076293945312,False,encoding
51,chosen,S3_probe,-12.179303169250488,5.500001907348633,False,encoding
51,chosen,S4_deberta,-2.8937480449676514,7.375,False,char-level
51,orig,S2_tfidf,2.577630596585112,8.125,False,none
51,nat0,S2_tfidf,0.015008525721249777,4.250001907348633,True,nat
51,nat1,S2_tfidf,-2.325975762956297,6.000001907348633,True,nat
51,nat2,S2_tfidf,-1.6902141240715678,7.25,False,nat
51,nat3,S2_tfidf,2.509181920594462,6.625,True,nat
51,nat4,S2_tfidf,0.22113307335941434,7.000001907348633,True,nat
51,nat5,S2_tfidf,2.5728733001918833,8.0,False,nat
51,nat6,S2_tfidf,1.5239409850283343,7.5,True,nat
51,nat7,S2_tfidf,-1.237655161576796,5.875001907348633,True,nat
51,nat8,S2_tfidf,-0.7001815339557178,0.5000076293945312,False,nat
51,nat9,S2_tfidf,-2.326403075985387,0.8750057220458984,False,nat
51,orig,S1_qwen06,6.2816314697265625,8.125,False,none
51,nat0,S1_qwen06,6.741090774536133,4.250001907348633,True,nat
51,nat1,S1_qwen06,2.724885940551758,6.000001907348633,True,nat
51,nat2,S1_qwen06,5.974771499633789,7.25,False,nat
51,nat3,S1_qwen06,3.5785579681396484,6.625,True,nat
51,nat4,S1_qwen06,4.380702972412109,7.000001907348633,True,nat
51,nat5,S1_qwen06,5.769281387329102,8.0,False,nat
51,nat6,S1_qwen06,4.4428558349609375,7.5,True,nat
51,nat7,S1_qwen06,4.204799652099609,5.875001907348633,True,nat
51,nat8,S1_qwen06,-1.6202316284179688,0.5000076293945312,False,nat
51,nat9,S1_qwen06,-1.0767459869384766,0.8750057220458984,False,nat
51,orig,S5_lg3_1b,8.640625,8.125,False,none
51,nat0,S5_lg3_1b,5.375,4.250001907348633,True,nat
51,nat1,S5_lg3_1b,5.171875,6.000001907348633,True,nat
51,nat2,S5_lg3_1b,9.328125,7.25,False,nat
51,nat3,S5_lg3_1b,5.734375,6.625,True,nat
51,nat4,S5_lg3_1b,6.671875,7.000001907348633,True,nat
51,nat5,S5_lg3_1b,7.296875,8.0,False,nat
51,nat6,S5_lg3_1b,6.984375,7.5,True,nat
51,nat7,S5_lg3_1b,3.90625,5.875001907348633,True,nat
51,nat8,S5_lg3_1b,1.3125,0.5000076293945312,False,nat
51,nat9,S5_lg3_1b,1.265625,0.8750057220458984,False,nat
51,orig,S3_probe,7.974353790283203,8.125,False,none
51,nat0,S3_probe,-9.102151870727539,4.250001907348633,True,nat
51,nat1,S3_probe,8.644394874572754,6.000001907348633,True,nat
51,nat2,S3_probe,10.172255516052246,7.25,False,nat
51,nat3,S3_probe,12.186810493469238,6.625,True,nat
51,nat4,S3_probe,9.665050506591797,7.000001907348633,True,nat
51,nat5,S3_probe,13.58908462524414,8.0,False,nat
51,nat6,S3_probe,10.930274963378906,7.5,True,nat
51,nat7,S3_probe,7.79553747177124,5.875001907348633,True,nat
51,nat8,S3_probe,-0.9312268495559692,0.5000076293945312,False,nat
51,nat9,S3_probe,-0.0937371551990509,0.8750057220458984,False,nat
51,orig,S4_deberta,8.015588760375977,8.125,False,none
51,nat0,S4_deberta,-1.545889973640442,4.250001907348633,True,nat
51,nat1,S4_deberta,-1.739062786102295,6.000001907348633,True,nat
51,nat2,S4_deberta,7.902624130249023,7.25,False,nat
51,nat3,S4_deberta,0.9654580354690552,6.625,True,nat
51,nat4,S4_deberta,-2.17376446723938,7.000001907348633,True,nat
51,nat5,S4_deberta,7.970122814178467,8.0,False,nat
51,nat6,S4_deberta,1.4033632278442383,7.5,True,nat
51,nat7,S4_deberta,-2.46368145942688,5.875001907348633,True,nat
51,nat8,S4_deberta,-2.556880474090576,0.5000076293945312,False,nat
51,nat9,S4_deberta,-1.5914640426635742,0.8750057220458984,False,nat
52,chosen,S2_tfidf,-2.6774847652158407,0.8750057220458984,False,encoding
52,chosen,S1_qwen06,-0.7091712951660156,0.8750057220458984,False,encoding
52,chosen,S5_lg3_1b,-4.453125,2.5000038146972656,True,char-level
52,chosen,S3_probe,-10.205650329589844,2.8750038146972656,False,encoding
52,chosen,S4_deberta,-3.9345266819000244,6.625001907348633,True,char-level
52,orig,S2_tfidf,5.499391257339675,7.375,False,none
52,nat0,S2_tfidf,-0.0730353686632843,2.7500038146972656,False,nat
52,nat1,S2_tfidf,3.6832120083395408,2.5000038146972656,True,nat
52,nat2,S2_tfidf,2.2232915584584747,6.375001907348633,False,nat
52,nat3,S2_tfidf,0.19430939072460984,-0.12499046325683594,True,nat
52,nat4,S2_tfidf,0.6490217630740063,1.7500057220458984,True,nat
52,nat5,S2_tfidf,-1.4871804076127724,3.5000038146972656,False,nat
52,nat6,S2_tfidf,-2.035209269711882,4.375001907348633,False,nat
52,nat7,S2_tfidf,-0.8734470519968054,4.125001907348633,True,nat
52,nat8,S2_tfidf,0.3389024987906373,4.625003814697266,False,nat
52,nat9,S2_tfidf,3.797225569927523,7.125,False,nat
52,orig,S1_qwen06,6.9383544921875,7.375,False,none
52,nat0,S1_qwen06,2.736326217651367,2.7500038146972656,False,nat
52,nat1,S1_qwen06,0.8613052368164062,2.5000038146972656,True,nat
52,nat2,S1_qwen06,5.696811676025391,6.375001907348633,False,nat
52,nat3,S1_qwen06,-0.775543212890625,-0.12499046325683594,True,nat
52,nat4,S1_qwen06,-0.3218212127685547,1.7500057220458984,True,nat
52,nat5,S1_qwen06,0.7891178131103516,3.5000038146972656,False,nat
52,nat6,S1_qwen06,1.5417613983154297,4.375001907348633,False,nat
52,nat7,S1_qwen06,2.381746292114258,4.125001907348633,True,nat
52,nat8,S1_qwen06,4.263584136962891,4.625003814697266,False,nat
52,nat9,S1_qwen06,5.647417068481445,7.125,False,nat
52,orig,S5_lg3_1b,5.5625,7.375,False,none
52,nat0,S5_lg3_1b,-1.296875,2.7500038146972656,False,nat
52,nat1,S5_lg3_1b,-0.390625,2.5000038146972656,True,nat
52,nat2,S5_lg3_1b,4.609375,6.375001907348633,False,nat
52,nat3,S5_lg3_1b,1.0,-0.12499046325683594,True,nat
52,nat4,S5_lg3_1b,-0.859375,1.7500057220458984,True,nat
52,nat5,S5_lg3_1b,-0.59375,3.5000038146972656,False,nat
52,nat6,S5_lg3_1b,0.046875,4.375001907348633,False,nat
52,nat7,S5_lg3_1b,2.484375,4.125001907348633,True,nat
52,nat8,S5_lg3_1b,2.234375,4.625003814697266,False,nat
52,nat9,S5_lg3_1b,5.015625,7.125,False,nat
52,orig,S3_probe,4.920709609985352,7.375,False,none
52,nat0,S3_probe,14.526373863220215,2.7500038146972656,False,nat
52,nat1,S3_probe,1.4344836473464966,2.5000038146972656,True,nat
52,nat2,S3_probe,5.403685569763184,6.375001907348633,False,nat
52,nat3,S3_probe,1.120998501777649,-0.12499046325683594,True,nat
52,nat4,S3_probe,1.1623555421829224,1.7500057220458984,True,nat
52,nat5,S3_probe,10.206808090209961,3.5000038146972656,False,nat
52,nat6,S3_probe,12.315411567687988,4.375001907348633,False,nat
52,nat7,S3_probe,2.408198356628418,4.125001907348633,True,nat
52,nat8,S3_probe,7.436846733093262,4.625003814697266,False,nat
52,nat9,S3_probe,9.616569519042969,7.125,False,nat
52,orig,S4_deberta,7.743663787841797,7.375,False,none
52,nat0,S4_deberta,6.543040752410889,2.7500038146972656,False,nat
52,nat1,S4_deberta,-3.1319568157196045,2.5000038146972656,True,nat
52,nat2,S4_deberta,6.301239013671875,6.375001907348633,False,nat
52,nat3,S4_deberta,-2.994868040084839,-0.12499046325683594,True,nat
52,nat4,S4_deberta,-3.357494592666626,1.7500057220458984,True,nat
52,nat5,S4_deberta,4.199463844299316,3.5000038146972656,False,nat
52,nat6,S4_deberta,2.5269052982330322,4.375001907348633,False,nat
52,nat7,S4_deberta,1.4567532539367676,4.125001907348633,True,nat
52,nat8,S4_deberta,4.899984359741211,4.625003814697266,False,nat
52,nat9,S4_deberta,7.800012111663818,7.125,False,nat
53,chosen,S2_tfidf,-2.260107082048807,0.37500762939453125,False,encoding
53,chosen,S1_qwen06,-2.014249801635742,-0.6249923706054688,False,encoding
53,chosen,S5_lg3_1b,0.96875,-0.6249923706054688,False,encoding
53,chosen,S3_probe,-9.090559005737305,1.3750057220458984,False,encoding
53,chosen,S4_deberta,-3.435957670211792,0.5000076293945312,False,encoding
53,orig,S2_tfidf,6.553726251687693,5.125001907348633,False,none
53,nat0,S2_tfidf,2.8576663761495418,2.2500038146972656,True,nat
53,nat1,S2_tfidf,-0.916524324921423,-0.6249923706054688,False,nat
53,nat2,S2_tfidf,2.972897503672785,6.375001907348633,False,nat
53,nat3,S2_tfidf,-2.260107082048807,0.5000076293945312,False,nat
53,nat4,S2_tfidf,1.7145478700185504,4.625001907348633,False,nat
53,nat5,S2_tfidf,2.4269680880623152,1.3750057220458984,False,nat
53,nat6,S2_tfidf,2.8576663761495418,2.2500038146972656,True,nat
53,nat7,S2_tfidf,5.426028570114036,5.125001907348633,False,nat
53,nat8,S2_tfidf,5.426028570114036,5.125001907348633,False,nat
53,nat9,S2_tfidf,-2.260107082048807,0.5000076293945312,False,nat
53,orig,S1_qwen06,6.688304901123047,5.125001907348633,False,none
53,nat0,S1_qwen06,5.416814804077148,2.2500038146972656,True,nat
53,nat1,S1_qwen06,-1.9986248016357422,-0.6249923706054688,False,nat
53,nat2,S1_qwen06,5.852499008178711,6.375001907348633,False,nat
53,nat3,S1_qwen06,-0.08307647705078125,0.5000076293945312,False,nat
53,nat4,S1_qwen06,1.523223876953125,4.625001907348633,False,nat
53,nat5,S1_qwen06,5.791923522949219,1.3750057220458984,False,nat
53,nat6,S1_qwen06,5.416814804077148,2.2500038146972656,True,nat
53,nat7,S1_qwen06,6.1433868408203125,5.125001907348633,False,nat
53,nat8,S1_qwen06,6.1433868408203125,5.125001907348633,False,nat
53,nat9,S1_qwen06,-0.08307647705078125,0.5000076293945312,False,nat
53,orig,S5_lg3_1b,4.46875,5.125001907348633,False,none
53,nat0,S5_lg3_1b,1.84375,2.2500038146972656,True,nat
53,nat1,S5_lg3_1b,0.984375,-0.6249923706054688,False,nat
53,nat2,S5_lg3_1b,2.625,6.375001907348633,False,nat
53,nat3,S5_lg3_1b,1.796875,0.5000076293945312,False,nat
53,nat4,S5_lg3_1b,4.25,4.625001907348633,False,nat
53,nat5,S5_lg3_1b,1.296875,1.3750057220458984,False,nat
53,nat6,S5_lg3_1b,1.84375,2.2500038146972656,True,nat
53,nat7,S5_lg3_1b,4.0,5.125001907348633,False,nat
53,nat8,S5_lg3_1b,4.0,5.125001907348633,False,nat
53,nat9,S5_lg3_1b,1.796875,0.5000076293945312,False,nat
53,orig,S3_probe,7.51275634765625,5.125001907348633,False,none
53,nat0,S3_probe,-10.107978820800781,2.2500038146972656,True,nat
53,nat1,S3_probe,-0.8050159215927124,-0.6249923706054688,False,nat
53,nat2,S3_probe,9.627029418945312,6.375001907348633,False,nat
53,nat3,S3_probe,-3.635807991027832,0.5000076293945312,False,nat
53,nat4,S3_probe,13.69017219543457,4.625001907348633,False,nat
53,nat5,S3_probe,-9.090559005737305,1.3750057220458984,False,nat
53,nat6,S3_probe,-10.107978820800781,2.2500038146972656,True,nat
53,nat7,S3_probe,9.296538352966309,5.125001907348633,False,nat
53,nat8,S3_probe,9.296538352966309,5.125001907348633,False,nat
53,nat9,S3_probe,-3.635807991027832,0.5000076293945312,False,nat
53,orig,S4_deberta,8.093914031982422,5.125001907348633,False,none
53,nat0,S4_deberta,6.973424434661865,2.2500038146972656,True,nat
53,nat1,S4_deberta,-3.05535888671875,-0.6249923706054688,False,nat
53,nat2,S4_deberta,2.8033599853515625,6.375001907348633,False,nat
53,nat3,S4_deberta,-3.435957670211792,0.5000076293945312,False,nat
53,nat4,S4_deberta,-2.4371280670166016,4.625001907348633,False,nat
53,nat5,S4_deberta,4.211828231811523,1.3750057220458984,False,nat
53,nat6,S4_deberta,6.973424434661865,2.2500038146972656,True,nat
53,nat7,S4_deberta,7.365588188171387,5.125001907348633,False,nat
53,nat8,S4_deberta,7.365588188171387,5.125001907348633,False,nat
53,nat9,S4_deberta,-3.435957670211792,0.5000076293945312,False,nat
54,chosen,S2_tfidf,-3.1857195218039642,0.5000057220458984,False,encoding
54,chosen,S1_qwen06,-2.8788394927978516,-1.624990463256836,False,encoding
54,chosen,S5_lg3_1b,-3.015625,3.500001907348633,True,char-level
54,chosen,S3_probe,-10.617996215820312,4.000001907348633,True,encoding
54,chosen,S4_deberta,-3.4289441108703613,0.5000057220458984,False,encoding
54,orig,S2_tfidf,3.156625284717606,6.375,False,none
54,nat0,S2_tfidf,0.4743748866316728,3.375001907348633,True,nat
54,nat1,S2_tfidf,2.550226586103671,6.875,False,nat
54,nat2,S2_tfidf,3.156625284717606,6.375,False,nat
54,nat3,S2_tfidf,1.9373897021698736,6.75,True,nat
54,nat4,S2_tfidf,2.550226586103671,6.875,False,nat
54,nat5,S2_tfidf,3.362188875564221,7.375,True,nat
54,nat6,S2_tfidf,2.880867566624076,4.875001907348633,True,nat
54,nat7,S2_tfidf,3.0442334279235155,5.625001907348633,True,nat
54,nat8,S2_tfidf,0.19517251743074682,5.375001907348633,True,nat
54,nat9,S2_tfidf,-3.1857195218039642,0.5000057220458984,False,nat
54,orig,S1_qwen06,6.008094787597656,6.375,False,none
54,nat0,S1_qwen06,2.9011383056640625,3.375001907348633,True,nat
54,nat1,S1_qwen06,5.510221481323242,6.875,False,nat
54,nat2,S1_qwen06,6.023719787597656,6.375,False,nat
54,nat3,S1_qwen06,2.9386558532714844,6.75,True,nat
54,nat4,S1_qwen06,5.510221481323242,6.875,False,nat
54,nat5,S1_qwen06,3.3860549926757812,7.375,True,nat
54,nat6,S1_qwen06,1.96685791015625,4.875001907348633,True,nat
54,nat7,S1_qwen06,3.987821578979492,5.625001907348633,True,nat
54,nat8,S1_qwen06,0.9225521087646484,5.375001907348633,True,nat
54,nat9,S1_qwen06,-0.9029140472412109,0.5000057220458984,False,nat
54,orig,S5_lg3_1b,5.265625,6.375,False,none
54,nat0,S5_lg3_1b,-0.171875,3.375001907348633,True,nat
54,nat1,S5_lg3_1b,4.875,6.875,False,nat
54,nat2,S5_lg3_1b,5.265625,6.375,False,nat
54,nat3,S5_lg3_1b,3.28125,6.75,True,nat
54,nat4,S5_lg3_1b,4.875,6.875,False,nat
54,nat5,S5_lg3_1b,3.875,7.375,True,nat
54,nat6,S5_lg3_1b,3.859375,4.875001907348633,True,nat
54,nat7,S5_lg3_1b,1.9375,5.625001907348633,True,nat
54,nat8,S5_lg3_1b,3.796875,5.375001907348633,True,nat
54,nat9,S5_lg3_1b,1.078125,0.5000057220458984,False,nat
54,orig,S3_probe,1.1059781312942505,6.375,False,none
54,nat0,S3_probe,2.163731575012207,3.375001907348633,True,nat
54,nat1,S3_probe,7.969982147216797,6.875,False,nat
54,nat2,S3_probe,1.1209031343460083,6.375,False,nat
54,nat3,S3_probe,7.613407135009766,6.75,True,nat
54,nat4,S3_probe,7.969982147216797,6.875,False,nat
54,nat5,S3_probe,7.427274703979492,7.375,True,nat
54,nat6,S3_probe,5.4676103591918945,4.875001907348633,True,nat
54,nat7,S3_probe,7.768117904663086,5.625001907348633,True,nat
54,nat8,S3_probe,5.305920600891113,5.375001907348633,True,nat
54,nat9,S3_probe,-2.183622360229492,0.5000057220458984,False,nat
54,orig,S4_deberta,2.2253077030181885,6.375,False,none
54,nat0,S4_deberta,-2.5288047790527344,3.375001907348633,True,nat
54,nat1,S4_deberta,-0.9633468389511108,6.875,False,nat
54,nat2,S4_deberta,2.225306987762451,6.375,False,nat
54,nat3,S4_deberta,-2.8774571418762207,6.75,True,nat
54,nat4,S4_deberta,-0.9633468389511108,6.875,False,nat
54,nat5,S4_deberta,-2.588751792907715,7.375,True,nat
54,nat6,S4_deberta,-3.0619547367095947,4.875001907348633,True,nat
54,nat7,S4_deberta,-2.923537254333496,5.625001907348633,True,nat
54,nat8,S4_deberta,-2.5644617080688477,5.375001907348633,True,nat
54,nat9,S4_deberta,-3.4289441108703613,0.5000057220458984,False,nat
55,chosen,S2_tfidf,-3.1741428812015124,0.7500057220458984,False,encoding
55,chosen,S1_qwen06,-2.3654212951660156,0.12500762939453125,False,encoding
55,chosen,S5_lg3_1b,0.78125,7.0,False,char-level
55,chosen,S3_probe,-10.988767623901367,4.375001907348633,False,encoding
55,chosen,S4_deberta,-3.373379945755005,0.7500057220458984,False,encoding
55,orig,S2_tfidf,8.498840017405087,9.5,False,none
55,nat0,S2_tfidf,1.8971881211433137,6.375001907348633,False,nat
55,nat1,S2_tfidf,2.367255373116387,7.5,False,nat
55,nat2,S2_tfidf,3.439370411986557,7.25,False,nat
55,nat3,S2_tfidf,1.8236309520661529,3.750001907348633,False,nat
55,nat4,S2_tfidf,4.160471452690295,6.75,False,nat
55,nat5,S2_tfidf,1.8035059692128048,7.625,True,nat
55,nat6,S2_tfidf,5.639943626233241,8.375,False,nat
55,nat7,S2_tfidf,8.498840017405087,9.5,False,nat
55,nat8,S2_tfidf,3.8421006444225636,7.875,True,nat
55,nat9,S2_tfidf,4.352381237498863,8.75,True,nat
55,orig,S1_qwen06,7.609394073486328,9.5,False,none
55,nat0,S1_qwen06,4.223737716674805,6.375001907348633,False,nat
55,nat1,S1_qwen06,4.867242813110352,7.5,False,nat
55,nat2,S1_qwen06,4.1067962646484375,7.25,False,nat
55,nat3,S1_qwen06,1.1768627166748047,3.750001907348633,False,nat
55,nat4,S1_qwen06,4.143423080444336,6.75,False,nat
55,nat5,S1_qwen06,5.152124404907227,7.625,True,nat
55,nat6,S1_qwen06,5.372283935546875,8.375,False,nat
55,nat7,S1_qwen06,7.578144073486328,9.5,False,nat
55,nat8,S1_qwen06,4.964908599853516,7.875,True,nat
55,nat9,S1_qwen06,5.168954849243164,8.75,True,nat
55,orig,S5_lg3_1b,6.890625,9.5,False,none
55,nat0,S5_lg3_1b,4.6875,6.375001907348633,False,nat
55,nat1,S5_lg3_1b,2.265625,7.5,False,nat
55,nat2,S5_lg3_1b,4.828125,7.25,False,nat
55,nat3,S5_lg3_1b,2.96875,3.750001907348633,False,nat
55,nat4,S5_lg3_1b,3.671875,6.75,False,nat
55,nat5,S5_lg3_1b,3.59375,7.625,True,nat
55,nat6,S5_lg3_1b,4.859375,8.375,False,nat
55,nat7,S5_lg3_1b,6.890625,9.5,False,nat
55,nat8,S5_lg3_1b,1.15625,7.875,True,nat
55,nat9,S5_lg3_1b,1.484375,8.75,True,nat
55,orig,S3_probe,4.866994857788086,9.5,False,none
55,nat0,S3_probe,7.966583251953125,6.375001907348633,False,nat
55,nat1,S3_probe,6.907809257507324,7.5,False,nat
55,nat2,S3_probe,2.4329442977905273,7.25,False,nat
55,nat3,S3_probe,11.497365951538086,3.750001907348633,False,nat
55,nat4,S3_probe,15.771172523498535,6.75,False,nat
55,nat5,S3_probe,7.252663612365723,7.625,True,nat
55,nat6,S3_probe,3.5396718978881836,8.375,False,nat
55,nat7,S3_probe,4.888586044311523,9.5,False,nat
55,nat8,S3_probe,8.01306438446045,7.875,True,nat
55,nat9,S3_probe,5.598468780517578,8.75,True,nat
55,orig,S4_deberta,8.021139144897461,9.5,False,none
55,nat0,S4_deberta,1.137463927268982,6.375001907348633,False,nat
55,nat1,S4_deberta,6.045309543609619,7.5,False,nat
55,nat2,S4_deberta,7.792013645172119,7.25,False,nat
55,nat3,S4_deberta,4.971395492553711,3.750001907348633,False,nat
55,nat4,S4_deberta,6.412616729736328,6.75,False,nat
55,nat5,S4_deberta,-2.439901828765869,7.625,True,nat
55,nat6,S4_deberta,-1.1539978981018066,8.375,False,nat
55,nat7,S4_deberta,8.021138191223145,9.5,False,nat
55,nat8,S4_deberta,-2.5687508583068848,7.875,True,nat
55,nat9,S4_deberta,-2.4882760047912598,8.75,True,nat
56,chosen,S2_tfidf,-4.530691667485641,3.0000038146972656,False,char-level
56,chosen,S1_qwen06,-2.1946239471435547,-0.49999046325683594,False,encoding
56,chosen,S5_lg3_1b,-4.515625,0.5000057220458984,False,char-level
56,chosen,S3_probe,-10.727701187133789,6.125,False,encoding
56,chosen,S4_deberta,-4.673595905303955,3.1250038146972656,True,char-level
56,orig,S2_tfidf,0.23424168503882403,8.875,False,none
56,nat0,S2_tfidf,-1.3425614389490967,8.0,False,nat
56,nat1,S2_tfidf,1.7701761548034305,7.625,True,nat
56,nat2,S2_tfidf,-2.443429374014401,4.500001907348633,True,nat
56,nat3,S2_tfidf,-1.3344783783632383,4.750001907348633,True,nat
56,nat4,S2_tfidf,-0.11921645290262606,6.875,True,nat
56,nat5,S2_tfidf,-1.7885027545220717,6.0,False,nat
56,nat6,S2_tfidf,-1.939619470765891,1.8750038146972656,True,nat
56,nat7,S2_tfidf,-1.6635455779009236,6.125,True,nat
56,nat8,S2_tfidf,-2.9156193907805448,6.125001907348633,False,nat
56,nat9,S2_tfidf,-1.0223271316024194,-0.37499046325683594,False,nat
56,orig,S1_qwen06,6.641567230224609,8.875,False,none
56,nat0,S1_qwen06,4.699577331542969,8.0,False,nat
56,nat1,S1_qwen06,1.2999649047851562,7.625,True,nat
56,nat2,S1_qwen06,2.723043441772461,4.500001907348633,True,nat
56,nat3,S1_qwen06,1.732187271118164,4.750001907348633,True,nat
56,nat4,S1_qwen06,2.195098876953125,6.875,True,nat
56,nat5,S1_qwen06,5.350053787231445,6.0,False,nat
56,nat6,S1_qwen06,-0.6009635925292969,1.8750038146972656,True,nat
56,nat7,S1_qwen06,5.252080917358398,6.125,True,nat
56,nat8,S1_qwen06,0.8530673980712891,6.125001907348633,False,nat
56,nat9,S1_qwen06,-2.1946239471435547,-0.37499046325683594,False,nat
56,orig,S5_lg3_1b,6.859375,8.875,False,none
56,nat0,S5_lg3_1b,4.296875,8.0,False,nat
56,nat1,S5_lg3_1b,5.1875,7.625,True,nat
56,nat2,S5_lg3_1b,2.8125,4.500001907348633,True,nat
56,nat3,S5_lg3_1b,4.4375,4.750001907348633,True,nat
56,nat4,S5_lg3_1b,-1.328125,6.875,True,nat
56,nat5,S5_lg3_1b,3.875,6.0,False,nat
56,nat6,S5_lg3_1b,-0.265625,1.8750038146972656,True,nat
56,nat7,S5_lg3_1b,4.9375,6.125,True,nat
56,nat8,S5_lg3_1b,4.890625,6.125001907348633,False,nat
56,nat9,S5_lg3_1b,0.25,-0.37499046325683594,False,nat
56,orig,S3_probe,2.233480453491211,8.875,False,none
56,nat0,S3_probe,4.732385635375977,8.0,False,nat
56,nat1,S3_probe,5.662206649780273,7.625,True,nat
56,nat2,S3_probe,0.7423707246780396,4.500001907348633,True,nat
56,nat3,S3_probe,-0.032285600900650024,4.750001907348633,True,nat
56,nat4,S3_probe,4.180489540100098,6.875,True,nat
56,nat5,S3_probe,-10.727701187133789,6.0,False,nat
56,nat6,S3_probe,5.346048355102539,1.8750038146972656,True,nat
56,nat7,S3_probe,-8.799720764160156,6.125,True,nat
56,nat8,S3_probe,3.9393692016601562,6.125001907348633,False,nat
56,nat9,S3_probe,-2.452208995819092,-0.37499046325683594,False,nat
56,orig,S4_deberta,0.8253710269927979,8.875,False,none
56,nat0,S4_deberta,-0.8855223655700684,8.0,False,nat
56,nat1,S4_deberta,-3.799724578857422,7.625,True,nat
56,nat2,S4_deberta,-3.375560760498047,4.500001907348633,True,nat
56,nat3,S4_deberta,-3.2079410552978516,4.750001907348633,True,nat
56,nat4,S4_deberta,-3.1597347259521484,6.875,True,nat
56,nat5,S4_deberta,1.6240571737289429,6.0,False,nat
56,nat6,S4_deberta,-2.906071186065674,1.8750038146972656,True,nat
56,nat7,S4_deberta,0.9098807573318481,6.125,True,nat
56,nat8,S4_deberta,-4.629358291625977,6.125001907348633,False,nat
56,nat9,S4_deberta,-3.099987506866455,-0.37499046325683594,False,nat
57,chosen,S2_tfidf,-2.549087701509408,0.7500057220458984,False,encoding
57,chosen,S1_qwen06,-1.7021465301513672,-0.37499046325683594,False,encoding
57,chosen,S5_lg3_1b,0.9375,-0.37499046325683594,False,encoding
57,chosen,S3_probe,-8.157310485839844,3.500001907348633,False,encoding
57,chosen,S4_deberta,-3.1558358669281006,0.7500057220458984,False,encoding
57,orig,S2_tfidf,4.422493898187202,5.000001907348633,False,none
57,nat0,S2_tfidf,3.9897208175637244,5.750001907348633,False,nat
57,nat1,S2_tfidf,-2.549087701509408,0.7500057220458984,False,nat
57,nat2,S2_tfidf,2.2535032442040466,4.000001907348633,False,nat
57,nat3,S2_tfidf,3.0289197207940353,6.250001907348633,True,nat
57,nat4,S2_tfidf,4.422493898187202,5.000001907348633,False,nat
57,nat5,S2_tfidf,2.9284456107010097,6.000001907348633,True,nat
57,nat6,S2_tfidf,0.9618018848386984,3.1250038146972656,False,nat
57,nat7,S2_tfidf,-0.3228385138532084,5.500001907348633,True,nat
57,nat8,S2_tfidf,4.422493898187202,4.875001907348633,False,nat
57,nat9,S2_tfidf,1.5481702760500322,5.250001907348633,False,nat
57,orig,S1_qwen06,5.583042144775391,5.000001907348633,False,none
57,nat0,S1_qwen06,4.652961730957031,5.750001907348633,False,nat
57,nat1,S1_qwen06,-0.6232872009277344,0.7500057220458984,False,nat
57,nat2,S1_qwen06,4.09405517578125,4.000001907348633,False,nat
57,nat3,S1_qwen06,3.027341842651367,6.250001907348633,True,nat
57,nat4,S1_qwen06,5.598590850830078,5.000001907348633,False,nat
57,nat5,S1_qwen06,2.7795162200927734,6.000001907348633,True,nat
57,nat6,S1_qwen06,1.318857192993164,3.1250038146972656,False,nat
57,nat7,S1_qwen06,2.0796470642089844,5.500001907348633,True,nat
57,nat8,S1_qwen06,5.598590850830078,4.875001907348633,False,nat
57,nat9,S1_qwen06,1.3764057159423828,5.250001907348633,False,nat
57,orig,S5_lg3_1b,6.296875,5.000001907348633,False,none
57,nat0,S5_lg3_1b,5.21875,5.750001907348633,False,nat
57,nat1,S5_lg3_1b,2.046875,0.7500057220458984,False,nat
57,nat2,S5_lg3_1b,4.53125,4.000001907348633,False,nat
57,nat3,S5_lg3_1b,4.21875,6.250001907348633,True,nat
57,nat4,S5_lg3_1b,6.296875,5.000001907348633,False,nat
57,nat5,S5_lg3_1b,4.609375,6.000001907348633,True,nat
57,nat6,S5_lg3_1b,4.015625,3.1250038146972656,False,nat
57,nat7,S5_lg3_1b,4.1875,5.500001907348633,True,nat
57,nat8,S5_lg3_1b,6.296875,4.875001907348633,False,nat
57,nat9,S5_lg3_1b,4.53125,5.250001907348633,False,nat
57,orig,S3_probe,9.016544342041016,5.000001907348633,False,none
57,nat0,S3_probe,10.304178237915039,5.750001907348633,False,nat
57,nat1,S3_probe,-3.0182528495788574,0.7500057220458984,False,nat
57,nat2,S3_probe,8.19166088104248,4.000001907348633,False,nat
57,nat3,S3_probe,7.114703178405762,6.250001907348633,True,nat
57,nat4,S3_probe,9.018827438354492,5.000001907348633,False,nat
57,nat5,S3_probe,7.275936126708984,6.000001907348633,True,nat
57,nat6,S3_probe,9.736515998840332,3.1250038146972656,False,nat
57,nat7,S3_probe,7.140246391296387,5.500001907348633,True,nat
57,nat8,S3_probe,9.060262680053711,4.875001907348633,False,nat
57,nat9,S3_probe,14.89626693725586,5.250001907348633,False,nat
57,orig,S4_deberta,7.550152778625488,5.000001907348633,False,none
57,nat0,S4_deberta,7.999642372131348,5.750001907348633,False,nat
57,nat1,S4_deberta,-3.1558358669281006,0.7500057220458984,False,nat
57,nat2,S4_deberta,6.833469390869141,4.000001907348633,False,nat
57,nat3,S4_deberta,-1.6008241176605225,6.250001907348633,True,nat
57,nat4,S4_deberta,7.5501532554626465,5.000001907348633,False,nat
57,nat5,S4_deberta,5.2035112380981445,6.000001907348633,True,nat
57,nat6,S4_deberta,5.88389778137207,3.1250038146972656,False,nat
57,nat7,S4_deberta,-1.9687484502792358,5.500001907348633,True,nat
57,nat8,S4_deberta,7.5501532554626465,4.875001907348633,False,nat
57,nat9,S4_deberta,5.353507041931152,5.250001907348633,False,nat
58,chosen,S2_tfidf,-2.217547701800175,1.0000057220458984,False,encoding
58,chosen,S1_qwen06,-2.771770477294922,-0.12499237060546875,True,char-level
58,chosen,S5_lg3_1b,-2.953125,7.62939453125e-06,True,char-level
58,chosen,S3_probe,-9.134068489074707,0.8750057220458984,False,encoding
58,chosen,S4_deberta,-3.157268762588501,1.0000057220458984,False,encoding
58,orig,S2_tfidf,3.5244483155386677,2.875001907348633,False,none
58,nat0,S2_tfidf,3.5244483155386677,2.750001907348633,False,nat
58,nat1,S2_tfidf,2.8674514644433495,2.7500038146972656,True,nat
58,nat2,S2_tfidf,3.5244483155386677,2.750001907348633,False,nat
58,nat3,S2_tfidf,0.5625094201724479,1.8750057220458984,False,nat
58,nat4,S2_tfidf,0.08692696372797215,-1.9999923706054688,False,nat
58,nat5,S2_tfidf,1.4761071280533626,5.7220458984375e-06,False,nat
58,nat6,S2_tfidf,2.2767055088584263,-0.8749923706054688,True,nat
58,nat7,S2_tfidf,1.4761071280533626,5.7220458984375e-06,False,nat
58,nat8,S2_tfidf,5.4275561179554375,-0.12499237060546875,True,nat
58,nat9,S2_tfidf,2.0058346513029814,3.1250038146972656,False,nat
58,orig,S1_qwen06,5.828620910644531,2.875001907348633,False,none
58,nat0,S1_qwen06,5.844230651855469,2.750001907348633,False,nat
58,nat1,S1_qwen06,1.2240772247314453,2.7500038146972656,True,nat
58,nat2,S1_qwen06,5.844230651855469,2.750001907348633,False,nat
58,nat3,S1_qwen06,1.047637939453125,1.8750057220458984,False,nat
58,nat4,S1_qwen06,-1.5852489471435547,-1.9999923706054688,False,nat
58,nat5,S1_qwen06,3.8438720703125,5.7220458984375e-06,False,nat
58,nat6,S1_qwen06,3.6319103240966797,-0.8749923706054688,True,nat
58,nat7,S1_qwen06,3.8438720703125,5.7220458984375e-06,False,nat
58,nat8,S1_qwen06,0.7494087219238281,-0.12499237060546875,True,nat
58,nat9,S1_qwen06,3.3594970703125,3.1250038146972656,False,nat
58,orig,S5_lg3_1b,0.140625,2.875001907348633,False,none
58,nat0,S5_lg3_1b,0.140625,2.750001907348633,False,nat
58,nat1,S5_lg3_1b,-0.078125,2.7500038146972656,True,nat
58,nat2,S5_lg3_1b,0.140625,2.750001907348633,False,nat
58,nat3,S5_lg3_1b,0.234375,1.8750057220458984,False,nat
58,nat4,S5_lg3_1b,-3.0625,-1.9999923706054688,False,nat
58,nat5,S5_lg3_1b,0.75,5.7220458984375e-06,False,nat
58,nat6,S5_lg3_1b,-0.4375,-0.8749923706054688,True,nat
58,nat7,S5_lg3_1b,0.75,5.7220458984375e-06,False,nat
58,nat8,S5_lg3_1b,1.84375,-0.12499237060546875,True,nat
58,nat9,S5_lg3_1b,2.09375,3.1250038146972656,False,nat
58,orig,S3_probe,11.854169845581055,2.875001907348633,False,none
58,nat0,S3_probe,11.887872695922852,2.750001907348633,False,nat
58,nat1,S3_probe,4.75437068939209,2.7500038146972656,True,nat
58,nat2,S3_probe,11.887872695922852,2.750001907348633,False,nat
58,nat3,S3_probe,10.473617553710938,1.8750057220458984,False,nat
58,nat4,S3_probe,4.021634578704834,-1.9999923706054688,False,nat
58,nat5,S3_probe,-3.5567097663879395,5.7220458984375e-06,False,nat
58,nat6,S3_probe,8.160073280334473,-0.8749923706054688,True,nat
58,nat7,S3_probe,-3.5567097663879395,5.7220458984375e-06,False,nat
58,nat8,S3_probe,5.791337966918945,-0.12499237060546875,True,nat
58,nat9,S3_probe,12.335622787475586,3.1250038146972656,False,nat
58,orig,S4_deberta,7.7454094886779785,2.875001907348633,False,none
58,nat0,S4_deberta,7.7454094886779785,2.750001907348633,False,nat
58,nat1,S4_deberta,-0.00505128875374794,2.7500038146972656,True,nat
58,nat2,S4_deberta,7.7454094886779785,2.750001907348633,False,nat
58,nat3,S4_deberta,6.89019775390625,1.8750057220458984,False,nat
58,nat4,S4_deberta,3.2194340229034424,-1.9999923706054688,False,nat
58,nat5,S4_deberta,7.0727081298828125,5.7220458984375e-06,False,nat
58,nat6,S4_deberta,2.860703945159912,-0.8749923706054688,True,nat
58,nat7,S4_deberta,7.0727081298828125,5.7220458984375e-06,False,nat
58,nat8,S4_deberta,-0.18308234214782715,-0.12499237060546875,True,nat
58,nat9,S4_deberta,7.705573081970215,3.1250038146972656,False,nat
59,chosen,S2_tfidf,-3.168524084119486,1.1250057220458984,False,encoding
59,chosen,S1_qwen06,-1.9294910430908203,-0.49999237060546875,False,encoding
59,chosen,S5_lg3_1b,-2.375,-2.7499923706054688,False,char-level
59,chosen,S3_probe,-8.798240661621094,1.3750038146972656,True,encoding
59,chosen,S4_deberta,-3.15537691116333,7.875,True,char-level
59,orig,S2_tfidf,0.7951370179457402,-3.7499923706054688,False,none
59,nat0,S2_tfidf,0.05261077574713946,2.0000038146972656,False,nat
59,nat1,S2_tfidf,-0.06336145933014525,6.875,True,nat
59,nat2,S2_tfidf,-0.5146010754000325,-0.6249904632568359,False,nat
59,nat3,S2_tfidf,-0.14598348404512707,2.1250038146972656,False,nat
59,nat4,S2_tfidf,-0.7272401512635698,6.875,True,nat
59,nat5,S2_tfidf,-0.155026148205073,0.37500572204589844,False,nat
59,nat6,S2_tfidf,-0.502546644682694,6.250001907348633,True,nat
59,nat7,S2_tfidf,1.8935794748343222,3.3750038146972656,False,nat
59,nat8,S2_tfidf,-0.155026148205073,0.37500572204589844,False,nat
59,nat9,S2_tfidf,-1.2110497348393885,0.37500572204589844,False,nat
59,orig,S1_qwen06,0.3321189880371094,-3.7499923706054688,False,none
59,nat0,S1_qwen06,0.3820056915283203,2.0000038146972656,False,nat
59,nat1,S1_qwen06,1.1578655242919922,6.875,True,nat
59,nat2,S1_qwen06,-1.9294910430908203,-0.6249904632568359,False,nat
59,nat3,S1_qwen06,0.38498497009277344,2.1250038146972656,False,nat
59,nat4,S1_qwen06,0.13366317749023438,6.875,True,nat
59,nat5,S1_qwen06,-1.5574188232421875,0.37500572204589844,False,nat
59,nat6,S1_qwen06,-0.05852317810058594,6.250001907348633,True,nat
59,nat7,S1_qwen06,3.5864105224609375,3.3750038146972656,False,nat
59,nat8,S1_qwen06,-1.5574188232421875,0.37500572204589844,False,nat
59,nat9,S1_qwen06,0.6486015319824219,0.37500572204589844,False,nat
59,orig,S5_lg3_1b,3.734375,-3.7499923706054688,False,none
59,nat0,S5_lg3_1b,5.765625,2.0000038146972656,False,nat
59,nat1,S5_lg3_1b,7.28125,6.875,True,nat
59,nat2,S5_lg3_1b,0.21875,-0.6249904632568359,False,nat
59,nat3,S5_lg3_1b,4.125,2.1250038146972656,False,nat
59,nat4,S5_lg3_1b,2.140625,6.875,True,nat
59,nat5,S5_lg3_1b,3.0,0.37500572204589844,False,nat
59,nat6,S5_lg3_1b,3.046875,6.250001907348633,True,nat
59,nat7,S5_lg3_1b,10.53125,3.3750038146972656,False,nat
59,nat8,S5_lg3_1b,3.0,0.37500572204589844,False,nat
59,nat9,S5_lg3_1b,2.921875,0.37500572204589844,False,nat
59,orig,S3_probe,1.0865670442581177,-3.7499923706054688,False,none
59,nat0,S3_probe,7.627486705780029,2.0000038146972656,False,nat
59,nat1,S3_probe,5.599045753479004,6.875,True,nat
59,nat2,S3_probe,-2.9318008422851562,-0.6249904632568359,False,nat
59,nat3,S3_probe,7.960091590881348,2.1250038146972656,False,nat
59,nat4,S3_probe,6.291683673858643,6.875,True,nat
59,nat5,S3_probe,-4.9331231117248535,0.37500572204589844,False,nat
59,nat6,S3_probe,6.106634140014648,6.250001907348633,True,nat
59,nat7,S3_probe,7.77703857421875,3.3750038146972656,False,nat
59,nat8,S3_probe,-4.9331231117248535,0.37500572204589844,False,nat
59,nat9,S3_probe,-10.701634407043457,0.37500572204589844,False,nat
59,orig,S4_deberta,4.300834655761719,-3.7499923706054688,False,none
59,nat0,S4_deberta,4.127643585205078,2.0000038146972656,False,nat
59,nat1,S4_deberta,1.8191070556640625,6.875,True,nat
59,nat2,S4_deberta,-3.062761068344116,-0.6249904632568359,False,nat
59,nat3,S4_deberta,5.80457878112793,2.1250038146972656,False,nat
59,nat4,S4_deberta,-2.4539408683776855,6.875,True,nat
59,nat5,S4_deberta,4.162452220916748,0.37500572204589844,False,nat
59,nat6,S4_deberta,0.07414384186267853,6.250001907348633,True,nat
59,nat7,S4_deberta,7.197456359863281,3.3750038146972656,False,nat
59,nat8,S4_deberta,4.162452220916748,0.37500572204589844,False,nat
59,nat9,S4_deberta,-2.9551374912261963,0.37500572204589844,False,nat
60,chosen,S2_tfidf,-2.732201360072244,1.2500057220458984,False,encoding
60,chosen,S1_qwen06,-0.6448040008544922,1.2500057220458984,False,encoding
60,chosen,S5_lg3_1b,0.171875,4.125001907348633,True,char-level
60,chosen,S3_probe,-10.971640586853027,3.000001907348633,True,encoding
60,chosen,S4_deberta,-3.637507915496826,4.000001907348633,True,char-level
60,orig,S2_tfidf,1.3200603361355412,6.875,False,none
60,nat0,S2_tfidf,0.3108814557073807,6.000001907348633,False,nat
60,nat1,S2_tfidf,-0.9286492650317435,-0.9999923706054688,False,nat
60,nat2,S2_tfidf,-2.732201360072244,1.2500057220458984,False,nat
60,nat3,S2_tfidf,0.7813345123157689,6.250001907348633,False,nat
60,nat4,S2_tfidf,0.08134382124899231,4.125001907348633,True,nat
60,nat5,S2_tfidf,-0.6299538355046029,3.875001907348633,False,nat
60,nat6,S2_tfidf,0.33433916995002333,3.1250038146972656,False,nat
60,nat7,S2_tfidf,1.4475931522467922,3.375001907348633,True,nat
60,nat8,S2_tfidf,-1.8870917321915062,2.3750038146972656,True,nat
60,nat9,S2_tfidf,1.3200603361355412,7.0,False,nat
60,orig,S1_qwen06,7.628599166870117,6.875,False,none
60,nat0,S1_qwen06,3.0797386169433594,6.000001907348633,False,nat
60,nat1,S1_qwen06,-2.2042884826660156,-0.9999923706054688,False,nat
60,nat2,S1_qwen06,-0.6448040008544922,1.2500057220458984,False,nat
60,nat3,S1_qwen06,7.332817077636719,6.250001907348633,False,nat
60,nat4,S1_qwen06,1.79296875,4.125001907348633,True,nat
60,nat5,S1_qwen06,6.562036514282227,3.875001907348633,False,nat
60,nat6,S1_qwen06,6.310115814208984,3.1250038146972656,False,nat
60,nat7,S1_qwen06,1.3941535949707031,3.375001907348633,True,nat
60,nat8,S1_qwen06,2.246246337890625,2.3750038146972656,True,nat
60,nat9,S1_qwen06,7.613031387329102,7.0,False,nat
60,orig,S5_lg3_1b,6.203125,6.875,False,none
60,nat0,S5_lg3_1b,4.578125,6.000001907348633,False,nat
60,nat1,S5_lg3_1b,1.125,-0.9999923706054688,False,nat
60,nat2,S5_lg3_1b,1.265625,1.2500057220458984,False,nat
60,nat3,S5_lg3_1b,5.328125,6.250001907348633,False,nat
60,nat4,S5_lg3_1b,2.828125,4.125001907348633,True,nat
60,nat5,S5_lg3_1b,2.0,3.875001907348633,False,nat
60,nat6,S5_lg3_1b,1.46875,3.1250038146972656,False,nat
60,nat7,S5_lg3_1b,3.4375,3.375001907348633,True,nat
60,nat8,S5_lg3_1b,2.359375,2.3750038146972656,True,nat
60,nat9,S5_lg3_1b,6.203125,7.0,False,nat
60,orig,S3_probe,5.422966003417969,6.875,False,none
60,nat0,S3_probe,6.965417861938477,6.000001907348633,False,nat
60,nat1,S3_probe,-2.904902219772339,-0.9999923706054688,False,nat
60,nat2,S3_probe,-1.6627720594406128,1.2500057220458984,False,nat
60,nat3,S3_probe,1.8114508390426636,6.250001907348633,False,nat
60,nat4,S3_probe,3.602816104888916,4.125001907348633,True,nat
60,nat5,S3_probe,-10.453861236572266,3.875001907348633,False,nat
60,nat6,S3_probe,-2.009749412536621,3.1250038146972656,False,nat
60,nat7,S3_probe,2.996272087097168,3.375001907348633,True,nat
60,nat8,S3_probe,4.231366157531738,2.3750038146972656,True,nat
60,nat9,S3_probe,5.424798965454102,7.0,False,nat
60,orig,S4_deberta,2.7016568183898926,6.875,False,none
60,nat0,S4_deberta,5.091137886047363,6.000001907348633,False,nat
60,nat1,S4_deberta,-2.9841442108154297,-0.9999923706054688,False,nat
60,nat2,S4_deberta,-3.2675020694732666,1.2500057220458984,False,nat
60,nat3,S4_deberta,3.162684917449951,6.250001907348633,False,nat
60,nat4,S4_deberta,-2.6214542388916016,4.125001907348633,True,nat
60,nat5,S4_deberta,4.131580829620361,3.875001907348633,False,nat
60,nat6,S4_deberta,4.616558074951172,3.1250038146972656,False,nat
60,nat7,S4_deberta,-2.8027801513671875,3.375001907348633,True,nat
60,nat8,S4_deberta,-1.772639513015747,2.3750038146972656,True,nat
60,nat9,S4_deberta,2.701657772064209,7.0,False,nat
61,chosen,S2_tfidf,-2.8958262643146404,0.7500057220458984,False,encoding
61,chosen,S1_qwen06,-1.7652111053466797,0.8750076293945312,False,encoding
61,chosen,S5_lg3_1b,-3.25,7.125001907348633,True,char-level
61,chosen,S3_probe,-10.418073654174805,4.875001907348633,False,encoding
61,chosen,S4_deberta,-3.4099550247192383,5.375001907348633,True,char-level
61,orig,S2_tfidf,6.082306246407608,9.0,False,none
61,nat0,S2_tfidf,-1.634921102760748,5.250001907348633,True,nat
61,nat1,S2_tfidf,1.0722939385244457,6.250001907348633,False,nat
61,nat2,S2_tfidf,-2.3389389062616024,4.500001907348633,True,nat
61,nat3,S2_tfidf,2.199743822396817,5.000001907348633,True,nat
61,nat4,S2_tfidf,2.1526791311445512,5.500001907348633,True,nat
61,nat5,S2_tfidf,0.9709290194254885,4.500001907348633,True,nat
61,nat6,S2_tfidf,2.7807174932951266,8.125,False,nat
61,nat7,S2_tfidf,-1.003663366318706,5.500001907348633,True,nat
61,nat8,S2_tfidf,1.0789984981820882,5.625001907348633,False,nat
61,nat9,S2_tfidf,0.10217583663685126,3.7500038146972656,True,nat
61,orig,S1_qwen06,6.828277587890625,9.0,False,none
61,nat0,S1_qwen06,1.3204574584960938,5.250001907348633,True,nat
61,nat1,S1_qwen06,5.163429260253906,6.250001907348633,False,nat
61,nat2,S1_qwen06,0.9415645599365234,4.500001907348633,True,nat
61,nat3,S1_qwen06,6.022340774536133,5.000001907348633,True,nat
61,nat4,S1_qwen06,3.476398468017578,5.500001907348633,True,nat
61,nat5,S1_qwen06,2.421751022338867,4.500001907348633,True,nat
61,nat6,S1_qwen06,5.723024368286133,8.125,False,nat
61,nat7,S1_qwen06,2.515501022338867,5.500001907348633,True,nat
61,nat8,S1_qwen06,4.777191162109375,5.625001907348633,False,nat
61,nat9,S1_qwen06,3.6186447143554688,3.7500038146972656,True,nat
61,orig,S5_lg3_1b,5.796875,9.0,False,none
61,nat0,S5_lg3_1b,0.140625,5.250001907348633,True,nat
61,nat1,S5_lg3_1b,-0.375,6.250001907348633,False,nat
61,nat2,S5_lg3_1b,2.4375,4.500001907348633,True,nat
61,nat3,S5_lg3_1b,3.9375,5.000001907348633,True,nat
61,nat4,S5_lg3_1b,-1.671875,5.500001907348633,True,nat
61,nat5,S5_lg3_1b,3.453125,4.500001907348633,True,nat
61,nat6,S5_lg3_1b,4.90625,8.125,False,nat
61,nat7,S5_lg3_1b,0.0625,5.500001907348633,True,nat
61,nat8,S5_lg3_1b,0.484375,5.625001907348633,False,nat
61,nat9,S5_lg3_1b,1.203125,3.7500038146972656,True,nat
61,orig,S3_probe,6.638427734375,9.0,False,none
61,nat0,S3_probe,9.880111694335938,5.250001907348633,True,nat
61,nat1,S3_probe,10.365594863891602,6.250001907348633,False,nat
61,nat2,S3_probe,6.865359306335449,4.500001907348633,True,nat
61,nat3,S3_probe,-10.383613586425781,5.000001907348633,True,nat
61,nat4,S3_probe,10.98912525177002,5.500001907348633,True,nat
61,nat5,S3_probe,8.201245307922363,4.500001907348633,True,nat
61,nat6,S3_probe,11.798969268798828,8.125,False,nat
61,nat7,S3_probe,11.117280006408691,5.500001907348633,True,nat
61,nat8,S3_probe,6.815830707550049,5.625001907348633,False,nat
61,nat9,S3_probe,6.851618766784668,3.7500038146972656,True,nat
61,orig,S4_deberta,7.5071539878845215,9.0,False,none
61,nat0,S4_deberta,-3.623626470565796,5.250001907348633,True,nat
61,nat1,S4_deberta,7.160160064697266,6.250001907348633,False,nat
61,nat2,S4_deberta,-2.9326138496398926,4.500001907348633,True,nat
61,nat3,S4_deberta,6.484766006469727,5.000001907348633,True,nat
61,nat4,S4_deberta,-1.2761948108673096,5.500001907348633,True,nat
61,nat5,S4_deberta,-2.722999095916748,4.500001907348633,True,nat
61,nat6,S4_deberta,7.696842670440674,8.125,False,nat
61,nat7,S4_deberta,-3.039170503616333,5.500001907348633,True,nat
61,nat8,S4_deberta,2.7615203857421875,5.625001907348633,False,nat
61,nat9,S4_deberta,-2.685382127761841,3.7500038146972656,True,nat
62,chosen,S2_tfidf,-2.1692827747611974,0.6250057220458984,False,encoding
62,chosen,S1_qwen06,-2.086568832397461,-1.1249885559082031,False,encoding
62,chosen,S5_lg3_1b,-1.46875,7.0,True,char-level
62,chosen,S3_probe,-8.204874992370605,6.875,False,encoding
62,chosen,S4_deberta,-3.919755220413208,5.500001907348633,True,char-level
62,orig,S2_tfidf,5.930309270574964,9.75,False,none
62,nat0,S2_tfidf,-0.9848589588105727,-1.1249885559082031,False,nat
62,nat1,S2_tfidf,1.793983803170329,6.875,False,nat
62,nat2,S2_tfidf,1.6224740180196358,8.625,False,nat
62,nat3,S2_tfidf,4.099439142404601,9.375,False,nat
62,nat4,S2_tfidf,-2.1692827747611974,0.7500057220458984,False,nat
62,nat5,S2_tfidf,5.930309270574964,9.75,False,nat
62,nat6,S2_tfidf,5.930309270574964,9.75,False,nat
62,nat7,S2_tfidf,5.794077424686,8.75,False,nat
62,nat8,S2_tfidf,1.7294423521431643,6.75,False,nat
62,nat9,S2_tfidf,2.3885317610357024,8.625,True,nat
62,orig,S1_qwen06,7.718891143798828,9.75,False,none
62,nat0,S1_qwen06,-2.1013660430908203,-1.1249885559082031,False,nat
62,nat1,S1_qwen06,5.348728179931641,6.875,False,nat
62,nat2,S1_qwen06,3.493959426879883,8.625,False,nat
62,nat3,S1_qwen06,6.144006729125977,9.375,False,nat
62,nat4,S1_qwen06,-0.7238063812255859,0.7500057220458984,False,nat
62,nat5,S1_qwen06,7.718891143798828,9.75,False,nat
62,nat6,S1_qwen06,7.718891143798828,9.75,False,nat
62,nat7,S1_qwen06,5.259700775146484,8.75,False,nat
62,nat8,S1_qwen06,4.360052108764648,6.75,False,nat
62,nat9,S1_qwen06,4.485746383666992,8.625,True,nat
62,orig,S5_lg3_1b,9.046875,9.75,False,none
62,nat0,S5_lg3_1b,0.03125,-1.1249885559082031,False,nat
62,nat1,S5_lg3_1b,2.703125,6.875,False,nat
62,nat2,S5_lg3_1b,5.078125,8.625,False,nat
62,nat3,S5_lg3_1b,7.0625,9.375,False,nat
62,nat4,S5_lg3_1b,1.234375,0.7500057220458984,False,nat
62,nat5,S5_lg3_1b,9.046875,9.75,False,nat
62,nat6,S5_lg3_1b,9.046875,9.75,False,nat
62,nat7,S5_lg3_1b,5.5,8.75,False,nat
62,nat8,S5_lg3_1b,5.578125,6.75,False,nat
62,nat9,S5_lg3_1b,7.296875,8.625,True,nat
62,orig,S3_probe,4.0261077880859375,9.75,False,none
62,nat0,S3_probe,-2.026578903198242,-1.1249885559082031,False,nat
62,nat1,S3_probe,-8.204874992370605,6.875,False,nat
62,nat2,S3_probe,13.105269432067871,8.625,False,nat
62,nat3,S3_probe,12.14529037475586,9.375,False,nat
62,nat4,S3_probe,-3.065952777862549,0.7500057220458984,False,nat
62,nat5,S3_probe,4.0426025390625,9.75,False,nat
62,nat6,S3_probe,4.0426025390625,9.75,False,nat
62,nat7,S3_probe,4.199069023132324,8.75,False,nat
62,nat8,S3_probe,-6.607236385345459,6.75,False,nat
62,nat9,S3_probe,3.3675355911254883,8.625,True,nat
62,orig,S4_deberta,6.28410530090332,9.75,False,none
62,nat0,S4_deberta,-2.923900842666626,-1.1249885559082031,False,nat
62,nat1,S4_deberta,5.4387526512146,6.875,False,nat
62,nat2,S4_deberta,3.565617084503174,8.625,False,nat
62,nat3,S4_deberta,6.1778435707092285,9.375,False,nat
62,nat4,S4_deberta,-3.309680938720703,0.7500057220458984,False,nat
62,nat5,S4_deberta,6.284101486206055,9.75,False,nat
62,nat6,S4_deberta,6.284101486206055,9.75,False,nat
62,nat7,S4_deberta,7.2611494064331055,8.75,False,nat
62,nat8,S4_deberta,5.514705181121826,6.75,False,nat
62,nat9,S4_deberta,0.25680094957351685,8.625,True,nat
63,chosen,S2_tfidf,-2.700162259786958,3.5000038146972656,False,char-level
63,chosen,S1_qwen06,-2.174257278442383,-0.7499904632568359,False,encoding
63,chosen,S5_lg3_1b,-1.109375,1.7500057220458984,True,char-level
63,chosen,S3_probe,-13.244388580322266,4.875001907348633,True,encoding
63,chosen,S4_deberta,-3.4098448753356934,6.0,True,char-level
63,orig,S2_tfidf,0.9604674000711133,7.375,False,none
63,nat0,S2_tfidf,0.0889245965510399,4.750001907348633,False,nat
63,nat1,S2_tfidf,0.5948896992207613,7.125,False,nat
63,nat2,S2_tfidf,0.16056515438998886,7.5,True,nat
63,nat3,S2_tfidf,0.5341150551631639,7.0,False,nat
63,nat4,S2_tfidf,-1.8298649154049464,2.1250057220458984,True,nat
63,nat5,S2_tfidf,0.3274793519743733,3.750001907348633,False,nat
63,nat6,S2_tfidf,-0.9674377535121537,5.125001907348633,True,nat
63,nat7,S2_tfidf,0.6115009342944899,6.0,False,nat
63,nat8,S2_tfidf,0.9969827777900375,3.3750038146972656,True,nat
63,nat9,S2_tfidf,-0.14697229078961316,6.375,True,nat
63,orig,S1_qwen06,6.472293853759766,7.375,False,none
63,nat0,S1_qwen06,2.120990753173828,4.750001907348633,False,nat
63,nat1,S1_qwen06,3.2438697814941406,7.125,False,nat
63,nat2,S1_qwen06,2.429668426513672,7.5,True,nat
63,nat3,S1_qwen06,1.6717529296875,7.0,False,nat
63,nat4,S1_qwen06,-0.42908668518066406,2.1250057220458984,True,nat
63,nat5,S1_qwen06,0.7001953125,3.750001907348633,False,nat
63,nat6,S1_qwen06,0.9335403442382812,5.125001907348633,True,nat
63,nat7,S1_qwen06,4.943145751953125,6.0,False,nat
63,nat8,S1_qwen06,1.95245361328125,3.3750038146972656,True,nat
63,nat9,S1_qwen06,2.492168426513672,6.375,True,nat
63,orig,S5_lg3_1b,9.359375,7.375,False,none
63,nat0,S5_lg3_1b,2.9375,4.750001907348633,False,nat
63,nat1,S5_lg3_1b,6.53125,7.125,False,nat
63,nat2,S5_lg3_1b,6.765625,7.5,True,nat
63,nat3,S5_lg3_1b,5.609375,7.0,False,nat
63,nat4,S5_lg3_1b,0.375,2.1250057220458984,True,nat
63,nat5,S5_lg3_1b,1.0,3.750001907348633,False,nat
63,nat6,S5_lg3_1b,0.8125,5.125001907348633,True,nat
63,nat7,S5_lg3_1b,8.0,6.0,False,nat
63,nat8,S5_lg3_1b,2.484375,3.3750038146972656,True,nat
63,nat9,S5_lg3_1b,2.484375,6.375,True,nat
63,orig,S3_probe,3.8894100189208984,7.375,False,none
63,nat0,S3_probe,4.123038291931152,4.750001907348633,False,nat
63,nat1,S3_probe,6.37833833694458,7.125,False,nat
63,nat2,S3_probe,0.8311716318130493,7.5,True,nat
63,nat3,S3_probe,1.6739484071731567,7.0,False,nat
63,nat4,S3_probe,-0.12309351563453674,2.1250057220458984,True,nat
63,nat5,S3_probe,-0.03188028931617737,3.750001907348633,False,nat
63,nat6,S3_probe,1.646565556526184,5.125001907348633,True,nat
63,nat7,S3_probe,0.38737615942955017,6.0,False,nat
63,nat8,S3_probe,4.980030059814453,3.3750038146972656,True,nat
63,nat9,S3_probe,-0.717251181602478,6.375,True,nat
63,orig,S4_deberta,1.5663762092590332,7.375,False,none
63,nat0,S4_deberta,3.5039126873016357,4.750001907348633,False,nat
63,nat1,S4_deberta,3.8249573707580566,7.125,False,nat
63,nat2,S4_deberta,-2.1807668209075928,7.5,True,nat
63,nat3,S4_deberta,-0.9534927010536194,7.0,False,nat
63,nat4,S4_deberta,-3.415929079055786,2.1250057220458984,True,nat
63,nat5,S4_deberta,4.2669267654418945,3.750001907348633,False,nat
63,nat6,S4_deberta,-3.099661350250244,5.125001907348633,True,nat
63,nat7,S4_deberta,3.436455726623535,6.0,False,nat
63,nat8,S4_deberta,-2.3673911094665527,3.3750038146972656,True,nat
63,nat9,S4_deberta,-2.3639559745788574,6.375,True,nat
64,chosen,S2_tfidf,-4.0539111013692315,1.6250057220458984,True,char-level
64,chosen,S1_qwen06,-0.9497890472412109,1.0000057220458984,False,encoding
64,chosen,S5_lg3_1b,-2.015625,3.3750038146972656,True,char-level
64,chosen,S3_probe,-9.873263359069824,5.250001907348633,True,encoding
64,chosen,S4_deberta,-3.4096567630767822,1.0000057220458984,False,encoding
64,orig,S2_tfidf,0.9490918153516479,8.25,False,none
64,nat0,S2_tfidf,-2.932802342226786,1.0000057220458984,False,nat
64,nat1,S2_tfidf,-1.7863979868578388,1.2500057220458984,True,nat
64,nat2,S2_tfidf,0.2021170500476157,5.000001907348633,False,nat
64,nat3,S2_tfidf,-1.0162798059625813,5.250001907348633,True,nat
64,nat4,S2_tfidf,-0.4703726582392683,6.000001907348633,False,nat
64,nat5,S2_tfidf,-0.8862871764840211,3.8750038146972656,True,nat
64,nat6,S2_tfidf,-2.664382127823557,1.8750038146972656,True,nat
64,nat7,S2_tfidf,2.4057661442463836,3.875001907348633,True,nat
64,nat8,S2_tfidf,-0.18645691158432132,5.000001907348633,True,nat
64,nat9,S2_tfidf,0.052550833549389386,4.500001907348633,True,nat
64,orig,S1_qwen06,7.250896453857422,8.25,False,none
64,nat0,S1_qwen06,-0.9497890472412109,1.0000057220458984,False,nat
64,nat1,S1_qwen06,0.4036293029785156,1.2500057220458984,True,nat
64,nat2,S1_qwen06,1.6585826873779297,5.000001907348633,False,nat
64,nat3,S1_qwen06,6.156156539916992,5.250001907348633,True,nat
64,nat4,S1_qwen06,4.537912368774414,6.000001907348633,False,nat
64,nat5,S1_qwen06,0.4302864074707031,3.8750038146972656,True,nat
64,nat6,S1_qwen06,-0.7185897827148438,1.8750038146972656,True,nat
64,nat7,S1_qwen06,0.4817981719970703,3.875001907348633,True,nat
64,nat8,S1_qwen06,-0.14666175842285156,5.000001907348633,True,nat
64,nat9,S1_qwen06,0.34906578063964844,4.500001907348633,True,nat
64,orig,S5_lg3_1b,8.15625,8.25,False,none
64,nat0,S5_lg3_1b,1.40625,1.0000057220458984,False,nat
64,nat1,S5_lg3_1b,0.734375,1.2500057220458984,True,nat
64,nat2,S5_lg3_1b,2.578125,5.000001907348633,False,nat
64,nat3,S5_lg3_1b,1.875,5.250001907348633,True,nat
64,nat4,S5_lg3_1b,5.546875,6.000001907348633,False,nat
64,nat5,S5_lg3_1b,-0.671875,3.8750038146972656,True,nat
64,nat6,S5_lg3_1b,3.578125,1.8750038146972656,True,nat
64,nat7,S5_lg3_1b,2.375,3.875001907348633,True,nat
64,nat8,S5_lg3_1b,1.921875,5.000001907348633,True,nat
64,nat9,S5_lg3_1b,0.84375,4.500001907348633,True,nat
64,orig,S3_probe,9.348833084106445,8.25,False,none
64,nat0,S3_probe,-3.0620346069335938,1.0000057220458984,False,nat
64,nat1,S3_probe,3.3206844329833984,1.2500057220458984,True,nat
64,nat2,S3_probe,5.233329772949219,5.000001907348633,False,nat
64,nat3,S3_probe,-9.873263359069824,5.250001907348633,True,nat
64,nat4,S3_probe,10.138689994812012,6.000001907348633,False,nat
64,nat5,S3_probe,6.083320617675781,3.8750038146972656,True,nat
64,nat6,S3_probe,5.11686897277832,1.8750038146972656,True,nat
64,nat7,S3_probe,5.870111465454102,3.875001907348633,True,nat
64,nat8,S3_probe,4.870888710021973,5.000001907348633,True,nat
64,nat9,S3_probe,5.542946815490723,4.500001907348633,True,nat
64,orig,S4_deberta,7.385509967803955,8.25,False,none
64,nat0,S4_deberta,-3.4096567630767822,1.0000057220458984,False,nat
64,nat1,S4_deberta,-1.5057694911956787,1.2500057220458984,True,nat
64,nat2,S4_deberta,2.196699619293213,5.000001907348633,False,nat
64,nat3,S4_deberta,5.7600507736206055,5.250001907348633,True,nat
64,nat4,S4_deberta,7.168479919433594,6.000001907348633,False,nat
64,nat5,S4_deberta,-2.8031234741210938,3.8750038146972656,True,nat
64,nat6,S4_deberta,-3.266345977783203,1.8750038146972656,True,nat
64,nat7,S4_deberta,-2.9879026412963867,3.875001907348633,True,nat
64,nat8,S4_deberta,-2.622957229614258,5.000001907348633,True,nat
64,nat9,S4_deberta,-2.7758536338806152,4.500001907348633,True,nat
65,chosen,S2_tfidf,-2.9799777826737177,1.5000057220458984,True,char-level
65,chosen,S1_qwen06,-2.177797317504883,-1.249990463256836,False,encoding
65,chosen,S5_lg3_1b,-6.078125,7.0,True,char-level
65,chosen,S3_probe,-11.417655944824219,5.625001907348633,True,encoding
65,chosen,S4_deberta,-4.1933135986328125,4.750001907348633,False,char-level
65,orig,S2_tfidf,1.8349532987519617,8.875,False,none
65,nat0,S2_tfidf,-2.815947550694585,3.500001907348633,True,nat
65,nat1,S2_tfidf,1.3735075594847677,8.0,False,nat
65,nat2,S2_tfidf,0.36733487834677425,4.125001907348633,False,nat
65,nat3,S2_tfidf,-0.23490001445185849,6.25,False,nat
65,nat4,S2_tfidf,1.8349532987519617,8.75,False,nat
65,nat5,S2_tfidf,-0.4653537738274348,7.125,False,nat
65,nat6,S2_tfidf,3.533631974422427,6.875,False,nat
65,nat7,S2_tfidf,-2.5930508278122075,4.000001907348633,True,nat
65,nat8,S2_tfidf,-4.384118454694329,2.7500038146972656,False,nat
65,nat9,S2_tfidf,1.3139150581054608,7.75,False,nat
65,orig,S1_qwen06,6.891304016113281,8.875,False,none
65,nat0,S1_qwen06,-1.033395767211914,3.500001907348633,True,nat
65,nat1,S1_qwen06,4.120941162109375,8.0,False,nat
65,nat2,S1_qwen06,0.22730636596679688,4.125001907348633,False,nat
65,nat3,S1_qwen06,3.4213294982910156,6.25,False,nat
65,nat4,S1_qwen06,6.891292572021484,8.75,False,nat
65,nat5,S1_qwen06,3.4804153442382812,7.125,False,nat
65,nat6,S1_qwen06,4.316019058227539,6.875,False,nat
65,nat7,S1_qwen06,-1.567667007446289,4.000001907348633,True,nat
65,nat8,S1_qwen06,0.32045555114746094,2.7500038146972656,False,nat
65,nat9,S1_qwen06,5.722137451171875,7.75,False,nat
65,orig,S5_lg3_1b,5.4375,8.875,False,none
65,nat0,S5_lg3_1b,-4.140625,3.500001907348633,True,nat
65,nat1,S5_lg3_1b,4.28125,8.0,False,nat
65,nat2,S5_lg3_1b,3.25,4.125001907348633,False,nat
65,nat3,S5_lg3_1b,3.09375,6.25,False,nat
65,nat4,S5_lg3_1b,5.4375,8.75,False,nat
65,nat5,S5_lg3_1b,4.125,7.125,False,nat
65,nat6,S5_lg3_1b,6.328125,6.875,False,nat
65,nat7,S5_lg3_1b,-2.703125,4.000001907348633,True,nat
65,nat8,S5_lg3_1b,0.421875,2.7500038146972656,False,nat
65,nat9,S5_lg3_1b,4.703125,7.75,False,nat
65,orig,S3_probe,0.2509241998195648,8.875,False,none
65,nat0,S3_probe,-1.8328932523727417,3.500001907348633,True,nat
65,nat1,S3_probe,4.335247039794922,8.0,False,nat
65,nat2,S3_probe,-7.083806037902832,4.125001907348633,False,nat
65,nat3,S3_probe,1.5122696161270142,6.25,False,nat
65,nat4,S3_probe,0.2509241998195648,8.75,False,nat
65,nat5,S3_probe,3.933285713195801,7.125,False,nat
65,nat6,S3_probe,9.77237606048584,6.875,False,nat
65,nat7,S3_probe,-0.10756674408912659,4.000001907348633,True,nat
65,nat8,S3_probe,-0.07634344696998596,2.7500038146972656,False,nat
65,nat9,S3_probe,2.103374481201172,7.75,False,nat
65,orig,S4_deberta,0.42936134338378906,8.875,False,none
65,nat0,S4_deberta,-3.1911492347717285,3.500001907348633,True,nat
65,nat1,S4_deberta,3.987514019012451,8.0,False,nat
65,nat2,S4_deberta,4.919319152832031,4.125001907348633,False,nat
65,nat3,S4_deberta,5.715161323547363,6.25,False,nat
65,nat4,S4_deberta,0.42936012148857117,8.75,False,nat
65,nat5,S4_deberta,5.654449462890625,7.125,False,nat
65,nat6,S4_deberta,1.9055538177490234,6.875,False,nat
65,nat7,S4_deberta,-3.7207717895507812,4.000001907348633,True,nat
65,nat8,S4_deberta,-4.66821813583374,2.7500038146972656,False,nat
65,nat9,S4_deberta,3.7124831676483154,7.75,False,nat
66,chosen,S2_tfidf,-5.041389051257526,3.625001907348633,False,char-level
66,chosen,S1_qwen06,-2.262287139892578,-0.8749904632568359,False,encoding
66,chosen,S5_lg3_1b,-1.0,4.250001907348633,False,char-level
66,chosen,S3_probe,-10.405707359313965,4.375001907348633,False,encoding
66,chosen,S4_deberta,-3.5210278034210205,3.500001907348633,True,char-level
66,orig,S2_tfidf,-0.2981591687083147,5.25,False,none
66,nat0,S2_tfidf,-0.8140719718539777,6.625,False,nat
66,nat1,S2_tfidf,-2.007207747280148,5.750001907348633,True,nat
66,nat2,S2_tfidf,-0.2981591687083147,5.25,False,nat
66,nat3,S2_tfidf,1.5830929703821945,5.75,False,nat
66,nat4,S2_tfidf,-0.2981591687083147,5.25,False,nat
66,nat5,S2_tfidf,-2.999488948731507,0.8750057220458984,False,nat
66,nat6,S2_tfidf,2.034825201560767,5.75,True,nat
66,nat7,S2_tfidf,-0.8007554898119734,5.875,True,nat
66,nat8,S2_tfidf,-0.026075223167308925,5.375,False,nat
66,nat9,S2_tfidf,-0.2659013301944626,6.5,True,nat
66,orig,S1_qwen06,4.936908721923828,5.25,False,none
66,nat0,S1_qwen06,2.5693836212158203,6.625,False,nat
66,nat1,S1_qwen06,0.2639141082763672,5.750001907348633,True,nat
66,nat2,S1_qwen06,4.939176559448242,5.25,False,nat
66,nat3,S1_qwen06,4.06483268737793,5.75,False,nat
66,nat4,S1_qwen06,4.939176559448242,5.25,False,nat
66,nat5,S1_qwen06,-0.5975914001464844,0.8750057220458984,False,nat
66,nat6,S1_qwen06,0.3255043029785156,5.75,True,nat
66,nat7,S1_qwen06,1.5648345947265625,5.875,True,nat
66,nat8,S1_qwen06,2.29547119140625,5.375,False,nat
66,nat9,S1_qwen06,3.8255462646484375,6.5,True,nat
66,orig,S5_lg3_1b,10.015625,5.25,False,none
66,nat0,S5_lg3_1b,8.1875,6.625,False,nat
66,nat1,S5_lg3_1b,5.703125,5.750001907348633,True,nat
66,nat2,S5_lg3_1b,10.0,5.25,False,nat
66,nat3,S5_lg3_1b,8.40625,5.75,False,nat
66,nat4,S5_lg3_1b,10.0,5.25,False,nat
66,nat5,S5_lg3_1b,1.34375,0.8750057220458984,False,nat
66,nat6,S5_lg3_1b,2.375,5.75,True,nat
66,nat7,S5_lg3_1b,6.796875,5.875,True,nat
66,nat8,S5_lg3_1b,8.03125,5.375,False,nat
66,nat9,S5_lg3_1b,7.546875,6.5,True,nat
66,orig,S3_probe,-1.2729014158248901,5.25,False,none
66,nat0,S3_probe,9.206365585327148,6.625,False,nat
66,nat1,S3_probe,3.1217660903930664,5.750001907348633,True,nat
66,nat2,S3_probe,-1.2729014158248901,5.25,False,nat
66,nat3,S3_probe,5.006447792053223,5.75,False,nat
66,nat4,S3_probe,-1.2729014158248901,5.25,False,nat
66,nat5,S3_probe,-3.431647300720215,0.8750057220458984,False,nat
66,nat6,S3_probe,6.952099800109863,5.75,True,nat
66,nat7,S3_probe,8.384926795959473,5.875,True,nat
66,nat8,S3_probe,4.145611763000488,5.375,False,nat
66,nat9,S3_probe,2.920614242553711,6.5,True,nat
66,orig,S4_deberta,5.79733943939209,5.25,False,none
66,nat0,S4_deberta,4.89193058013916,6.625,False,nat
66,nat1,S4_deberta,-3.428478479385376,5.750001907348633,True,nat
66,nat2,S4_deberta,5.797336578369141,5.25,False,nat
66,nat3,S4_deberta,6.639135837554932,5.75,False,nat
66,nat4,S4_deberta,5.797336578369141,5.25,False,nat
66,nat5,S4_deberta,-3.3532516956329346,0.8750057220458984,False,nat
66,nat6,S4_deberta,-2.815633773803711,5.75,True,nat
66,nat7,S4_deberta,-2.439772605895996,5.875,True,nat
66,nat8,S4_deberta,3.7641220092773438,5.375,False,nat
66,nat9,S4_deberta,-2.741830587387085,6.5,True,nat
67,chosen,S2_tfidf,-5.833363935651977,1.3750057220458984,True,char-level
67,chosen,S1_qwen06,-2.5982913970947266,1.1250057220458984,False,char-level
67,chosen,S5_lg3_1b,0.28125,-1.374990463256836,False,encoding
67,chosen,S3_probe,-9.442127227783203,3.500001907348633,True,encoding
67,chosen,S4_deberta,-3.788045644760132,1.1250057220458984,False,char-level
67,orig,S2_tfidf,-1.8957742973307858,2.875001907348633,False,none
67,nat0,S2_tfidf,-2.6808666560109486,0.25000572204589844,False,nat
67,nat1,S2_tfidf,-2.241792966512359,1.3750057220458984,False,nat
67,nat2,S2_tfidf,-2.401276026571268,3.250001907348633,False,nat
67,nat3,S2_tfidf,-2.38625631084292,2.2500038146972656,True,nat
67,nat4,S2_tfidf,-1.9897273542341904,2.1250038146972656,False,nat
67,nat5,S2_tfidf,-3.345839779779671,2.5000038146972656,True,nat
67,nat6,S2_tfidf,-2.776940987384939,5.000001907348633,True,nat
67,nat7,S2_tfidf,-1.33282509396718,-1.4999885559082031,False,nat
67,nat8,S2_tfidf,-3.408062391279935,0.8750057220458984,True,nat
67,nat9,S2_tfidf,-1.33282509396718,-1.4999885559082031,False,nat
67,orig,S1_qwen06,3.869831085205078,2.875001907348633,False,none
67,nat0,S1_qwen06,0.5156135559082031,0.25000572204589844,False,nat
67,nat1,S1_qwen06,-0.17493820190429688,1.3750057220458984,False,nat
67,nat2,S1_qwen06,0.3094635009765625,3.250001907348633,False,nat
67,nat3,S1_qwen06,2.1584300994873047,2.2500038146972656,True,nat
67,nat4,S1_qwen06,0.714996337890625,2.1250038146972656,False,nat
67,nat5,S1_qwen06,-1.3941688537597656,2.5000038146972656,True,nat
67,nat6,S1_qwen06,1.4827404022216797,5.000001907348633,True,nat
67,nat7,S1_qwen06,-2.4769363403320312,-1.4999885559082031,False,nat
67,nat8,S1_qwen06,1.1749649047851562,0.8750057220458984,True,nat
67,nat9,S1_qwen06,-2.4769363403320312,-1.4999885559082031,False,nat
67,orig,S5_lg3_1b,2.046875,2.875001907348633,False,none
67,nat0,S5_lg3_1b,2.1875,0.25000572204589844,False,nat
67,nat1,S5_lg3_1b,-0.09375,1.3750057220458984,False,nat
67,nat2,S5_lg3_1b,2.484375,3.250001907348633,False,nat
67,nat3,S5_lg3_1b,2.265625,2.2500038146972656,True,nat
67,nat4,S5_lg3_1b,1.75,2.1250038146972656,False,nat
67,nat5,S5_lg3_1b,2.0625,2.5000038146972656,True,nat
67,nat6,S5_lg3_1b,1.421875,5.000001907348633,True,nat
67,nat7,S5_lg3_1b,0.28125,-1.4999885559082031,False,nat
67,nat8,S5_lg3_1b,3.921875,0.8750057220458984,True,nat
67,nat9,S5_lg3_1b,0.28125,-1.4999885559082031,False,nat
67,orig,S3_probe,4.287467956542969,2.875001907348633,False,none
67,nat0,S3_probe,6.442046165466309,0.25000572204589844,False,nat
67,nat1,S3_probe,2.35764217376709,1.3750057220458984,False,nat
67,nat2,S3_probe,-2.2608041763305664,3.250001907348633,False,nat
67,nat3,S3_probe,2.999246597290039,2.2500038146972656,True,nat
67,nat4,S3_probe,6.078363418579102,2.1250038146972656,False,nat
67,nat5,S3_probe,2.9383764266967773,2.5000038146972656,True,nat
67,nat6,S3_probe,4.223085403442383,5.000001907348633,True,nat
67,nat7,S3_probe,-0.049346357583999634,-1.4999885559082031,False,nat
67,nat8,S3_probe,0.2063198983669281,0.8750057220458984,True,nat
67,nat9,S3_probe,-0.049346357583999634,-1.4999885559082031,False,nat
67,orig,S4_deberta,-2.948833465576172,2.875001907348633,False,none
67,nat0,S4_deberta,-3.383023738861084,0.25000572204589844,False,nat
67,nat1,S4_deberta,7.120539665222168,1.3750057220458984,False,nat
67,nat2,S4_deberta,-0.010718204081058502,3.250001907348633,False,nat
67,nat3,S4_deberta,-2.54609751701355,2.2500038146972656,True,nat
67,nat4,S4_deberta,-2.332451343536377,2.1250038146972656,False,nat
67,nat5,S4_deberta,-3.2433676719665527,2.5000038146972656,True,nat
67,nat6,S4_deberta,-3.08369779586792,5.000001907348633,True,nat
67,nat7,S4_deberta,-2.9924702644348145,-1.4999885559082031,False,nat
67,nat8,S4_deberta,-3.4850716590881348,0.8750057220458984,True,nat
67,nat9,S4_deberta,-2.9924702644348145,-1.4999885559082031,False,nat
68,chosen,S2_tfidf,-2.444955545917462,1.1250057220458984,False,encoding
68,chosen,S1_qwen06,-2.1901206970214844,4.250001907348633,True,char-level
68,chosen,S5_lg3_1b,-3.015625,1.5000038146972656,True,char-level
68,chosen,S3_probe,-10.714941024780273,4.000001907348633,True,encoding
68,chosen,S4_deberta,-3.308494806289673,4.875001907348633,True,char-level
68,orig,S2_tfidf,4.403016571484144,8.0,False,none
68,nat0,S2_tfidf,2.1643786896994017,4.000001907348633,True,nat
68,nat1,S2_tfidf,0.34824946801143675,3.250001907348633,True,nat
68,nat2,S2_tfidf,-2.444955545917462,1.1250057220458984,False,nat
68,nat3,S2_tfidf,3.389490695333925,8.0,False,nat
68,nat4,S2_tfidf,2.932852881292866,5.500001907348633,False,nat
68,nat5,S2_tfidf,4.403016571484144,8.125,False,nat
68,nat6,S2_tfidf,1.2236885073119483,5.875001907348633,True,nat
68,nat7,S2_tfidf,-2.444955545917462,1.1250057220458984,False,nat
68,nat8,S2_tfidf,-0.4407996663048347,2.3750038146972656,True,nat
68,nat9,S2_tfidf,1.5172408411765945,3.875001907348633,False,nat
68,orig,S1_qwen06,5.178442001342773,8.0,False,none
68,nat0,S1_qwen06,1.2378864288330078,4.000001907348633,True,nat
68,nat1,S1_qwen06,-0.7323246002197266,3.250001907348633,True,nat
68,nat2,S1_qwen06,-0.9862308502197266,1.1250057220458984,False,nat
68,nat3,S1_qwen06,4.691486358642578,8.0,False,nat
68,nat4,S1_qwen06,3.785219192504883,5.500001907348633,False,nat
68,nat5,S1_qwen06,5.162817001342773,8.125,False,nat
68,nat6,S1_qwen06,-1.14453125,5.875001907348633,True,nat
68,nat7,S1_qwen06,-0.9862308502197266,1.1250057220458984,False,nat
68,nat8,S1_qwen06,1.895345687866211,2.3750038146972656,True,nat
68,nat9,S1_qwen06,4.069246292114258,3.875001907348633,False,nat
68,orig,S5_lg3_1b,8.765625,8.0,False,none
68,nat0,S5_lg3_1b,0.71875,4.000001907348633,True,nat
68,nat1,S5_lg3_1b,1.703125,3.250001907348633,True,nat
68,nat2,S5_lg3_1b,1.5,1.1250057220458984,False,nat
68,nat3,S5_lg3_1b,6.609375,8.0,False,nat
68,nat4,S5_lg3_1b,5.703125,5.500001907348633,False,nat
68,nat5,S5_lg3_1b,8.765625,8.125,False,nat
68,nat6,S5_lg3_1b,2.296875,5.875001907348633,True,nat
68,nat7,S5_lg3_1b,1.5,1.1250057220458984,False,nat
68,nat8,S5_lg3_1b,2.921875,2.3750038146972656,True,nat
68,nat9,S5_lg3_1b,3.578125,3.875001907348633,False,nat
68,orig,S3_probe,2.8028926849365234,8.0,False,none
68,nat0,S3_probe,3.602034091949463,4.000001907348633,True,nat
68,nat1,S3_probe,6.5267181396484375,3.250001907348633,True,nat
68,nat2,S3_probe,-1.8552390336990356,1.1250057220458984,False,nat
68,nat3,S3_probe,7.4275407791137695,8.0,False,nat
68,nat4,S3_probe,0.07517024874687195,5.500001907348633,False,nat
68,nat5,S3_probe,2.8028926849365234,8.125,False,nat
68,nat6,S3_probe,5.552219390869141,5.875001907348633,True,nat
68,nat7,S3_probe,-1.8552390336990356,1.1250057220458984,False,nat
68,nat8,S3_probe,5.356180667877197,2.3750038146972656,True,nat
68,nat9,S3_probe,-10.46727180480957,3.875001907348633,False,nat
68,orig,S4_deberta,6.71352481842041,8.0,False,none
68,nat0,S4_deberta,-3.128819465637207,4.000001907348633,True,nat
68,nat1,S4_deberta,-2.7825703620910645,3.250001907348633,True,nat
68,nat2,S4_deberta,-3.090536117553711,1.1250057220458984,False,nat
68,nat3,S4_deberta,7.568573474884033,8.0,False,nat
68,nat4,S4_deberta,5.55872106552124,5.500001907348633,False,nat
68,nat5,S4_deberta,6.713525772094727,8.125,False,nat
68,nat6,S4_deberta,-2.6147241592407227,5.875001907348633,True,nat
68,nat7,S4_deberta,-3.090536117553711,1.1250057220458984,False,nat
68,nat8,S4_deberta,-2.992771863937378,2.3750038146972656,True,nat
68,nat9,S4_deberta,-2.617414951324463,3.875001907348633,False,nat
69,chosen,S2_tfidf,-1.8577616500260747,5.125001907348633,True,char-level
69,chosen,S1_qwen06,-1.793539047241211,0.5000076293945312,False,encoding
69,chosen,S5_lg3_1b,-0.296875,4.875001907348633,True,char-level
69,chosen,S3_probe,-9.320220947265625,0.7500057220458984,False,encoding
69,chosen,S4_deberta,-3.073578357696533,4.750001907348633,True,char-level
69,orig,S2_tfidf,3.704497543391361,4.750001907348633,False,none
69,nat0,S2_tfidf,1.1776403825394037,1.5000057220458984,False,nat
69,nat1,S2_tfidf,1.4513259588694771,5.000001907348633,True,nat
69,nat2,S2_tfidf,0.8927036333011655,5.625001907348633,True,nat
69,nat3,S2_tfidf,2.734559676364835,2.8750038146972656,True,nat
69,nat4,S2_tfidf,-1.8004472218015288,3.8750038146972656,True,nat
69,nat5,S2_tfidf,-1.7318275275620783,0.7500057220458984,False,nat
69,nat6,S2_tfidf,-0.07917494735516262,6.375001907348633,True,nat
69,nat7,S2_tfidf,2.603510776978241,4.000001907348633,True,nat
69,nat8,S2_tfidf,2.402604069151371,3.500001907348633,False,nat
69,nat9,S2_tfidf,2.9853499477646226,2.3750038146972656,False,nat
69,orig,S1_qwen06,5.402942657470703,4.750001907348633,False,none
69,nat0,S1_qwen06,3.1198863983154297,1.5000057220458984,False,nat
69,nat1,S1_qwen06,3.2742862701416016,5.000001907348633,True,nat
69,nat2,S1_qwen06,2.6943836212158203,5.625001907348633,True,nat
69,nat3,S1_qwen06,2.834878921508789,2.8750038146972656,True,nat
69,nat4,S1_qwen06,1.6140594482421875,3.8750038146972656,True,nat
69,nat5,S1_qwen06,0.2868938446044922,0.7500057220458984,False,nat
69,nat6,S1_qwen06,2.440591812133789,6.375001907348633,True,nat
69,nat7,S1_qwen06,1.100576400756836,4.000001907348633,True,nat
69,nat8,S1_qwen06,4.577556610107422,3.500001907348633,False,nat
69,nat9,S1_qwen06,3.412385940551758,2.3750038146972656,False,nat
69,orig,S5_lg3_1b,6.046875,4.750001907348633,False,none
69,nat0,S5_lg3_1b,5.390625,1.5000057220458984,False,nat
69,nat1,S5_lg3_1b,3.28125,5.000001907348633,True,nat
69,nat2,S5_lg3_1b,4.359375,5.625001907348633,True,nat
69,nat3,S5_lg3_1b,1.9375,2.8750038146972656,True,nat
69,nat4,S5_lg3_1b,3.09375,3.8750038146972656,True,nat
69,nat5,S5_lg3_1b,0.875,0.7500057220458984,False,nat
69,nat6,S5_lg3_1b,4.0,6.375001907348633,True,nat
69,nat7,S5_lg3_1b,2.96875,4.000001907348633,True,nat
69,nat8,S5_lg3_1b,4.0,3.500001907348633,False,nat
69,nat9,S5_lg3_1b,4.34375,2.3750038146972656,False,nat
69,orig,S3_probe,4.709616661071777,4.750001907348633,False,none
69,nat0,S3_probe,8.894046783447266,1.5000057220458984,False,nat
69,nat1,S3_probe,8.374777793884277,5.000001907348633,True,nat
69,nat2,S3_probe,9.106307029724121,5.625001907348633,True,nat
69,nat3,S3_probe,6.363424301147461,2.8750038146972656,True,nat
69,nat4,S3_probe,7.472994804382324,3.8750038146972656,True,nat
69,nat5,S3_probe,-1.3199043273925781,0.7500057220458984,False,nat
69,nat6,S3_probe,8.648542404174805,6.375001907348633,True,nat
69,nat7,S3_probe,7.301456928253174,4.000001907348633,True,nat
69,nat8,S3_probe,13.792240142822266,3.500001907348633,False,nat
69,nat9,S3_probe,1.2394100427627563,2.3750038146972656,False,nat
69,orig,S4_deberta,6.984869480133057,4.750001907348633,False,none
69,nat0,S4_deberta,7.402919769287109,1.5000057220458984,False,nat
69,nat1,S4_deberta,-2.6428098678588867,5.000001907348633,True,nat
69,nat2,S4_deberta,-2.4382147789001465,5.625001907348633,True,nat
69,nat3,S4_deberta,2.5934364795684814,2.8750038146972656,True,nat
69,nat4,S4_deberta,-1.5222530364990234,3.8750038146972656,True,nat
69,nat5,S4_deberta,-1.9130160808563232,0.7500057220458984,False,nat
69,nat6,S4_deberta,-2.4998106956481934,6.375001907348633,True,nat
69,nat7,S4_deberta,-0.4692697525024414,4.000001907348633,True,nat
69,nat8,S4_deberta,6.256297588348389,3.500001907348633,False,nat
69,nat9,S4_deberta,6.964595317840576,2.3750038146972656,False,nat
70,chosen,S2_tfidf,-3.4132053786212992,2.875001907348633,True,char-level
70,chosen,S1_qwen06,-2.115297317504883,-0.6249923706054688,False,encoding
70,chosen,S5_lg3_1b,0.296875,-0.7499923706054688,False,encoding
70,chosen,S3_probe,-10.579976081848145,3.750001907348633,False,encoding
70,chosen,S4_deberta,-4.318304538726807,3.875001907348633,True,char-level
70,orig,S2_tfidf,2.3991020582162808,4.500001907348633,False,none
70,nat0,S2_tfidf,-2.785270148495215,3.500001907348633,True,nat
70,nat1,S2_tfidf,-0.5763521949118319,3.750001907348633,False,nat
70,nat2,S2_tfidf,1.0860690898197094,5.750001907348633,True,nat
70,nat3,S2_tfidf,2.3991020582162808,4.375001907348633,False,nat
70,nat4,S2_tfidf,1.2104068612073198,4.000001907348633,False,nat
70,nat5,S2_tfidf,-0.5366949018235593,4.000001907348633,False,nat
70,nat6,S2_tfidf,2.3991020582162808,4.375001907348633,False,nat
70,nat7,S2_tfidf,-0.7217092035532718,5.75,False,nat
70,nat8,S2_tfidf,0.8338649304102053,5.625001907348633,False,nat
70,nat9,S2_tfidf,-0.6516120947913887,6.375,False,nat
70,orig,S1_qwen06,1.6798324584960938,4.500001907348633,False,none
70,nat0,S1_qwen06,-0.8418197631835938,3.500001907348633,True,nat
70,nat1,S1_qwen06,0.2025928497314453,3.750001907348633,False,nat
70,nat2,S1_qwen06,-0.38379478454589844,5.750001907348633,True,nat
70,nat3,S1_qwen06,1.6954574584960938,4.375001907348633,False,nat
70,nat4,S1_qwen06,-0.23429489135742188,4.000001907348633,False,nat
70,nat5,S1_qwen06,-1.3730392456054688,4.000001907348633,False,nat
70,nat6,S1_qwen06,1.6954574584960938,4.375001907348633,False,nat
70,nat7,S1_qwen06,0.182464599609375,5.75,False,nat
70,nat8,S1_qwen06,1.070455551147461,5.625001907348633,False,nat
70,nat9,S1_qwen06,3.241973876953125,6.375,False,nat
70,orig,S5_lg3_1b,2.1875,4.500001907348633,False,none
70,nat0,S5_lg3_1b,4.359375,3.500001907348633,True,nat
70,nat1,S5_lg3_1b,2.40625,3.750001907348633,False,nat
70,nat2,S5_lg3_1b,4.84375,5.750001907348633,True,nat
70,nat3,S5_lg3_1b,2.1875,4.375001907348633,False,nat
70,nat4,S5_lg3_1b,1.828125,4.000001907348633,False,nat
70,nat5,S5_lg3_1b,5.515625,4.000001907348633,False,nat
70,nat6,S5_lg3_1b,2.1875,4.375001907348633,False,nat
70,nat7,S5_lg3_1b,7.140625,5.75,False,nat
70,nat8,S5_lg3_1b,6.75,5.625001907348633,False,nat
70,nat9,S5_lg3_1b,7.28125,6.375,False,nat
70,orig,S3_probe,-5.154046058654785,4.500001907348633,False,none
70,nat0,S3_probe,-1.2379034757614136,3.500001907348633,True,nat
70,nat1,S3_probe,-10.58142375946045,3.750001907348633,False,nat
70,nat2,S3_probe,-0.7283343076705933,5.750001907348633,True,nat
70,nat3,S3_probe,-5.154040336608887,4.375001907348633,False,nat
70,nat4,S3_probe,1.357890248298645,4.000001907348633,False,nat
70,nat5,S3_probe,-2.318450927734375,4.000001907348633,False,nat
70,nat6,S3_probe,-5.154046058654785,4.375001907348633,False,nat
70,nat7,S3_probe,-3.3821096420288086,5.75,False,nat
70,nat8,S3_probe,2.584291934967041,5.625001907348633,False,nat
70,nat9,S3_probe,4.05519962310791,6.375,False,nat
70,orig,S4_deberta,0.5277012586593628,4.500001907348633,False,none
70,nat0,S4_deberta,-3.7374138832092285,3.500001907348633,True,nat
70,nat1,S4_deberta,-1.256521224975586,3.750001907348633,False,nat
70,nat2,S4_deberta,-1.2275258302688599,5.750001907348633,True,nat
70,nat3,S4_deberta,0.5276966691017151,4.375001907348633,False,nat
70,nat4,S4_deberta,4.339166164398193,4.000001907348633,False,nat
70,nat5,S4_deberta,-3.6361145973205566,4.000001907348633,False,nat
70,nat6,S4_deberta,0.5276966691017151,4.375001907348633,False,nat
70,nat7,S4_deberta,-0.7308493852615356,5.75,False,nat
70,nat8,S4_deberta,-0.5608596801757812,5.625001907348633,False,nat
70,nat9,S4_deberta,-1.2648508548736572,6.375,False,nat
71,chosen,S2_tfidf,-5.142268106370734,3.2500038146972656,True,char-level
71,chosen,S1_qwen06,-2.3488082885742188,-2.374988555908203,False,encoding
71,chosen,S5_lg3_1b,-1.140625,3.8750038146972656,True,char-level
71,chosen,S3_probe,-9.087860107421875,6.875,False,encoding
71,chosen,S4_deberta,-4.125603675842285,4.750001907348633,True,char-level
71,orig,S2_tfidf,-2.0217233228885894,9.625,False,none
71,nat0,S2_tfidf,-2.039955169323436,8.25,False,nat
71,nat1,S2_tfidf,-3.844630556844269,3.1250038146972656,True,nat
71,nat2,S2_tfidf,-3.367728513463722,7.75,False,nat
71,nat3,S2_tfidf,-6.2846924967675655,3.1250038146972656,False,nat
71,nat4,S2_tfidf,-2.464735952344533,1.1250038146972656,True,nat
71,nat5,S2_tfidf,-0.39468914801653177,6.250001907348633,False,nat
71,nat6,S2_tfidf,-5.4396118725077285,1.1250057220458984,False,nat
71,nat7,S2_tfidf,-2.7425822249899743,6.000001907348633,False,nat
71,nat8,S2_tfidf,-3.3479956456640774,3.875001907348633,True,nat
71,nat9,S2_tfidf,-2.0217233228885894,9.625,False,nat
71,orig,S1_qwen06,7.531707763671875,9.625,False,none
71,nat0,S1_qwen06,4.496454238891602,8.25,False,nat
71,nat1,S1_qwen06,0.5352210998535156,3.1250038146972656,True,nat
71,nat2,S1_qwen06,2.2616653442382812,7.75,False,nat
71,nat3,S1_qwen06,0.85546875,3.1250038146972656,False,nat
71,nat4,S1_qwen06,1.4799823760986328,1.1250038146972656,True,nat
71,nat5,S1_qwen06,3.1701431274414062,6.250001907348633,False,nat
71,nat6,S1_qwen06,1.7553272247314453,1.1250057220458984,False,nat
71,nat7,S1_qwen06,4.238368988037109,6.000001907348633,False,nat
71,nat8,S1_qwen06,0.015735626220703125,3.875001907348633,True,nat
71,nat9,S1_qwen06,7.547325134277344,9.625,False,nat
71,orig,S5_lg3_1b,9.578125,9.625,False,none
71,nat0,S5_lg3_1b,7.453125,8.25,False,nat
71,nat1,S5_lg3_1b,2.46875,3.1250038146972656,True,nat
71,nat2,S5_lg3_1b,4.6875,7.75,False,nat
71,nat3,S5_lg3_1b,1.953125,3.1250038146972656,False,nat
71,nat4,S5_lg3_1b,1.28125,1.1250038146972656,True,nat
71,nat5,S5_lg3_1b,5.0,6.250001907348633,False,nat
71,nat6,S5_lg3_1b,1.5,1.1250057220458984,False,nat
71,nat7,S5_lg3_1b,4.390625,6.000001907348633,False,nat
71,nat8,S5_lg3_1b,0.484375,3.875001907348633,True,nat
71,nat9,S5_lg3_1b,9.59375,9.625,False,nat
71,orig,S3_probe,3.2745437622070312,9.625,False,none
71,nat0,S3_probe,4.644451141357422,8.25,False,nat
71,nat1,S3_probe,-1.0548628568649292,3.1250038146972656,True,nat
71,nat2,S3_probe,13.550593376159668,7.75,False,nat
71,nat3,S3_probe,0.33557137846946716,3.1250038146972656,False,nat
71,nat4,S3_probe,1.9471112489700317,1.1250038146972656,True,nat
71,nat5,S3_probe,-2.709959030151367,6.250001907348633,False,nat
71,nat6,S3_probe,2.2255544662475586,1.1250057220458984,False,nat
71,nat7,S3_probe,4.76502799987793,6.000001907348633,False,nat
71,nat8,S3_probe,-1.089694857597351,3.875001907348633,True,nat
71,nat9,S3_probe,3.2745437622070312,9.625,False,nat
71,orig,S4_deberta,5.943820953369141,9.625,False,none
71,nat0,S4_deberta,6.501323699951172,8.25,False,nat
71,nat1,S4_deberta,-3.563061237335205,3.1250038146972656,True,nat
71,nat2,S4_deberta,5.4320173263549805,7.75,False,nat
71,nat3,S4_deberta,-3.7931151390075684,3.1250038146972656,False,nat
71,nat4,S4_deberta,-3.881108283996582,1.1250038146972656,True,nat
71,nat5,S4_deberta,5.683167457580566,6.250001907348633,False,nat
71,nat6,S4_deberta,-3.8930916786193848,1.1250057220458984,False,nat
71,nat7,S4_deberta,2.4687960147857666,6.000001907348633,False,nat
71,nat8,S4_deberta,-3.4096786975860596,3.875001907348633,True,nat
71,nat9,S4_deberta,5.943820953369141,9.625,False,nat
72,chosen,S2_tfidf,-3.1147127337046214,0.8750057220458984,False,encoding
72,chosen,S1_qwen06,-2.545499801635742,-1.624990463256836,False,encoding
72,chosen,S5_lg3_1b,0.28125,-1.6249885559082031,False,encoding
72,chosen,S3_probe,-10.982794761657715,5.625001907348633,False,encoding
72,chosen,S4_deberta,-3.4027321338653564,0.8750057220458984,False,encoding
72,orig,S2_tfidf,2.731532818653579,8.875,False,none
72,nat0,S2_tfidf,2.047796043840316,6.875001907348633,True,nat
72,nat1,S2_tfidf,0.19937148641913338,6.25,False,nat
72,nat2,S2_tfidf,-1.3138210430095203,4.250001907348633,True,nat
72,nat3,S2_tfidf,2.513368519796235,6.625,True,nat
72,nat4,S2_tfidf,2.731532818653579,8.75,False,nat
72,nat5,S2_tfidf,-0.14693009278656666,6.125001907348633,False,nat
72,nat6,S2_tfidf,1.7053883837888428,6.000001907348633,False,nat
72,nat7,S2_tfidf,0.902952258292631,5.250001907348633,True,nat
72,nat8,S2_tfidf,-0.5643962530824312,7.5,False,nat
72,nat9,S2_tfidf,1.7053883837888428,6.000001907348633,False,nat
72,orig,S1_qwen06,7.390754699707031,8.875,False,none
72,nat0,S1_qwen06,6.473745346069336,6.875001907348633,True,nat
72,nat1,S1_qwen06,4.566560745239258,6.25,False,nat
72,nat2,S1_qwen06,4.728336334228516,4.250001907348633,True,nat
72,nat3,S1_qwen06,5.569765090942383,6.625,True,nat
72,nat4,S1_qwen06,7.390754699707031,8.75,False,nat
72,nat5,S1_qwen06,4.7474517822265625,6.125001907348633,False,nat
72,nat6,S1_qwen06,5.330472946166992,6.000001907348633,False,nat
72,nat7,S1_qwen06,4.877048492431641,5.250001907348633,True,nat
72,nat8,S1_qwen06,5.930356979370117,7.5,False,nat
72,nat9,S1_qwen06,5.330472946166992,6.000001907348633,False,nat
72,orig,S5_lg3_1b,7.53125,8.875,False,none
72,nat0,S5_lg3_1b,4.65625,6.875001907348633,True,nat
72,nat1,S5_lg3_1b,4.84375,6.25,False,nat
72,nat2,S5_lg3_1b,4.1875,4.250001907348633,True,nat
72,nat3,S5_lg3_1b,5.640625,6.625,True,nat
72,nat4,S5_lg3_1b,7.53125,8.75,False,nat
72,nat5,S5_lg3_1b,6.46875,6.125001907348633,False,nat
72,nat6,S5_lg3_1b,6.453125,6.000001907348633,False,nat
72,nat7,S5_lg3_1b,4.703125,5.250001907348633,True,nat
72,nat8,S5_lg3_1b,6.59375,7.5,False,nat
72,nat9,S5_lg3_1b,6.453125,6.000001907348633,False,nat
72,orig,S3_probe,7.255258560180664,8.875,False,none
72,nat0,S3_probe,7.668422698974609,6.875001907348633,True,nat
72,nat1,S3_probe,9.909544944763184,6.25,False,nat
72,nat2,S3_probe,6.733283996582031,4.250001907348633,True,nat
72,nat3,S3_probe,9.555578231811523,6.625,True,nat
72,nat4,S3_probe,7.255258560180664,8.75,False,nat
72,nat5,S3_probe,8.739213943481445,6.125001907348633,False,nat
72,nat6,S3_probe,0.7096453905105591,6.000001907348633,False,nat
72,nat7,S3_probe,5.791929244995117,5.250001907348633,True,nat
72,nat8,S3_probe,10.109174728393555,7.5,False,nat
72,nat9,S3_probe,0.7096453905105591,6.000001907348633,False,nat
72,orig,S4_deberta,8.09716510772705,8.875,False,none
72,nat0,S4_deberta,7.703215599060059,6.875001907348633,True,nat
72,nat1,S4_deberta,6.960633754730225,6.25,False,nat
72,nat2,S4_deberta,-0.8749516010284424,4.250001907348633,True,nat
72,nat3,S4_deberta,0.6623340845108032,6.625,True,nat
72,nat4,S4_deberta,8.097166061401367,8.75,False,nat
72,nat5,S4_deberta,8.069694519042969,6.125001907348633,False,nat
72,nat6,S4_deberta,7.037842750549316,6.000001907348633,False,nat
72,nat7,S4_deberta,-2.4672465324401855,5.250001907348633,True,nat
72,nat8,S4_deberta,7.188248634338379,7.5,False,nat
72,nat9,S4_deberta,7.037842750549316,6.000001907348633,False,nat
73,chosen,S2_tfidf,-2.1943127155938846,0.8750057220458984,False,encoding
73,chosen,S1_qwen06,-1.4563369750976562,0.37500762939453125,False,encoding
73,chosen,S5_lg3_1b,-0.515625,4.000001907348633,True,char-level
73,chosen,S3_probe,-11.24981689453125,2.750001907348633,False,encoding
73,chosen,S4_deberta,-3.156118869781494,6.125001907348633,True,char-level
73,orig,S2_tfidf,3.438764141918525,5.750001907348633,False,none
73,nat0,S2_tfidf,2.1193477541651617,4.125003814697266,False,nat
73,nat1,S2_tfidf,0.2723692416674093,4.500001907348633,True,nat
73,nat2,S2_tfidf,-2.1943127155938846,0.8750057220458984,False,nat
73,nat3,S2_tfidf,2.726089683463324,5.625001907348633,True,nat
73,nat4,S2_tfidf,1.5245635580394794,2.2500057220458984,True,nat
73,nat5,S2_tfidf,0.8958283023202409,4.125001907348633,False,nat
73,nat6,S2_tfidf,-1.4404345330194277,0.5000076293945312,False,nat
73,nat7,S2_tfidf,1.8155922122002426,4.875001907348633,True,nat
73,nat8,S2_tfidf,1.881000693083528,4.500001907348633,False,nat
73,nat9,S2_tfidf,2.964561798986608,5.875001907348633,True,nat
73,orig,S1_qwen06,3.9275169372558594,5.750001907348633,False,none
73,nat0,S1_qwen06,1.6399555206298828,4.125003814697266,False,nat
73,nat1,S1_qwen06,1.2655029296875,4.500001907348633,True,nat
73,nat2,S1_qwen06,0.33211326599121094,0.8750057220458984,False,nat
73,nat3,S1_qwen06,1.2323360443115234,5.625001907348633,True,nat
73,nat4,S1_qwen06,1.4123859405517578,2.2500057220458984,True,nat
73,nat5,S1_qwen06,3.0908203125,4.125001907348633,False,nat
73,nat6,S1_qwen06,-1.4563369750976562,0.5000076293945312,False,nat
73,nat7,S1_qwen06,2.241975784301758,4.875001907348633,True,nat
73,nat8,S1_qwen06,0.48233604431152344,4.500001907348633,False,nat
73,nat9,S1_qwen06,1.9092330932617188,5.875001907348633,True,nat
73,orig,S5_lg3_1b,2.09375,5.750001907348633,False,none
73,nat0,S5_lg3_1b,1.4375,4.125003814697266,False,nat
73,nat1,S5_lg3_1b,1.6875,4.500001907348633,True,nat
73,nat2,S5_lg3_1b,0.84375,0.8750057220458984,False,nat
73,nat3,S5_lg3_1b,3.078125,5.625001907348633,True,nat
73,nat4,S5_lg3_1b,0.046875,2.2500057220458984,True,nat
73,nat5,S5_lg3_1b,1.71875,4.125001907348633,False,nat
73,nat6,S5_lg3_1b,1.28125,0.5000076293945312,False,nat
73,nat7,S5_lg3_1b,3.71875,4.875001907348633,True,nat
73,nat8,S5_lg3_1b,1.90625,4.500001907348633,False,nat
73,nat9,S5_lg3_1b,5.234375,5.875001907348633,True,nat
73,orig,S3_probe,1.845002293586731,5.750001907348633,False,none
73,nat0,S3_probe,8.988992691040039,4.125003814697266,False,nat
73,nat1,S3_probe,8.298187255859375,4.500001907348633,True,nat
73,nat2,S3_probe,-2.455098867416382,0.8750057220458984,False,nat
73,nat3,S3_probe,6.458008289337158,5.625001907348633,True,nat
73,nat4,S3_probe,7.103466033935547,2.2500057220458984,True,nat
73,nat5,S3_probe,7.198960304260254,4.125001907348633,False,nat
73,nat6,S3_probe,-3.397164821624756,0.5000076293945312,False,nat
73,nat7,S3_probe,4.743160724639893,4.875001907348633,True,nat
73,nat8,S3_probe,8.013078689575195,4.500001907348633,False,nat
73,nat9,S3_probe,6.526329517364502,5.875001907348633,True,nat
73,orig,S4_deberta,3.838040351867676,5.750001907348633,False,none
73,nat0,S4_deberta,7.3086957931518555,4.125003814697266,False,nat
73,nat1,S4_deberta,-2.308952569961548,4.500001907348633,True,nat
73,nat2,S4_deberta,-1.6024249792099,0.8750057220458984,False,nat
73,nat3,S4_deberta,-2.790011405944824,5.625001907348633,True,nat
73,nat4,S4_deberta,5.512678146362305,2.2500057220458984,True,nat
73,nat5,S4_deberta,6.906269073486328,4.125001907348633,False,nat
73,nat6,S4_deberta,-2.5214037895202637,0.5000076293945312,False,nat
73,nat7,S4_deberta,-3.105555295944214,4.875001907348633,True,nat
73,nat8,S4_deberta,6.325137138366699,4.500001907348633,False,nat
73,nat9,S4_deberta,-2.522268772125244,5.875001907348633,True,nat
74,chosen,S2_tfidf,-3.3100601172345763,1.0000057220458984,False,encoding
74,chosen,S1_qwen06,-1.7090473175048828,-0.37499237060546875,False,encoding
74,chosen,S5_lg3_1b,-2.53125,1.6250038146972656,True,char-level
74,chosen,S3_probe,-9.232767105102539,3.625001907348633,True,encoding
74,chosen,S4_deberta,-4.3926520347595215,1.7500038146972656,True,char-level
74,orig,S2_tfidf,3.517309763661988,7.75,False,none
74,nat0,S2_tfidf,0.1284040263666988,1.7500038146972656,True,nat
74,nat1,S2_tfidf,2.472593481638671,3.500001907348633,True,nat
74,nat2,S2_tfidf,1.0798222490702074,3.625001907348633,True,nat
74,nat3,S2_tfidf,2.4632482483413414,3.375001907348633,True,nat
74,nat4,S2_tfidf,-0.4520451411857249,3.625001907348633,False,nat
74,nat5,S2_tfidf,-2.855609535635477,2.0000038146972656,False,nat
74,nat6,S2_tfidf,0.9276389814861024,2.500001907348633,False,nat
74,nat7,S2_tfidf,-3.3100601172345763,1.0000057220458984,False,nat
74,nat8,S2_tfidf,2.525779792139854,3.125001907348633,True,nat
74,nat9,S2_tfidf,-0.7656999082298644,2.0000038146972656,True,nat
74,orig,S1_qwen06,3.494964599609375,7.75,False,none
74,nat0,S1_qwen06,-1.260498046875,1.7500038146972656,True,nat
74,nat1,S1_qwen06,0.9983654022216797,3.500001907348633,True,nat
74,nat2,S1_qwen06,3.318635940551758,3.625001907348633,True,nat
74,nat3,S1_qwen06,1.711935043334961,3.375001907348633,True,nat
74,nat4,S1_qwen06,1.0155830383300781,3.625001907348633,False,nat
74,nat5,S1_qwen06,1.5475521087646484,2.0000038146972656,False,nat
74,nat6,S1_qwen06,1.030660629272461,2.500001907348633,False,nat
74,nat7,S1_qwen06,-0.7532863616943359,1.0000057220458984,False,nat
74,nat8,S1_qwen06,0.7469348907470703,3.125001907348633,True,nat
74,nat9,S1_qwen06,-0.37957000732421875,2.0000038146972656,True,nat
74,orig,S5_lg3_1b,5.40625,7.75,False,none
74,nat0,S5_lg3_1b,-3.390625,1.7500038146972656,True,nat
74,nat1,S5_lg3_1b,3.0,3.500001907348633,True,nat
74,nat2,S5_lg3_1b,2.765625,3.625001907348633,True,nat
74,nat3,S5_lg3_1b,1.296875,3.375001907348633,True,nat
74,nat4,S5_lg3_1b,2.984375,3.625001907348633,False,nat
74,nat5,S5_lg3_1b,2.515625,2.0000038146972656,False,nat
74,nat6,S5_lg3_1b,2.5,2.500001907348633,False,nat
74,nat7,S5_lg3_1b,1.546875,1.0000057220458984,False,nat
74,nat8,S5_lg3_1b,0.546875,3.125001907348633,True,nat
74,nat9,S5_lg3_1b,1.78125,2.0000038146972656,True,nat
74,orig,S3_probe,2.003811836242676,7.75,False,none
74,nat0,S3_probe,2.3257579803466797,1.7500038146972656,True,nat
74,nat1,S3_probe,5.862995147705078,3.500001907348633,True,nat
74,nat2,S3_probe,-9.232767105102539,3.625001907348633,True,nat
74,nat3,S3_probe,4.297121047973633,3.375001907348633,True,nat
74,nat4,S3_probe,12.970855712890625,3.625001907348633,False,nat
74,nat5,S3_probe,3.1753389835357666,2.0000038146972656,False,nat
74,nat6,S3_probe,-3.8746554851531982,2.500001907348633,False,nat
74,nat7,S3_probe,-3.0154271125793457,1.0000057220458984,False,nat
74,nat8,S3_probe,1.7139712572097778,3.125001907348633,True,nat
74,nat9,S3_probe,2.121464729309082,2.0000038146972656,True,nat
74,orig,S4_deberta,1.982229232788086,7.75,False,none
74,nat0,S4_deberta,-2.864811897277832,1.7500038146972656,True,nat
74,nat1,S4_deberta,-3.4443557262420654,3.500001907348633,True,nat
74,nat2,S4_deberta,3.697298288345337,3.625001907348633,True,nat
74,nat3,S4_deberta,-2.6328043937683105,3.375001907348633,True,nat
74,nat4,S4_deberta,1.9311728477478027,3.625001907348633,False,nat
74,nat5,S4_deberta,-2.73313307762146,2.0000038146972656,False,nat
74,nat6,S4_deberta,4.415144920349121,2.500001907348633,False,nat
74,nat7,S4_deberta,-3.2189993858337402,1.0000057220458984,False,nat
74,nat8,S4_deberta,-3.2946083545684814,3.125001907348633,True,nat
74,nat9,S4_deberta,-2.9989888668060303,2.0000038146972656,True,nat
75,chosen,S2_tfidf,-2.8518957593766388,7.0,False,char-level
75,chosen,S1_qwen06,-2.459047317504883,-1.124990463256836,False,encoding
75,chosen,S5_lg3_1b,-4.671875,5.625001907348633,True,char-level
75,chosen,S3_probe,-9.635765075683594,5.625001907348633,False,encoding
75,chosen,S4_deberta,-3.5570361614227295,5.625001907348633,False,char-level
75,orig,S2_tfidf,0.3951327535904887,8.625,False,none
75,nat0,S2_tfidf,-0.245657037580145,3.2500038146972656,True,nat
75,nat1,S2_tfidf,0.10784775001528435,8.0,False,nat
75,nat2,S2_tfidf,-2.05156085250316,5.125001907348633,True,nat
75,nat3,S2_tfidf,-1.5841994402883355,5.625001907348633,False,nat
75,nat4,S2_tfidf,-0.33183814239451004,7.875,False,nat
75,nat5,S2_tfidf,0.05013331666572962,5.875001907348633,True,nat
75,nat6,S2_tfidf,0.15885435603612463,6.5,True,nat
75,nat7,S2_tfidf,-0.33183814239451004,7.875,False,nat
75,nat8,S2_tfidf,-1.5841994402883355,5.625001907348633,False,nat
75,nat9,S2_tfidf,-0.33183814239451004,7.875,False,nat
75,orig,S1_qwen06,7.328529357910156,8.625,False,none
75,nat0,S1_qwen06,-0.9165573120117188,3.2500038146972656,True,nat
75,nat1,S1_qwen06,5.288515090942383,8.0,False,nat
75,nat2,S1_qwen06,1.381357192993164,5.125001907348633,True,nat
75,nat3,S1_qwen06,7.26087760925293,5.625001907348633,False,nat
75,nat4,S1_qwen06,6.673046112060547,7.875,False,nat
75,nat5,S1_qwen06,2.193635940551758,5.875001907348633,True,nat
75,nat6,S1_qwen06,1.152242660522461,6.5,True,nat
75,nat7,S1_qwen06,6.673046112060547,7.875,False,nat
75,nat8,S1_qwen06,7.26087760925293,5.625001907348633,False,nat
75,nat9,S1_qwen06,6.673046112060547,7.875,False,nat
75,orig,S5_lg3_1b,5.828125,8.625,False,none
75,nat0,S5_lg3_1b,-3.125,3.2500038146972656,True,nat
75,nat1,S5_lg3_1b,5.625,8.0,False,nat
75,nat2,S5_lg3_1b,-1.015625,5.125001907348633,True,nat
75,nat3,S5_lg3_1b,3.46875,5.625001907348633,False,nat
75,nat4,S5_lg3_1b,4.90625,7.875,False,nat
75,nat5,S5_lg3_1b,1.0,5.875001907348633,True,nat
75,nat6,S5_lg3_1b,-0.984375,6.5,True,nat
75,nat7,S5_lg3_1b,4.90625,7.875,False,nat
75,nat8,S5_lg3_1b,3.46875,5.625001907348633,False,nat
75,nat9,S5_lg3_1b,4.90625,7.875,False,nat
75,orig,S3_probe,7.872428894042969,8.625,False,none
75,nat0,S3_probe,5.925871849060059,3.2500038146972656,True,nat
75,nat1,S3_probe,7.684976577758789,8.0,False,nat
75,nat2,S3_probe,1.4133301973342896,5.125001907348633,True,nat
75,nat3,S3_probe,-9.635765075683594,5.625001907348633,False,nat
75,nat4,S3_probe,6.619939804077148,7.875,False,nat
75,nat5,S3_probe,2.6324920654296875,5.875001907348633,True,nat
75,nat6,S3_probe,6.648796081542969,6.5,True,nat
75,nat7,S3_probe,6.619939804077148,7.875,False,nat
75,nat8,S3_probe,-9.635765075683594,5.625001907348633,False,nat
75,nat9,S3_probe,6.619939804077148,7.875,False,nat
75,orig,S4_deberta,3.8289999961853027,8.625,False,none
75,nat0,S4_deberta,-2.6978812217712402,3.2500038146972656,True,nat
75,nat1,S4_deberta,2.6221067905426025,8.0,False,nat
75,nat2,S4_deberta,-3.15016508102417,5.125001907348633,True,nat
75,nat3,S4_deberta,1.39982271194458,5.625001907348633,False,nat
75,nat4,S4_deberta,4.574617385864258,7.875,False,nat
75,nat5,S4_deberta,-3.0640807151794434,5.875001907348633,True,nat
75,nat6,S4_deberta,-2.7242894172668457,6.5,True,nat
75,nat7,S4_deberta,4.574617385864258,7.875,False,nat
75,nat8,S4_deberta,1.39982271194458,5.625001907348633,False,nat
75,nat9,S4_deberta,4.574617385864258,7.875,False,nat
76,chosen,S2_tfidf,-1.0305804114876063,-0.6249904632568359,False,encoding
76,chosen,S1_qwen06,-2.485837936401367,-0.6249904632568359,False,encoding
76,chosen,S5_lg3_1b,-0.734375,5.500001907348633,True,char-level
76,chosen,S3_probe,-8.275667190551758,5.375001907348633,True,encoding
76,chosen,S4_deberta,-3.2225470542907715,5.625001907348633,True,char-level
76,orig,S2_tfidf,7.506983332341142,8.125,False,none
76,nat0,S2_tfidf,1.102099754586393,5.875001907348633,False,nat
76,nat1,S2_tfidf,3.296456010563432,4.125001907348633,True,nat
76,nat2,S2_tfidf,4.608411119734308,7.25,False,nat
76,nat3,S2_tfidf,3.6465556047800805,7.625,False,nat
76,nat4,S2_tfidf,3.729599351105585,6.625,False,nat
76,nat5,S2_tfidf,2.710756640592785,5.375001907348633,True,nat
76,nat6,S2_tfidf,3.628789258290162,4.750001907348633,False,nat
76,nat7,S2_tfidf,4.9964104759560914,5.500001907348633,True,nat
76,nat8,S2_tfidf,2.8466416614993975,5.875001907348633,False,nat
76,nat9,S2_tfidf,1.1155969979694798,3.5000038146972656,True,nat
76,orig,S1_qwen06,5.828670501708984,8.125,False,none
76,nat0,S1_qwen06,3.1460533142089844,5.875001907348633,False,nat
76,nat1,S1_qwen06,3.5035133361816406,4.125001907348633,True,nat
76,nat2,S1_qwen06,5.549165725708008,7.25,False,nat
76,nat3,S1_qwen06,5.940830230712891,7.625,False,nat
76,nat4,S1_qwen06,4.705081939697266,6.625,False,nat
76,nat5,S1_qwen06,6.237407684326172,5.375001907348633,True,nat
76,nat6,S1_qwen06,1.8416156768798828,4.750001907348633,False,nat
76,nat7,S1_qwen06,3.0343399047851562,5.500001907348633,True,nat
76,nat8,S1_qwen06,6.582466125488281,5.875001907348633,False,nat
76,nat9,S1_qwen06,2.075990676879883,3.5000038146972656,True,nat
76,orig,S5_lg3_1b,8.46875,8.125,False,none
76,nat0,S5_lg3_1b,3.40625,5.875001907348633,False,nat
76,nat1,S5_lg3_1b,-0.46875,4.125001907348633,True,nat
76,nat2,S5_lg3_1b,5.1875,7.25,False,nat
76,nat3,S5_lg3_1b,5.5625,7.625,False,nat
76,nat4,S5_lg3_1b,5.109375,6.625,False,nat
76,nat5,S5_lg3_1b,4.890625,5.375001907348633,True,nat
76,nat6,S5_lg3_1b,4.0625,4.750001907348633,False,nat
76,nat7,S5_lg3_1b,2.234375,5.500001907348633,True,nat
76,nat8,S5_lg3_1b,4.59375,5.875001907348633,False,nat
76,nat9,S5_lg3_1b,4.625,3.5000038146972656,True,nat
76,orig,S3_probe,13.301403045654297,8.125,False,none
76,nat0,S3_probe,18.594409942626953,5.875001907348633,False,nat
76,nat1,S3_probe,8.870877265930176,4.125001907348633,True,nat
76,nat2,S3_probe,21.370372772216797,7.25,False,nat
76,nat3,S3_probe,9.723459243774414,7.625,False,nat
76,nat4,S3_probe,8.094042778015137,6.625,False,nat
76,nat5,S3_probe,-8.275667190551758,5.375001907348633,True,nat
76,nat6,S3_probe,14.92010498046875,4.750001907348633,False,nat
76,nat7,S3_probe,8.011430740356445,5.500001907348633,True,nat
76,nat8,S3_probe,-7.740395545959473,5.875001907348633,False,nat
76,nat9,S3_probe,10.503281593322754,3.5000038146972656,True,nat
76,orig,S4_deberta,8.037552833557129,8.125,False,none
76,nat0,S4_deberta,6.847919940948486,5.875001907348633,False,nat
76,nat1,S4_deberta,-1.4222772121429443,4.125001907348633,True,nat
76,nat2,S4_deberta,7.858302116394043,7.25,False,nat
76,nat3,S4_deberta,7.621026515960693,7.625,False,nat
76,nat4,S4_deberta,7.677642822265625,6.625,False,nat
76,nat5,S4_deberta,7.66042423248291,5.375001907348633,True,nat
76,nat6,S4_deberta,4.911925315856934,4.750001907348633,False,nat
76,nat7,S4_deberta,-1.891189455986023,5.500001907348633,True,nat
76,nat8,S4_deberta,7.335882186889648,5.875001907348633,False,nat
76,nat9,S4_deberta,-2.983442783355713,3.5000038146972656,True,nat
77,chosen,S2_tfidf,-2.34024693087234,0.7500057220458984,False,encoding
77,chosen,S1_qwen06,-2.066679000854492,-0.49999046325683594,False,encoding
77,chosen,S5_lg3_1b,0.71875,-0.49999046325683594,False,encoding
77,chosen,S3_probe,-10.220280647277832,6.125001907348633,True,encoding
77,chosen,S4_deberta,-3.3289036750793457,7.25,True,char-level
77,orig,S2_tfidf,0.2673689417086442,8.5,False,none
77,nat0,S2_tfidf,-0.8000888397235142,5.625001907348633,False,nat
77,nat1,S2_tfidf,-0.010223887357798,7.875,False,nat
77,nat2,S2_tfidf,0.6122937112785729,7.25,False,nat
77,nat3,S2_tfidf,0.5043557377173951,7.0,False,nat
77,nat4,S2_tfidf,-1.1261481819673618,-0.49999046325683594,False,nat
77,nat5,S2_tfidf,-0.978631781756812,4.500001907348633,False,nat
77,nat6,S2_tfidf,0.4469621785740341,7.125,True,nat
77,nat7,S2_tfidf,-0.8644113808067955,8.0,False,nat
77,nat8,S2_tfidf,-0.8000888397235142,5.750001907348633,False,nat
77,nat9,S2_tfidf,-0.8852727800973528,7.5,True,nat
77,orig,S1_qwen06,6.595119476318359,8.5,False,none
77,nat0,S1_qwen06,6.771183013916016,5.625001907348633,False,nat
77,nat1,S1_qwen06,6.503330230712891,7.875,False,nat
77,nat2,S1_qwen06,4.791070938110352,7.25,False,nat
77,nat3,S1_qwen06,4.9116058349609375,7.0,False,nat
77,nat4,S1_qwen06,-2.066679000854492,-0.49999046325683594,False,nat
77,nat5,S1_qwen06,1.6299877166748047,4.500001907348633,False,nat
77,nat6,S1_qwen06,1.7982807159423828,7.125,True,nat
77,nat7,S1_qwen06,5.181360244750977,8.0,False,nat
77,nat8,S1_qwen06,6.771183013916016,5.750001907348633,False,nat
77,nat9,S1_qwen06,3.7101287841796875,7.5,True,nat
77,orig,S5_lg3_1b,6.578125,8.5,False,none
77,nat0,S5_lg3_1b,5.28125,5.625001907348633,False,nat
77,nat1,S5_lg3_1b,7.546875,7.875,False,nat
77,nat2,S5_lg3_1b,5.046875,7.25,False,nat
77,nat3,S5_lg3_1b,5.109375,7.0,False,nat
77,nat4,S5_lg3_1b,0.71875,-0.49999046325683594,False,nat
77,nat5,S5_lg3_1b,2.859375,4.500001907348633,False,nat
77,nat6,S5_lg3_1b,3.890625,7.125,True,nat
77,nat7,S5_lg3_1b,4.65625,8.0,False,nat
77,nat8,S5_lg3_1b,5.28125,5.750001907348633,False,nat
77,nat9,S5_lg3_1b,4.734375,7.5,True,nat
77,orig,S3_probe,4.405474662780762,8.5,False,none
77,nat0,S3_probe,-9.850431442260742,5.625001907348633,False,nat
77,nat1,S3_probe,7.986316680908203,7.875,False,nat
77,nat2,S3_probe,11.198593139648438,7.25,False,nat
77,nat3,S3_probe,7.7326459884643555,7.0,False,nat
77,nat4,S3_probe,-1.965025782585144,-0.49999046325683594,False,nat
77,nat5,S3_probe,13.514766693115234,4.500001907348633,False,nat
77,nat6,S3_probe,4.875275135040283,7.125,True,nat
77,nat7,S3_probe,7.9797563552856445,8.0,False,nat
77,nat8,S3_probe,-9.850431442260742,5.750001907348633,False,nat
77,nat9,S3_probe,4.226134777069092,7.5,True,nat
77,orig,S4_deberta,-3.0898051261901855,8.5,False,none
77,nat0,S4_deberta,-2.7449326515197754,5.625001907348633,False,nat
77,nat1,S4_deberta,2.3897764682769775,7.875,False,nat
77,nat2,S4_deberta,-3.0388870239257812,7.25,False,nat
77,nat3,S4_deberta,-1.5114750862121582,7.0,False,nat
77,nat4,S4_deberta,-2.7313318252563477,-0.49999046325683594,False,nat
77,nat5,S4_deberta,-2.900597333908081,4.500001907348633,False,nat
77,nat6,S4_deberta,-3.1173460483551025,7.125,True,nat
77,nat7,S4_deberta,2.3903534412384033,8.0,False,nat
77,nat8,S4_deberta,-2.7449326515197754,5.750001907348633,False,nat
77,nat9,S4_deberta,-3.2716140747070312,7.5,True,nat
78,chosen,S2_tfidf,-5.0402152730024685,1.8750057220458984,True,char-level
78,chosen,S1_qwen06,-2.438030242919922,-1.249990463256836,False,encoding
78,chosen,S5_lg3_1b,0.328125,-1.124990463256836,False,encoding
78,chosen,S3_probe,-9.347713470458984,4.625001907348633,False,encoding
78,chosen,S4_deberta,-4.391319274902344,8.25,True,char-level
78,orig,S2_tfidf,0.5005771012279141,7.625,False,none
78,nat0,S2_tfidf,-1.2917917171092606,-1.1249923706054688,False,nat
78,nat1,S2_tfidf,-2.6862096851509074,3.125001907348633,False,nat
78,nat2,S2_tfidf,0.013808607943308626,6.75,False,nat
78,nat3,S2_tfidf,-0.7827121170426676,6.625,True,nat
78,nat4,S2_tfidf,-2.9052887358320323,4.500001907348633,False,nat
78,nat5,S2_tfidf,-0.3124396243889265,5.500001907348633,False,nat
78,nat6,S2_tfidf,-3.3127798163405666,4.250001907348633,False,nat
78,nat7,S2_tfidf,3.1103131119344063,8.0,True,nat
78,nat8,S2_tfidf,-1.8307980834537239,5.625001907348633,False,nat
78,nat9,S2_tfidf,-1.0491351177869104,7.875,True,nat
78,orig,S1_qwen06,7.0317535400390625,7.625,False,none
78,nat0,S1_qwen06,-2.438030242919922,-1.1249923706054688,False,nat
78,nat1,S1_qwen06,0.29170799255371094,3.125001907348633,False,nat
78,nat2,S1_qwen06,6.065219879150391,6.75,False,nat
78,nat3,S1_qwen06,1.2424545288085938,6.625,True,nat
78,nat4,S1_qwen06,1.381357192993164,4.500001907348633,False,nat
78,nat5,S1_qwen06,2.687803268432617,5.500001907348633,False,nat
78,nat6,S1_qwen06,0.2771949768066406,4.250001907348633,False,nat
78,nat7,S1_qwen06,4.960502624511719,8.0,True,nat
78,nat8,S1_qwen06,4.657926559448242,5.625001907348633,False,nat
78,nat9,S1_qwen06,1.8357830047607422,7.875,True,nat
78,orig,S5_lg3_1b,7.9375,7.625,False,none
78,nat0,S5_lg3_1b,0.34375,-1.1249923706054688,False,nat
78,nat1,S5_lg3_1b,3.6875,3.125001907348633,False,nat
78,nat2,S5_lg3_1b,6.34375,6.75,False,nat
78,nat3,S5_lg3_1b,5.1875,6.625,True,nat
78,nat4,S5_lg3_1b,5.03125,4.500001907348633,False,nat
78,nat5,S5_lg3_1b,3.28125,5.500001907348633,False,nat
78,nat6,S5_lg3_1b,3.0,4.250001907348633,False,nat
78,nat7,S5_lg3_1b,3.21875,8.0,True,nat
78,nat8,S5_lg3_1b,4.34375,5.625001907348633,False,nat
78,nat9,S5_lg3_1b,0.109375,7.875,True,nat
78,orig,S3_probe,6.626716613769531,7.625,False,none
78,nat0,S3_probe,-1.662227988243103,-1.1249923706054688,False,nat
78,nat1,S3_probe,8.666046142578125,3.125001907348633,False,nat
78,nat2,S3_probe,4.561280250549316,6.75,False,nat
78,nat3,S3_probe,3.0739402770996094,6.625,True,nat
78,nat4,S3_probe,10.118569374084473,4.500001907348633,False,nat
78,nat5,S3_probe,1.7452107667922974,5.500001907348633,False,nat
78,nat6,S3_probe,7.855948448181152,4.250001907348633,False,nat
78,nat7,S3_probe,0.7744046449661255,8.0,True,nat
78,nat8,S3_probe,-6.016417026519775,5.625001907348633,False,nat
78,nat9,S3_probe,-2.3392391204833984,7.875,True,nat
78,orig,S4_deberta,5.781826019287109,7.625,False,none
78,nat0,S4_deberta,-3.027977466583252,-1.1249923706054688,False,nat
78,nat1,S4_deberta,-3.3316164016723633,3.125001907348633,False,nat
78,nat2,S4_deberta,5.582054138183594,6.75,False,nat
78,nat3,S4_deberta,-0.7466063499450684,6.625,True,nat
78,nat4,S4_deberta,-3.490971565246582,4.500001907348633,False,nat
78,nat5,S4_deberta,6.0632829666137695,5.500001907348633,False,nat
78,nat6,S4_deberta,-3.3828325271606445,4.250001907348633,False,nat
78,nat7,S4_deberta,-3.5194177627563477,8.0,True,nat
78,nat8,S4_deberta,5.445606231689453,5.625001907348633,False,nat
78,nat9,S4_deberta,-3.955840826034546,7.875,True,nat
79,chosen,S2_tfidf,-2.4836660774531594,0.8750057220458984,False,encoding
79,chosen,S1_qwen06,-1.4133739471435547,0.8750057220458984,False,encoding
79,chosen,S5_lg3_1b,1.1875,0.8750057220458984,False,encoding
79,chosen,S3_probe,-8.55963134765625,4.375001907348633,False,encoding
79,chosen,S4_deberta,-3.734783887863159,7.625,True,char-level
79,orig,S2_tfidf,3.846689705021907,9.125,False,none
79,nat0,S2_tfidf,2.087016086181765,5.625001907348633,False,nat
79,nat1,S2_tfidf,0.5127215095565525,5.500001907348633,True,nat
79,nat2,S2_tfidf,4.238726894057061,8.75,False,nat
79,nat3,S2_tfidf,4.258855515900295,7.875,False,nat
79,nat4,S2_tfidf,-0.9005608051772171,6.375001907348633,False,nat
79,nat5,S2_tfidf,-0.7688672958463957,4.625001907348633,False,nat
79,nat6,S2_tfidf,3.580938060133983,7.000001907348633,True,nat
79,nat7,S2_tfidf,0.51535176576826,4.500001907348633,False,nat
79,nat8,S2_tfidf,3.612593635318814,4.125001907348633,True,nat
79,nat9,S2_tfidf,2.130780652960439,7.5,False,nat
79,orig,S1_qwen06,7.125301361083984,9.125,False,none
79,nat0,S1_qwen06,3.2925052642822266,5.625001907348633,False,nat
79,nat1,S1_qwen06,4.719905853271484,5.500001907348633,True,nat
79,nat2,S1_qwen06,5.0532379150390625,8.75,False,nat
79,nat3,S1_qwen06,5.485748291015625,7.875,False,nat
79,nat4,S1_qwen06,3.163747787475586,6.375001907348633,False,nat
79,nat5,S1_qwen06,1.1330795288085938,4.625001907348633,False,nat
79,nat6,S1_qwen06,2.257658004760742,7.000001907348633,True,nat
79,nat7,S1_qwen06,5.583103179931641,4.500001907348633,False,nat
79,nat8,S1_qwen06,1.558746337890625,4.125001907348633,True,nat
79,nat9,S1_qwen06,3.7406768798828125,7.5,False,nat
79,orig,S5_lg3_1b,7.6875,9.125,False,none
79,nat0,S5_lg3_1b,4.03125,5.625001907348633,False,nat
79,nat1,S5_lg3_1b,2.09375,5.500001907348633,True,nat
79,nat2,S5_lg3_1b,7.125,8.75,False,nat
79,nat3,S5_lg3_1b,5.21875,7.875,False,nat
79,nat4,S5_lg3_1b,5.703125,6.375001907348633,False,nat
79,nat5,S5_lg3_1b,5.5625,4.625001907348633,False,nat
79,nat6,S5_lg3_1b,4.625,7.000001907348633,True,nat
79,nat7,S5_lg3_1b,2.21875,4.500001907348633,False,nat
79,nat8,S5_lg3_1b,3.0625,4.125001907348633,True,nat
79,nat9,S5_lg3_1b,4.828125,7.5,False,nat
79,orig,S3_probe,6.584415435791016,9.125,False,none
79,nat0,S3_probe,2.15730619430542,5.625001907348633,False,nat
79,nat1,S3_probe,-7.2519707679748535,5.500001907348633,True,nat
79,nat2,S3_probe,8.084918975830078,8.75,False,nat
79,nat3,S3_probe,10.857710838317871,7.875,False,nat
79,nat4,S3_probe,2.4276351928710938,6.375001907348633,False,nat
79,nat5,S3_probe,2.8188085556030273,4.625001907348633,False,nat
79,nat6,S3_probe,9.112293243408203,7.000001907348633,True,nat
79,nat7,S3_probe,-8.55963134765625,4.500001907348633,False,nat
79,nat8,S3_probe,7.065835952758789,4.125001907348633,True,nat
79,nat9,S3_probe,18.344818115234375,7.5,False,nat
79,orig,S4_deberta,6.586119651794434,9.125,False,none
79,nat0,S4_deberta,5.818713188171387,5.625001907348633,False,nat
79,nat1,S4_deberta,5.471914291381836,5.500001907348633,True,nat
79,nat2,S4_deberta,8.079384803771973,8.75,False,nat
79,nat3,S4_deberta,7.128551483154297,7.875,False,nat
79,nat4,S4_deberta,0.22211620211601257,6.375001907348633,False,nat
79,nat5,S4_deberta,-0.6315165162086487,4.625001907348633,False,nat
79,nat6,S4_deberta,-2.8452186584472656,7.000001907348633,True,nat
79,nat7,S4_deberta,4.075852870941162,4.500001907348633,False,nat
79,nat8,S4_deberta,-2.721513271331787,4.125001907348633,True,nat
79,nat9,S4_deberta,7.3907318115234375,7.5,False,nat
80,chosen,S2_tfidf,-6.279887760745488,-0.24999427795410156,True,char-level
80,chosen,S1_qwen06,-2.658964157104492,0.6250057220458984,False,char-level
80,chosen,S5_lg3_1b,-5.1875,3.875001907348633,True,char-level
80,chosen,S3_probe,-11.067028045654297,3.500001907348633,False,encoding
80,chosen,S4_deberta,-4.7118377685546875,3.875001907348633,False,char-level
80,orig,S2_tfidf,-1.2315528077787186,6.375,False,none
80,nat0,S2_tfidf,0.43603683095606116,1.0000057220458984,False,nat
80,nat1,S2_tfidf,2.5752442444181076,4.625001907348633,True,nat
80,nat2,S2_tfidf,-1.2615306123779213,-1.2499885559082031,True,nat
80,nat3,S2_tfidf,-2.4486118762687044,3.500001907348633,False,nat
80,nat4,S2_tfidf,1.4216246353621635,5.625001907348633,True,nat
80,nat5,S2_tfidf,-0.9039829442671811,0.8750057220458984,False,nat
80,nat6,S2_tfidf,-2.403300271113748,5.875001907348633,False,nat
80,nat7,S2_tfidf,0.029475072022289384,1.7500038146972656,False,nat
80,nat8,S2_tfidf,-3.3534788082404976,-0.37499427795410156,True,nat
80,nat9,S2_tfidf,-1.2315528077787186,6.375,False,nat
80,orig,S1_qwen06,7.205638885498047,6.375,False,none
80,nat0,S1_qwen06,0.2791023254394531,1.0000057220458984,False,nat
80,nat1,S1_qwen06,0.1568145751953125,4.625001907348633,True,nat
80,nat2,S1_qwen06,-0.8040866851806641,-1.2499885559082031,True,nat
80,nat3,S1_qwen06,5.074092864990234,3.500001907348633,False,nat
80,nat4,S1_qwen06,3.9018516540527344,5.625001907348633,True,nat
80,nat5,S1_qwen06,1.6264057159423828,0.8750057220458984,False,nat
80,nat6,S1_qwen06,4.71209716796875,5.875001907348633,False,nat
80,nat7,S1_qwen06,0.13671875,1.7500038146972656,False,nat
80,nat8,S1_qwen06,-0.6040592193603516,-0.37499427795410156,True,nat
80,nat9,S1_qwen06,7.205638885498047,6.375,False,nat
80,orig,S5_lg3_1b,4.921875,6.375,False,none
80,nat0,S5_lg3_1b,-5.21875,1.0000057220458984,False,nat
80,nat1,S5_lg3_1b,4.625,4.625001907348633,True,nat
80,nat2,S5_lg3_1b,-4.953125,-1.2499885559082031,True,nat
80,nat3,S5_lg3_1b,1.515625,3.500001907348633,False,nat
80,nat4,S5_lg3_1b,2.125,5.625001907348633,True,nat
80,nat5,S5_lg3_1b,-2.1875,0.8750057220458984,False,nat
80,nat6,S5_lg3_1b,3.890625,5.875001907348633,False,nat
80,nat7,S5_lg3_1b,-2.546875,1.7500038146972656,False,nat
80,nat8,S5_lg3_1b,-2.921875,-0.37499427795410156,True,nat
80,nat9,S5_lg3_1b,4.921875,6.375,False,nat
80,orig,S3_probe,-0.2856530249118805,6.375,False,none
80,nat0,S3_probe,-0.07441893219947815,1.0000057220458984,False,nat
80,nat1,S3_probe,1.9191628694534302,4.625001907348633,True,nat
80,nat2,S3_probe,-0.7103337049484253,-1.2499885559082031,True,nat
80,nat3,S3_probe,-11.067028045654297,3.500001907348633,False,nat
80,nat4,S3_probe,0.489412397146225,5.625001907348633,True,nat
80,nat5,S3_probe,-0.29092779755592346,0.8750057220458984,False,nat
80,nat6,S3_probe,3.637552261352539,5.875001907348633,False,nat
80,nat7,S3_probe,-1.8120802640914917,1.7500038146972656,False,nat
80,nat8,S3_probe,-2.2025976181030273,-0.37499427795410156,True,nat
80,nat9,S3_probe,-0.27496710419654846,6.375,False,nat
80,orig,S4_deberta,-2.206803560256958,6.375,False,none
80,nat0,S4_deberta,-3.8503618240356445,1.0000057220458984,False,nat
80,nat1,S4_deberta,-3.3994393348693848,4.625001907348633,True,nat
80,nat2,S4_deberta,-3.4448134899139404,-1.2499885559082031,True,nat
80,nat3,S4_deberta,-3.56441068649292,3.500001907348633,False,nat
80,nat4,S4_deberta,-3.707446575164795,5.625001907348633,True,nat
80,nat5,S4_deberta,-3.96687650680542,0.8750057220458984,False,nat
80,nat6,S4_deberta,-4.349259853363037,5.875001907348633,False,nat
80,nat7,S4_deberta,-3.6180405616760254,1.7500038146972656,False,nat
80,nat8,S4_deberta,-3.510045289993286,-0.37499427795410156,True,nat
80,nat9,S4_deberta,-2.206804037094116,6.375,False,nat
81,chosen,S2_tfidf,-2.0343184606737332,3.500001907348633,True,char-level
81,chosen,S1_qwen06,-2.285429000854492,-0.49999046325683594,False,encoding
81,chosen,S5_lg3_1b,0.421875,-0.6249904632568359,False,encoding
81,chosen,S3_probe,-9.576629638671875,5.875001907348633,False,encoding
81,chosen,S4_deberta,-3.796605110168457,8.125,True,char-level
81,orig,S2_tfidf,2.9664102142340116,9.5,False,none
81,nat0,S2_tfidf,-1.6686981065079771,6.375001907348633,False,nat
81,nat1,S2_tfidf,0.12408186174224412,5.125001907348633,True,nat
81,nat2,S2_tfidf,1.0080037963844564,6.375001907348633,True,nat
81,nat3,S2_tfidf,0.029719337138624624,4.000001907348633,True,nat
81,nat4,S2_tfidf,1.6097482494325634,8.125,False,nat
81,nat5,S2_tfidf,-0.06861451651722028,1.7500057220458984,True,nat
81,nat6,S2_tfidf,0.2543393362368529,5.250001907348633,False,nat
81,nat7,S2_tfidf,0.2954293575375839,7.625,False,nat
81,nat8,S2_tfidf,2.9664102142340116,9.375,False,nat
81,nat9,S2_tfidf,-1.3332279457182687,-0.6249904632568359,False,nat
81,orig,S1_qwen06,6.500274658203125,9.5,False,none
81,nat0,S1_qwen06,6.285728454589844,6.375001907348633,False,nat
81,nat1,S1_qwen06,1.086202621459961,5.125001907348633,True,nat
81,nat2,S1_qwen06,5.077085494995117,6.375001907348633,True,nat
81,nat3,S1_qwen06,2.046998977661133,4.000001907348633,True,nat
81,nat4,S1_qwen06,5.782924652099609,8.125,False,nat
81,nat5,S1_qwen06,0.6068305969238281,1.7500057220458984,True,nat
81,nat6,S1_qwen06,2.508695602416992,5.250001907348633,False,nat
81,nat7,S1_qwen06,6.139585494995117,7.625,False,nat
81,nat8,S1_qwen06,6.515895843505859,9.375,False,nat
81,nat9,S1_qwen06,-2.285429000854492,-0.6249904632568359,False,nat
81,orig,S5_lg3_1b,8.203125,9.5,False,none
81,nat0,S5_lg3_1b,4.5,6.375001907348633,False,nat
81,nat1,S5_lg3_1b,3.703125,5.125001907348633,True,nat
81,nat2,S5_lg3_1b,5.734375,6.375001907348633,True,nat
81,nat3,S5_lg3_1b,3.328125,4.000001907348633,True,nat
81,nat4,S5_lg3_1b,7.140625,8.125,False,nat
81,nat5,S5_lg3_1b,1.84375,1.7500057220458984,True,nat
81,nat6,S5_lg3_1b,4.390625,5.250001907348633,False,nat
81,nat7,S5_lg3_1b,6.1875,7.625,False,nat
81,nat8,S5_lg3_1b,8.203125,9.375,False,nat
81,nat9,S5_lg3_1b,0.421875,-0.6249904632568359,False,nat
81,orig,S3_probe,7.510400772094727,9.5,False,none
81,nat0,S3_probe,6.8633832931518555,6.375001907348633,False,nat
81,nat1,S3_probe,4.768210411071777,5.125001907348633,True,nat
81,nat2,S3_probe,4.781695365905762,6.375001907348633,True,nat
81,nat3,S3_probe,5.045965194702148,4.000001907348633,True,nat
81,nat4,S3_probe,12.527013778686523,8.125,False,nat
81,nat5,S3_probe,5.234905242919922,1.7500057220458984,True,nat
81,nat6,S3_probe,6.179460525512695,5.250001907348633,False,nat
81,nat7,S3_probe,7.697098255157471,7.625,False,nat
81,nat8,S3_probe,7.514741897583008,9.375,False,nat
81,nat9,S3_probe,-2.9347310066223145,-0.6249904632568359,False,nat
81,orig,S4_deberta,-0.6937984228134155,9.5,False,none
81,nat0,S4_deberta,-2.7321743965148926,6.375001907348633,False,nat
81,nat1,S4_deberta,-2.6455507278442383,5.125001907348633,True,nat
81,nat2,S4_deberta,-2.5277533531188965,6.375001907348633,True,nat
81,nat3,S4_deberta,-2.5047874450683594,4.000001907348633,True,nat
81,nat4,S4_deberta,0.45120370388031006,8.125,False,nat
81,nat5,S4_deberta,-2.367692232131958,1.7500057220458984,True,nat
81,nat6,S4_deberta,-0.1399805247783661,5.250001907348633,False,nat
81,nat7,S4_deberta,0.44474369287490845,7.625,False,nat
81,nat8,S4_deberta,-0.6937980055809021,9.375,False,nat
81,nat9,S4_deberta,-2.840689182281494,-0.6249904632568359,False,nat
82,chosen,S2_tfidf,-2.2710374485074256,0.7500057220458984,False,encoding
82,chosen,S1_qwen06,-0.22881507873535156,0.8750057220458984,False,encoding
82,chosen,S5_lg3_1b,0.921875,7.375,True,char-level
82,chosen,S3_probe,-9.039344787597656,6.25,False,encoding
82,chosen,S4_deberta,-3.2084531784057617,5.375001907348633,True,char-level
82,orig,S2_tfidf,10.42801987755791,8.5,False,none
82,nat0,S2_tfidf,6.80403478374025,8.25,False,nat
82,nat1,S2_tfidf,3.972514701035662,5.500001907348633,True,nat
82,nat2,S2_tfidf,5.651524115980015,7.375,True,nat
82,nat3,S2_tfidf,3.5099624847108197,6.625001907348633,True,nat
82,nat4,S2_tfidf,2.8887990168173427,7.875,False,nat
82,nat5,S2_tfidf,5.870909076074122,6.25,False,nat
82,nat6,S2_tfidf,10.42801987755791,8.5,False,nat
82,nat7,S2_tfidf,6.300710309581974,8.0,False,nat
82,nat8,S2_tfidf,4.131146146330768,6.750001907348633,False,nat
82,nat9,S2_tfidf,4.70324886812363,6.375,False,nat
82,orig,S1_qwen06,6.2189483642578125,8.5,False,none
82,nat0,S1_qwen06,5.907283782958984,8.25,False,nat
82,nat1,S1_qwen06,4.72694206237793,5.500001907348633,True,nat
82,nat2,S1_qwen06,4.197078704833984,7.375,True,nat
82,nat3,S1_qwen06,5.046781539916992,6.625001907348633,True,nat
82,nat4,S1_qwen06,5.631509780883789,7.875,False,nat
82,nat5,S1_qwen06,7.001247406005859,6.25,False,nat
82,nat6,S1_qwen06,6.2189483642578125,8.5,False,nat
82,nat7,S1_qwen06,5.954021453857422,8.0,False,nat
82,nat8,S1_qwen06,5.997278213500977,6.750001907348633,False,nat
82,nat9,S1_qwen06,5.897340774536133,6.375,False,nat
82,orig,S5_lg3_1b,9.109375,8.5,False,none
82,nat0,S5_lg3_1b,5.8125,8.25,False,nat
82,nat1,S5_lg3_1b,6.078125,5.500001907348633,True,nat
82,nat2,S5_lg3_1b,5.328125,7.375,True,nat
82,nat3,S5_lg3_1b,3.109375,6.625001907348633,True,nat
82,nat4,S5_lg3_1b,6.953125,7.875,False,nat
82,nat5,S5_lg3_1b,4.734375,6.25,False,nat
82,nat6,S5_lg3_1b,9.109375,8.5,False,nat
82,nat7,S5_lg3_1b,6.671875,8.0,False,nat
82,nat8,S5_lg3_1b,6.28125,6.750001907348633,False,nat
82,nat9,S5_lg3_1b,5.78125,6.375,False,nat
82,orig,S3_probe,19.9730281829834,8.5,False,none
82,nat0,S3_probe,16.919519424438477,8.25,False,nat
82,nat1,S3_probe,9.099556922912598,5.500001907348633,True,nat
82,nat2,S3_probe,13.750072479248047,7.375,True,nat
82,nat3,S3_probe,10.307818412780762,6.625001907348633,True,nat
82,nat4,S3_probe,21.107830047607422,7.875,False,nat
82,nat5,S3_probe,-9.039344787597656,6.25,False,nat
82,nat6,S3_probe,19.97768783569336,8.5,False,nat
82,nat7,S3_probe,20.376588821411133,8.0,False,nat
82,nat8,S3_probe,10.05047607421875,6.750001907348633,False,nat
82,nat9,S3_probe,23.498947143554688,6.375,False,nat
82,orig,S4_deberta,8.07832145690918,8.5,False,none
82,nat0,S4_deberta,7.9460225105285645,8.25,False,nat
82,nat1,S4_deberta,-1.8063488006591797,5.500001907348633,True,nat
82,nat2,S4_deberta,-1.7413266897201538,7.375,True,nat
82,nat3,S4_deberta,-1.216814637184143,6.625001907348633,True,nat
82,nat4,S4_deberta,7.9852519035339355,7.875,False,nat
82,nat5,S4_deberta,-2.7826952934265137,6.25,False,nat
82,nat6,S4_deberta,8.07832145690918,8.5,False,nat
82,nat7,S4_deberta,7.922003746032715,8.0,False,nat
82,nat8,S4_deberta,7.891911506652832,6.750001907348633,False,nat
82,nat9,S4_deberta,7.7691731452941895,6.375,False,nat
83,chosen,S2_tfidf,-1.522306364206504,0.5000057220458984,False,encoding
83,chosen,S1_qwen06,-2.096151351928711,0.37500762939453125,False,encoding
83,chosen,S5_lg3_1b,0.921875,0.37500762939453125,False,encoding
83,chosen,S3_probe,-13.488234519958496,0.6250057220458984,False,encoding
83,chosen,S4_deberta,-3.3627336025238037,8.375,False,char-level
83,orig,S2_tfidf,2.553197692377699,9.25,False,none
83,nat0,S2_tfidf,2.129310401095526,9.0,False,nat
83,nat1,S2_tfidf,1.884616669523566,8.0,True,nat
83,nat2,S2_tfidf,-0.5444932057733286,7.875,False,nat
83,nat3,S2_tfidf,0.8154060956909495,0.6250057220458984,False,nat
83,nat4,S2_tfidf,1.6205146801121495,8.375,False,nat
83,nat5,S2_tfidf,2.1148950173228886,8.125,True,nat
83,nat6,S2_tfidf,2.892575673974668,8.75,True,nat
83,nat7,S2_tfidf,1.7640441841778165,8.5,True,nat
83,nat8,S2_tfidf,1.2290117324758822,7.25,False,nat
83,nat9,S2_tfidf,1.0004653254875835,8.0,True,nat
83,orig,S1_qwen06,7.031341552734375,9.25,False,none
83,nat0,S1_qwen06,7.015903472900391,9.0,False,nat
83,nat1,S1_qwen06,4.53944206237793,8.0,True,nat
83,nat2,S1_qwen06,5.951959609985352,7.875,False,nat
83,nat3,S1_qwen06,-0.012176513671875,0.6250057220458984,False,nat
83,nat4,S1_qwen06,7.000480651855469,8.375,False,nat
83,nat5,S1_qwen06,6.080974578857422,8.125,True,nat
83,nat6,S1_qwen06,6.2982025146484375,8.75,True,nat
83,nat7,S1_qwen06,4.9853515625,8.5,True,nat
83,nat8,S1_qwen06,6.289972305297852,7.25,False,nat
83,nat9,S1_qwen06,7.532596588134766,8.0,True,nat
83,orig,S5_lg3_1b,9.078125,9.25,False,none
83,nat0,S5_lg3_1b,6.625,9.0,False,nat
83,nat1,S5_lg3_1b,5.875,8.0,True,nat
83,nat2,S5_lg3_1b,5.671875,7.875,False,nat
83,nat3,S5_lg3_1b,1.078125,0.6250057220458984,False,nat
83,nat4,S5_lg3_1b,6.46875,8.375,False,nat
83,nat5,S5_lg3_1b,5.890625,8.125,True,nat
83,nat6,S5_lg3_1b,6.78125,8.75,True,nat
83,nat7,S5_lg3_1b,4.90625,8.5,True,nat
83,nat8,S5_lg3_1b,4.421875,7.25,False,nat
83,nat9,S5_lg3_1b,4.015625,8.0,True,nat
83,orig,S3_probe,9.659927368164062,9.25,False,none
83,nat0,S3_probe,13.85755729675293,9.0,False,nat
83,nat1,S3_probe,10.502259254455566,8.0,True,nat
83,nat2,S3_probe,9.149500846862793,7.875,False,nat
83,nat3,S3_probe,-13.488234519958496,0.6250057220458984,False,nat
83,nat4,S3_probe,6.893123626708984,8.375,False,nat
83,nat5,S3_probe,12.101402282714844,8.125,True,nat
83,nat6,S3_probe,12.349822998046875,8.75,True,nat
83,nat7,S3_probe,9.017070770263672,8.5,True,nat
83,nat8,S3_probe,-2.088369131088257,7.25,False,nat
83,nat9,S3_probe,-9.173463821411133,8.0,True,nat
83,orig,S4_deberta,4.79117488861084,9.25,False,none
83,nat0,S4_deberta,-3.0287094116210938,9.0,False,nat
83,nat1,S4_deberta,4.3671555519104,8.0,True,nat
83,nat2,S4_deberta,-3.144864320755005,7.875,False,nat
83,nat3,S4_deberta,-1.827099084854126,0.6250057220458984,False,nat
83,nat4,S4_deberta,-3.3627336025238037,8.375,False,nat
83,nat5,S4_deberta,0.2853948771953583,8.125,True,nat
83,nat6,S4_deberta,7.518125534057617,8.75,True,nat
83,nat7,S4_deberta,-1.8943434953689575,8.5,True,nat
83,nat8,S4_deberta,-1.4017895460128784,7.25,False,nat
83,nat9,S4_deberta,-1.0549490451812744,8.0,True,nat
84,chosen,S2_tfidf,-6.8133095260419925,-0.6249923706054688,True,char-level
84,chosen,S1_qwen06,-2.2246742248535156,-1.4999885559082031,False,encoding
84,chosen,S5_lg3_1b,-1.53125,-0.37499237060546875,True,char-level
84,chosen,S3_probe,-9.0797119140625,3.250001907348633,False,encoding
84,chosen,S4_deberta,-4.136141300201416,3.2500038146972656,False,char-level
84,orig,S2_tfidf,-2.4459445956140904,6.5,False,none
84,nat0,S2_tfidf,-2.2309692775453946,0.7500057220458984,False,nat
84,nat1,S2_tfidf,-4.144959985676225,6.75,True,nat
84,nat2,S2_tfidf,-3.4827448366055016,3.6250038146972656,True,nat
84,nat3,S2_tfidf,-2.3848066547468356,-1.2499923706054688,True,nat
84,nat4,S2_tfidf,-5.340406931028338,4.250001907348633,True,nat
84,nat5,S2_tfidf,-2.111778174554815,-1.2499942779541016,True,nat
84,nat6,S2_tfidf,-2.2494419667318644,5.625001907348633,True,nat
84,nat7,S2_tfidf,-2.2309692775453946,0.6250057220458984,False,nat
84,nat8,S2_tfidf,-4.8498037821510325,6.375,False,nat
84,nat9,S2_tfidf,-4.758202838307486,4.625001907348633,True,nat
84,orig,S1_qwen06,6.154144287109375,6.5,False,none
84,nat0,S1_qwen06,-0.8148822784423828,0.7500057220458984,False,nat
84,nat1,S1_qwen06,3.103017807006836,6.75,True,nat
84,nat2,S1_qwen06,2.443635940551758,3.6250038146972656,True,nat
84,nat3,S1_qwen06,2.1494369506835938,-1.2499923706054688,True,nat
84,nat4,S1_qwen06,0.18487930297851562,4.250001907348633,True,nat
84,nat5,S1_qwen06,-1.0226936340332031,-1.2499942779541016,True,nat
84,nat6,S1_qwen06,3.0671844482421875,5.625001907348633,True,nat
84,nat7,S1_qwen06,-0.8148822784423828,0.6250057220458984,False,nat
84,nat8,S1_qwen06,4.830205917358398,6.375,False,nat
84,nat9,S1_qwen06,0.1945056915283203,4.625001907348633,True,nat
84,orig,S5_lg3_1b,4.78125,6.5,False,none
84,nat0,S5_lg3_1b,1.234375,0.7500057220458984,False,nat
84,nat1,S5_lg3_1b,3.9375,6.75,True,nat
84,nat2,S5_lg3_1b,1.34375,3.6250038146972656,True,nat
84,nat3,S5_lg3_1b,2.25,-1.2499923706054688,True,nat
84,nat4,S5_lg3_1b,1.765625,4.250001907348633,True,nat
84,nat5,S5_lg3_1b,1.65625,-1.2499942779541016,True,nat
84,nat6,S5_lg3_1b,3.5,5.625001907348633,True,nat
84,nat7,S5_lg3_1b,1.234375,0.6250057220458984,False,nat
84,nat8,S5_lg3_1b,4.375,6.375,False,nat
84,nat9,S5_lg3_1b,2.6875,4.625001907348633,True,nat
84,orig,S3_probe,-0.22064390778541565,6.5,False,none
84,nat0,S3_probe,-3.696805238723755,0.7500057220458984,False,nat
84,nat1,S3_probe,0.8527795076370239,6.75,True,nat
84,nat2,S3_probe,3.7728424072265625,3.6250038146972656,True,nat
84,nat3,S3_probe,1.9391423463821411,-1.2499923706054688,True,nat
84,nat4,S3_probe,1.4999648332595825,4.250001907348633,True,nat
84,nat5,S3_probe,2.194538116455078,-1.2499942779541016,True,nat
84,nat6,S3_probe,3.8148622512817383,5.625001907348633,True,nat
84,nat7,S3_probe,-3.696805238723755,0.6250057220458984,False,nat
84,nat8,S3_probe,1.2026664018630981,6.375,False,nat
84,nat9,S3_probe,5.091448783874512,4.625001907348633,True,nat
84,orig,S4_deberta,-3.6778321266174316,6.5,False,none
84,nat0,S4_deberta,-3.5045735836029053,0.7500057220458984,False,nat
84,nat1,S4_deberta,-4.130793571472168,6.75,True,nat
84,nat2,S4_deberta,-3.108123540878296,3.6250038146972656,True,nat
84,nat3,S4_deberta,-4.090389251708984,-1.2499923706054688,True,nat
84,nat4,S4_deberta,-3.8271312713623047,4.250001907348633,True,nat
84,nat5,S4_deberta,-3.512451648712158,-1.2499942779541016,True,nat
84,nat6,S4_deberta,-2.984261989593506,5.625001907348633,True,nat
84,nat7,S4_deberta,-3.5045735836029053,0.6250057220458984,False,nat
84,nat8,S4_deberta,2.0640158653259277,6.375,False,nat
84,nat9,S4_deberta,-3.528257369995117,4.625001907348633,True,nat
85,chosen,S2_tfidf,-5.650800565675946,-1.1249866485595703,True,char-level
85,chosen,S1_qwen06,-2.481037139892578,-2.249990463256836,False,encoding
85,chosen,S5_lg3_1b,-4.921875,-1.1249885559082031,True,char-level
85,chosen,S3_probe,-9.183034896850586,5.625,False,encoding
85,chosen,S4_deberta,-4.2582573890686035,5.500001907348633,True,char-level
85,orig,S2_tfidf,7.503008151301342,7.125,False,none
85,nat0,S2_tfidf,1.9541521397772386,5.875,True,nat
85,nat1,S2_tfidf,2.6562877420781676,5.000001907348633,False,nat
85,nat2,S2_tfidf,5.017603764930377,6.375,True,nat
85,nat3,S2_tfidf,6.147024091120809,7.75,False,nat
85,nat4,S2_tfidf,7.761554794602479,6.375,False,nat
85,nat5,S2_tfidf,6.946705372734882,7.375,False,nat
85,nat6,S2_tfidf,1.3031789234706654,6.0,True,nat
85,nat7,S2_tfidf,0.8559396439425637,7.625,False,nat
85,nat8,S2_tfidf,3.1152785831137573,6.5,True,nat
85,nat9,S2_tfidf,6.225682754490786,3.2500038146972656,True,nat
85,orig,S1_qwen06,7.593849182128906,7.125,False,none
85,nat0,S1_qwen06,6.460744857788086,5.875,True,nat
85,nat1,S1_qwen06,4.785219192504883,5.000001907348633,False,nat
85,nat2,S1_qwen06,4.729829788208008,6.375,True,nat
85,nat3,S1_qwen06,6.580842971801758,7.75,False,nat
85,nat4,S1_qwen06,7.0789031982421875,6.375,False,nat
85,nat5,S1_qwen06,7.328712463378906,7.375,False,nat
85,nat6,S1_qwen06,5.476184844970703,6.0,True,nat
85,nat7,S1_qwen06,5.31280517578125,7.625,False,nat
85,nat8,S1_qwen06,5.714569091796875,6.5,True,nat
85,nat9,S1_qwen06,6.903329849243164,3.2500038146972656,True,nat
85,orig,S5_lg3_1b,5.921875,7.125,False,none
85,nat0,S5_lg3_1b,4.90625,5.875,True,nat
85,nat1,S5_lg3_1b,4.484375,5.000001907348633,False,nat
85,nat2,S5_lg3_1b,6.59375,6.375,True,nat
85,nat3,S5_lg3_1b,4.734375,7.75,False,nat
85,nat4,S5_lg3_1b,5.78125,6.375,False,nat
85,nat5,S5_lg3_1b,5.28125,7.375,False,nat
85,nat6,S5_lg3_1b,6.515625,6.0,True,nat
85,nat7,S5_lg3_1b,4.828125,7.625,False,nat
85,nat8,S5_lg3_1b,7.921875,6.5,True,nat
85,nat9,S5_lg3_1b,5.1875,3.2500038146972656,True,nat
85,orig,S3_probe,9.548080444335938,7.125,False,none
85,nat0,S3_probe,-6.920871257781982,5.875,True,nat
85,nat1,S3_probe,-4.962165832519531,5.000001907348633,False,nat
85,nat2,S3_probe,4.8194475173950195,6.375,True,nat
85,nat3,S3_probe,9.273133277893066,7.75,False,nat
85,nat4,S3_probe,8.262655258178711,6.375,False,nat
85,nat5,S3_probe,11.477310180664062,7.375,False,nat
85,nat6,S3_probe,4.2680816650390625,6.0,True,nat
85,nat7,S3_probe,9.745332717895508,7.625,False,nat
85,nat8,S3_probe,4.138334274291992,6.5,True,nat
85,nat9,S3_probe,6.682727813720703,3.2500038146972656,True,nat
85,orig,S4_deberta,7.170322418212891,7.125,False,none
85,nat0,S4_deberta,6.688485622406006,5.875,True,nat
85,nat1,S4_deberta,6.298270225524902,5.000001907348633,False,nat
85,nat2,S4_deberta,4.300784587860107,6.375,True,nat
85,nat3,S4_deberta,6.089375019073486,7.75,False,nat
85,nat4,S4_deberta,6.915607452392578,6.375,False,nat
85,nat5,S4_deberta,7.3412065505981445,7.375,False,nat
85,nat6,S4_deberta,2.600177526473999,6.0,True,nat
85,nat7,S4_deberta,2.960092544555664,7.625,False,nat
85,nat8,S4_deberta,-2.9345574378967285,6.5,True,nat
85,nat9,S4_deberta,5.922115325927734,3.2500038146972656,True,nat
86,chosen,S2_tfidf,-2.4503103116284097,4.000001907348633,True,char-level
86,chosen,S1_qwen06,-2.121828079223633,5.750001907348633,True,char-level
86,chosen,S5_lg3_1b,-2.46875,0.12500572204589844,False,char-level
86,chosen,S3_probe,-11.352876663208008,2.3750038146972656,False,encoding
86,chosen,S4_deberta,-3.489633798599243,5.875001907348633,True,char-level
86,orig,S2_tfidf,1.640301746976318,4.375001907348633,False,none
86,nat0,S2_tfidf,0.10691404319374853,3.750001907348633,False,nat
86,nat1,S2_tfidf,0.09701161388069979,4.625001907348633,True,nat
86,nat2,S2_tfidf,0.10691404319374853,3.750001907348633,False,nat
86,nat3,S2_tfidf,1.634291544161581,4.500001907348633,False,nat
86,nat4,S2_tfidf,1.0757964777306117,4.500001907348633,False,nat
86,nat5,S2_tfidf,1.3673373521134746,2.6250038146972656,False,nat
86,nat6,S2_tfidf,0.8976539315771952,6.000001907348633,True,nat
86,nat7,S2_tfidf,0.11215738751632798,5.250001907348633,False,nat
86,nat8,S2_tfidf,-2.3948323641624514,0.7500057220458984,False,nat
86,nat9,S2_tfidf,-0.3356215991694196,3.2500038146972656,True,nat
86,orig,S1_qwen06,3.751676559448242,4.375001907348633,False,none
86,nat0,S1_qwen06,0.12446975708007812,3.750001907348633,False,nat
86,nat1,S1_qwen06,0.3777961730957031,4.625001907348633,True,nat
86,nat2,S1_qwen06,0.12446975708007812,3.750001907348633,False,nat
86,nat3,S1_qwen06,1.8178291320800781,4.500001907348633,False,nat
86,nat4,S1_qwen06,0.5873870849609375,4.500001907348633,False,nat
86,nat5,S1_qwen06,1.68359375,2.6250038146972656,False,nat
86,nat6,S1_qwen06,-2.760498046875,6.000001907348633,True,nat
86,nat7,S1_qwen06,0.1692981719970703,5.250001907348633,False,nat
86,nat8,S1_qwen06,-1.2443561553955078,0.7500057220458984,False,nat
86,nat9,S1_qwen06,1.3130645751953125,3.2500038146972656,True,nat
86,orig,S5_lg3_1b,-0.984375,4.375001907348633,False,none
86,nat0,S5_lg3_1b,0.625,3.750001907348633,False,nat
86,nat1,S5_lg3_1b,1.25,4.625001907348633,True,nat
86,nat2,S5_lg3_1b,0.625,3.750001907348633,False,nat
86,nat3,S5_lg3_1b,-0.125,4.500001907348633,False,nat
86,nat4,S5_lg3_1b,0.765625,4.500001907348633,False,nat
86,nat5,S5_lg3_1b,2.5,2.6250038146972656,False,nat
86,nat6,S5_lg3_1b,-1.875,6.000001907348633,True,nat
86,nat7,S5_lg3_1b,5.875,5.250001907348633,False,nat
86,nat8,S5_lg3_1b,1.375,0.7500057220458984,False,nat
86,nat9,S5_lg3_1b,3.453125,3.2500038146972656,True,nat
86,orig,S3_probe,0.17632684111595154,4.375001907348633,False,none
86,nat0,S3_probe,-6.890886306762695,3.750001907348633,False,nat
86,nat1,S3_probe,0.7629529237747192,4.625001907348633,True,nat
86,nat2,S3_probe,-6.890886306762695,3.750001907348633,False,nat
86,nat3,S3_probe,5.5947065353393555,4.500001907348633,False,nat
86,nat4,S3_probe,9.274612426757812,4.500001907348633,False,nat
86,nat5,S3_probe,0.7987951040267944,2.6250038146972656,False,nat
86,nat6,S3_probe,4.293334007263184,6.000001907348633,True,nat
86,nat7,S3_probe,3.744124412536621,5.250001907348633,False,nat
86,nat8,S3_probe,-2.002753496170044,0.7500057220458984,False,nat
86,nat9,S3_probe,3.1049227714538574,3.2500038146972656,True,nat
86,orig,S4_deberta,5.738632678985596,4.375001907348633,False,none
86,nat0,S4_deberta,3.9910221099853516,3.750001907348633,False,nat
86,nat1,S4_deberta,-2.7295401096343994,4.625001907348633,True,nat
86,nat2,S4_deberta,3.9910221099853516,3.750001907348633,False,nat
86,nat3,S4_deberta,7.797618389129639,4.500001907348633,False,nat
86,nat4,S4_deberta,-3.163158416748047,4.500001907348633,False,nat
86,nat5,S4_deberta,3.8912322521209717,2.6250038146972656,False,nat
86,nat6,S4_deberta,-1.441190242767334,6.000001907348633,True,nat
86,nat7,S4_deberta,5.6481032371521,5.250001907348633,False,nat
86,nat8,S4_deberta,-1.6347097158432007,0.7500057220458984,False,nat
86,nat9,S4_deberta,-2.683025360107422,3.2500038146972656,True,nat
87,chosen,S2_tfidf,-2.1224604456136893,0.6250057220458984,False,encoding
87,chosen,S1_qwen06,-1.28802490234375,0.37500762939453125,False,encoding
87,chosen,S5_lg3_1b,-0.140625,2.3750057220458984,True,char-level
87,chosen,S3_probe,-9.373559951782227,2.8750038146972656,False,encoding
87,chosen,S4_deberta,-3.0877225399017334,4.250001907348633,False,char-level
87,orig,S2_tfidf,2.4406303653179053,5.375001907348633,False,none
87,nat0,S2_tfidf,2.4406303653179053,5.375001907348633,False,nat
87,nat1,S2_tfidf,0.06495337092646869,4.250003814697266,False,nat
87,nat2,S2_tfidf,-0.9963195218663454,0.25000762939453125,False,nat
87,nat3,S2_tfidf,1.699824326106446,4.125001907348633,False,nat
87,nat4,S2_tfidf,-0.033637845933994326,2.6250057220458984,True,nat
87,nat5,S2_tfidf,0.8345065999597503,5.625001907348633,True,nat
87,nat6,S2_tfidf,0.46538481901843975,4.250003814697266,True,nat
87,nat7,S2_tfidf,-0.6870179344820215,3.7500038146972656,True,nat
87,nat8,S2_tfidf,-0.7922471737689504,3.6250038146972656,False,nat
87,nat9,S2_tfidf,2.4406303653179053,5.375001907348633,False,nat
87,orig,S1_qwen06,5.047534942626953,5.375001907348633,False,none
87,nat0,S1_qwen06,5.047534942626953,5.375001907348633,False,nat
87,nat1,S1_qwen06,3.974273681640625,4.250003814697266,False,nat
87,nat2,S1_qwen06,-1.28802490234375,0.25000762939453125,False,nat
87,nat3,S1_qwen06,1.5581016540527344,4.125001907348633,False,nat
87,nat4,S1_qwen06,0.8761577606201172,2.6250057220458984,True,nat
87,nat5,S1_qwen06,1.9018573760986328,5.625001907348633,True,nat
87,nat6,S1_qwen06,1.006826400756836,4.250003814697266,True,nat
87,nat7,S1_qwen06,1.6886634826660156,3.7500038146972656,True,nat
87,nat8,S1_qwen06,1.5751953125,3.6250038146972656,False,nat
87,nat9,S1_qwen06,5.047534942626953,5.375001907348633,False,nat
87,orig,S5_lg3_1b,3.375,5.375001907348633,False,none
87,nat0,S5_lg3_1b,3.390625,5.375001907348633,False,nat
87,nat1,S5_lg3_1b,2.609375,4.250003814697266,False,nat
87,nat2,S5_lg3_1b,0.96875,0.25000762939453125,False,nat
87,nat3,S5_lg3_1b,3.609375,4.125001907348633,False,nat
87,nat4,S5_lg3_1b,2.234375,2.6250057220458984,True,nat
87,nat5,S5_lg3_1b,2.28125,5.625001907348633,True,nat
87,nat6,S5_lg3_1b,2.78125,4.250003814697266,True,nat
87,nat7,S5_lg3_1b,2.609375,3.7500038146972656,True,nat
87,nat8,S5_lg3_1b,3.0625,3.6250038146972656,False,nat
87,nat9,S5_lg3_1b,3.390625,5.375001907348633,False,nat
87,orig,S3_probe,3.5437660217285156,5.375001907348633,False,none
87,nat0,S3_probe,3.5553417205810547,5.375001907348633,False,nat
87,nat1,S3_probe,7.629147529602051,4.250003814697266,False,nat
87,nat2,S3_probe,-2.6464431285858154,0.25000762939453125,False,nat
87,nat3,S3_probe,3.0565614700317383,4.125001907348633,False,nat
87,nat4,S3_probe,5.841887474060059,2.6250057220458984,True,nat
87,nat5,S3_probe,7.993412017822266,5.625001907348633,True,nat
87,nat6,S3_probe,6.897360801696777,4.250003814697266,True,nat
87,nat7,S3_probe,8.55654525756836,3.7500038146972656,True,nat
87,nat8,S3_probe,16.59894371032715,3.6250038146972656,False,nat
87,nat9,S3_probe,3.5553417205810547,5.375001907348633,False,nat
87,orig,S4_deberta,5.550331115722656,5.375001907348633,False,none
87,nat0,S4_deberta,5.5503339767456055,5.375001907348633,False,nat
87,nat1,S4_deberta,6.8409271240234375,4.250003814697266,False,nat
87,nat2,S4_deberta,-2.7935805320739746,0.25000762939453125,False,nat
87,nat3,S4_deberta,4.819339752197266,4.125001907348633,False,nat
87,nat4,S4_deberta,2.9325599670410156,2.6250057220458984,True,nat
87,nat5,S4_deberta,-2.51190185546875,5.625001907348633,True,nat
87,nat6,S4_deberta,-2.0281968116760254,4.250003814697266,True,nat
87,nat7,S4_deberta,-2.1059000492095947,3.7500038146972656,True,nat
87,nat8,S4_deberta,-2.973963737487793,3.6250038146972656,False,nat
87,nat9,S4_deberta,5.5503339767456055,5.375001907348633,False,nat
88,chosen,S2_tfidf,-2.5019504374720114,1.0000057220458984,False,encoding
88,chosen,S1_qwen06,-0.6046066284179688,1.0000057220458984,False,encoding
88,chosen,S5_lg3_1b,-0.578125,1.7500057220458984,True,char-level
88,chosen,S3_probe,-9.37726879119873,3.875001907348633,True,encoding
88,chosen,S4_deberta,-3.250180244445801,1.0000057220458984,False,encoding
88,orig,S2_tfidf,6.53303645193348,8.5,False,none
88,nat0,S2_tfidf,2.1433303069579193,2.1250057220458984,True,nat
88,nat1,S2_tfidf,5.780634212027424,6.5,False,nat
88,nat2,S2_tfidf,4.209248797977251,7.125,False,nat
88,nat3,S2_tfidf,4.881490403883455,6.375,True,nat
88,nat4,S2_tfidf,1.416566710749881,3.6250038146972656,True,nat
88,nat5,S2_tfidf,4.627705543354369,8.375,False,nat
88,nat6,S2_tfidf,2.8736965667984498,3.7500038146972656,True,nat
88,nat7,S2_tfidf,1.8919737296388754,6.0,False,nat
88,nat8,S2_tfidf,4.173092031415832,5.875,False,nat
88,nat9,S2_tfidf,3.864739656214457,5.000001907348633,False,nat
88,orig,S1_qwen06,6.0006866455078125,8.5,False,none
88,nat0,S1_qwen06,1.365753173828125,2.1250057220458984,True,nat
88,nat1,S1_qwen06,6.048423767089844,6.5,False,nat
88,nat2,S1_qwen06,5.26922607421875,7.125,False,nat
88,nat3,S1_qwen06,2.308490753173828,6.375,True,nat
88,nat4,S1_qwen06,1.5816383361816406,3.6250038146972656,True,nat
88,nat5,S1_qwen06,4.372285842895508,8.375,False,nat
88,nat6,S1_qwen06,2.023122787475586,3.7500038146972656,True,nat
88,nat7,S1_qwen06,4.511020660400391,6.0,False,nat
88,nat8,S1_qwen06,4.402704238891602,5.875,False,nat
88,nat9,S1_qwen06,3.831653594970703,5.000001907348633,False,nat
88,orig,S5_lg3_1b,9.96875,8.5,False,none
88,nat0,S5_lg3_1b,1.421875,2.1250057220458984,True,nat
88,nat1,S5_lg3_1b,6.953125,6.5,False,nat
88,nat2,S5_lg3_1b,7.765625,7.125,False,nat
88,nat3,S5_lg3_1b,5.359375,6.375,True,nat
88,nat4,S5_lg3_1b,3.203125,3.6250038146972656,True,nat
88,nat5,S5_lg3_1b,6.5625,8.375,False,nat
88,nat6,S5_lg3_1b,-0.03125,3.7500038146972656,True,nat
88,nat7,S5_lg3_1b,4.90625,6.0,False,nat
88,nat8,S5_lg3_1b,7.015625,5.875,False,nat
88,nat9,S5_lg3_1b,3.03125,5.000001907348633,False,nat
88,orig,S3_probe,6.265626907348633,8.5,False,none
88,nat0,S3_probe,8.26441764831543,2.1250057220458984,True,nat
88,nat1,S3_probe,9.25235366821289,6.5,False,nat
88,nat2,S3_probe,11.599809646606445,7.125,False,nat
88,nat3,S3_probe,4.842835426330566,6.375,True,nat
88,nat4,S3_probe,6.790903091430664,3.6250038146972656,True,nat
88,nat5,S3_probe,7.216175079345703,8.375,False,nat
88,nat6,S3_probe,6.404048919677734,3.7500038146972656,True,nat
88,nat7,S3_probe,7.889592170715332,6.0,False,nat
88,nat8,S3_probe,1.2568961381912231,5.875,False,nat
88,nat9,S3_probe,-4.975613594055176,5.000001907348633,False,nat
88,orig,S4_deberta,7.46887731552124,8.5,False,none
88,nat0,S4_deberta,-1.0781986713409424,2.1250057220458984,True,nat
88,nat1,S4_deberta,6.631351470947266,6.5,False,nat
88,nat2,S4_deberta,6.761910438537598,7.125,False,nat
88,nat3,S4_deberta,-2.5328264236450195,6.375,True,nat
88,nat4,S4_deberta,-2.0807669162750244,3.6250038146972656,True,nat
88,nat5,S4_deberta,7.677419662475586,8.375,False,nat
88,nat6,S4_deberta,-2.2491555213928223,3.7500038146972656,True,nat
88,nat7,S4_deberta,7.271162986755371,6.0,False,nat
88,nat8,S4_deberta,6.260383129119873,5.875,False,nat
88,nat9,S4_deberta,6.326014518737793,5.000001907348633,False,nat
89,chosen,S2_tfidf,-6.1927757604385745,0.8750057220458984,True,char-level
89,chosen,S1_qwen06,-2.286283493041992,0.37500572204589844,True,char-level
89,chosen,S5_lg3_1b,-7.171873092651367,-0.9999923706054688,True,char-level
89,chosen,S3_probe,-11.641741752624512,3.125001907348633,False,encoding
89,chosen,S4_deberta,-5.3262176513671875,-0.12499427795410156,False,char-level
89,orig,S2_tfidf,-2.8025694286726575,6.0,False,none
89,nat0,S2_tfidf,-3.6485084491066972,1.3750057220458984,True,nat
89,nat1,S2_tfidf,-2.8025694286726575,6.125,False,nat
89,nat2,S2_tfidf,-2.58774056891727,0.6250057220458984,False,nat
89,nat3,S2_tfidf,-4.18130319383085,0.7500057220458984,False,nat
89,nat4,S2_tfidf,-2.8025694286726575,5.000001907348633,True,nat
89,nat5,S2_tfidf,-3.214595482045874,6.125,False,nat
89,nat6,S2_tfidf,-2.8025694286726575,6.125,False,nat
89,nat7,S2_tfidf,-4.077515914919848,-0.49999427795410156,True,nat
89,nat8,S2_tfidf,-2.6701508075082794,-0.49999237060546875,True,nat
89,nat9,S2_tfidf,-2.7146896951338304,-0.9999904632568359,True,nat
89,orig,S1_qwen06,6.6600799560546875,6.0,False,none
89,nat0,S1_qwen06,0.8516178131103516,1.3750057220458984,True,nat
89,nat1,S1_qwen06,6.6445159912109375,6.125,False,nat
89,nat2,S1_qwen06,2.349885940551758,0.6250057220458984,False,nat
89,nat3,S1_qwen06,-0.47049522399902344,0.7500057220458984,False,nat
89,nat4,S1_qwen06,5.711875915527344,5.000001907348633,True,nat
89,nat5,S1_qwen06,5.6355438232421875,6.125,False,nat
89,nat6,S1_qwen06,6.6445159912109375,6.125,False,nat
89,nat7,S1_qwen06,-1.9617443084716797,-0.49999427795410156,True,nat
89,nat8,S1_qwen06,0.09120368957519531,-0.49999237060546875,True,nat
89,nat9,S1_qwen06,-0.35732460021972656,-0.9999904632568359,True,nat
89,orig,S5_lg3_1b,4.328125,6.0,False,none
89,nat0,S5_lg3_1b,-1.578125,1.3750057220458984,True,nat
89,nat1,S5_lg3_1b,4.328125,6.125,False,nat
89,nat2,S5_lg3_1b,1.25,0.6250057220458984,False,nat
89,nat3,S5_lg3_1b,-3.40625,0.7500057220458984,False,nat
89,nat4,S5_lg3_1b,-4.609375,5.000001907348633,True,nat
89,nat5,S5_lg3_1b,-1.15625,6.125,False,nat
89,nat6,S5_lg3_1b,4.328125,6.125,False,nat
89,nat7,S5_lg3_1b,-3.6875,-0.49999427795410156,True,nat
89,nat8,S5_lg3_1b,-4.5625,-0.49999237060546875,True,nat
89,nat9,S5_lg3_1b,-5.0,-0.9999904632568359,True,nat
89,orig,S3_probe,0.007333844900131226,6.0,False,none
89,nat0,S3_probe,1.6914788484573364,1.3750057220458984,True,nat
89,nat1,S3_probe,0.0154629647731781,6.125,False,nat
89,nat2,S3_probe,-0.06078234314918518,0.6250057220458984,False,nat
89,nat3,S3_probe,7.424490928649902,0.7500057220458984,False,nat
89,nat4,S3_probe,0.9707022905349731,5.000001907348633,True,nat
89,nat5,S3_probe,5.082508087158203,6.125,False,nat
89,nat6,S3_probe,0.025451749563217163,6.125,False,nat
89,nat7,S3_probe,-4.439731597900391,-0.49999427795410156,True,nat
89,nat8,S3_probe,2.123246192932129,-0.49999237060546875,True,nat
89,nat9,S3_probe,-0.9637888669967651,-0.9999904632568359,True,nat
89,orig,S4_deberta,0.5746084451675415,6.0,False,none
89,nat0,S4_deberta,-4.188961505889893,1.3750057220458984,True,nat
89,nat1,S4_deberta,0.5746090412139893,6.125,False,nat
89,nat2,S4_deberta,3.6396889686584473,0.6250057220458984,False,nat
89,nat3,S4_deberta,1.4451905488967896,0.7500057220458984,False,nat
89,nat4,S4_deberta,-4.619093894958496,5.000001907348633,True,nat
89,nat5,S4_deberta,2.461419105529785,6.125,False,nat
89,nat6,S4_deberta,0.5746090412139893,6.125,False,nat
89,nat7,S4_deberta,-4.453152656555176,-0.49999427795410156,True,nat
89,nat8,S4_deberta,-3.3804807662963867,-0.49999237060546875,True,nat
89,nat9,S4_deberta,-3.986950635910034,-0.9999904632568359,True,nat
90,chosen,S2_tfidf,-6.391052535505917,3.6250038146972656,True,char-level
90,chosen,S1_qwen06,-2.9375991821289062,2.1250038146972656,True,char-level
90,chosen,S5_lg3_1b,0.203125,-0.9999904632568359,False,encoding
90,chosen,S3_probe,-9.024721145629883,4.750001907348633,False,encoding
90,chosen,S4_deberta,-4.1568403244018555,4.750001907348633,True,char-level
90,orig,S2_tfidf,1.5885816961404584,7.5,False,none
90,nat0,S2_tfidf,-1.7718038938243756,4.000001907348633,True,nat
90,nat1,S2_tfidf,0.1877041776825943,4.375001907348633,True,nat
90,nat2,S2_tfidf,-2.526521409051605,4.125001907348633,True,nat
90,nat3,S2_tfidf,-1.7237371484784398,3.0000038146972656,True,nat
90,nat4,S2_tfidf,0.36790848131716514,5.250001907348633,True,nat
90,nat5,S2_tfidf,1.5885816961404584,7.5,False,nat
90,nat6,S2_tfidf,-1.5743541891816941,3.0000038146972656,False,nat
90,nat7,S2_tfidf,-0.13612002408711166,4.500001907348633,False,nat
90,nat8,S2_tfidf,-1.4159084221357794,-0.8749904632568359,False,nat
90,nat9,S2_tfidf,1.4023172321609898,4.375001907348633,False,nat
90,orig,S1_qwen06,4.52978515625,7.5,False,none
90,nat0,S1_qwen06,-0.16486740112304688,4.000001907348633,True,nat
90,nat1,S1_qwen06,-0.16907501220703125,4.375001907348633,True,nat
90,nat2,S1_qwen06,-0.2273693084716797,4.125001907348633,True,nat
90,nat3,S1_qwen06,-0.6770420074462891,3.0000038146972656,True,nat
90,nat4,S1_qwen06,0.7539958953857422,5.250001907348633,True,nat
90,nat5,S1_qwen06,4.530717849731445,7.5,False,nat
90,nat6,S1_qwen06,0.7436389923095703,3.0000038146972656,False,nat
90,nat7,S1_qwen06,0.09583091735839844,4.500001907348633,False,nat
90,nat8,S1_qwen06,-1.9052715301513672,-0.8749904632568359,False,nat
90,nat9,S1_qwen06,0.5547447204589844,4.375001907348633,False,nat
90,orig,S5_lg3_1b,6.046875,7.5,False,none
90,nat0,S5_lg3_1b,3.265625,4.000001907348633,True,nat
90,nat1,S5_lg3_1b,3.609375,4.375001907348633,True,nat
90,nat2,S5_lg3_1b,1.21875,4.125001907348633,True,nat
90,nat3,S5_lg3_1b,0.1875,3.0000038146972656,True,nat
90,nat4,S5_lg3_1b,3.453125,5.250001907348633,True,nat
90,nat5,S5_lg3_1b,6.046875,7.5,False,nat
90,nat6,S5_lg3_1b,3.734375,3.0000038146972656,False,nat
90,nat7,S5_lg3_1b,4.453125,4.500001907348633,False,nat
90,nat8,S5_lg3_1b,0.203125,-0.8749904632568359,False,nat
90,nat9,S5_lg3_1b,4.828125,4.375001907348633,False,nat
90,orig,S3_probe,3.3711929321289062,7.5,False,none
90,nat0,S3_probe,3.0926456451416016,4.000001907348633,True,nat
90,nat1,S3_probe,2.844649314880371,4.375001907348633,True,nat
90,nat2,S3_probe,-0.9616707563400269,4.125001907348633,True,nat
90,nat3,S3_probe,0.40266236662864685,3.0000038146972656,True,nat
90,nat4,S3_probe,2.1563262939453125,5.250001907348633,True,nat
90,nat5,S3_probe,3.388551712036133,7.5,False,nat
90,nat6,S3_probe,4.202131271362305,3.0000038146972656,False,nat
90,nat7,S3_probe,-6.381289482116699,4.500001907348633,False,nat
90,nat8,S3_probe,-1.5309313535690308,-0.8749904632568359,False,nat
90,nat9,S3_probe,-0.43306389451026917,4.375001907348633,False,nat
90,orig,S4_deberta,5.366442680358887,7.5,False,none
90,nat0,S4_deberta,-3.6595611572265625,4.000001907348633,True,nat
90,nat1,S4_deberta,-3.499516010284424,4.375001907348633,True,nat
90,nat2,S4_deberta,-4.32742977142334,4.125001907348633,True,nat
90,nat3,S4_deberta,-4.0182085037231445,3.0000038146972656,True,nat
90,nat4,S4_deberta,-3.4714903831481934,5.250001907348633,True,nat
90,nat5,S4_deberta,5.3664445877075195,7.5,False,nat
90,nat6,S4_deberta,-3.088757276535034,3.0000038146972656,False,nat
90,nat7,S4_deberta,4.101278781890869,4.500001907348633,False,nat
90,nat8,S4_deberta,-2.9880361557006836,-0.8749904632568359,False,nat
90,nat9,S4_deberta,3.5374069213867188,4.375001907348633,False,nat
91,chosen,S2_tfidf,-2.16260433332551,5.250001907348633,True,char-level
91,chosen,S1_qwen06,-1.8319988250732422,0.25000762939453125,False,encoding
91,chosen,S5_lg3_1b,1.078125,0.25000762939453125,False,encoding
91,chosen,S3_probe,-9.145548820495605,3.750001907348633,True,encoding
91,chosen,S4_deberta,-3.3497519493103027,6.125001907348633,True,char-level
91,orig,S2_tfidf,1.1174318099655356,4.625001907348633,False,none
91,nat0,S2_tfidf,1.1174318099655356,4.625001907348633,False,nat
91,nat1,S2_tfidf,1.080311580691791,3.1250038146972656,False,nat
91,nat2,S2_tfidf,-0.7665246530932,5.875001907348633,True,nat
91,nat3,S2_tfidf,1.1174318099655356,4.625001907348633,False,nat
91,nat4,S2_tfidf,-1.8090715478148305,0.6250057220458984,False,nat
91,nat5,S2_tfidf,0.6428723782546213,5.250001907348633,True,nat
91,nat6,S2_tfidf,1.080311580691791,3.0000038146972656,False,nat
91,nat7,S2_tfidf,1.1174318099655356,4.625001907348633,False,nat
91,nat8,S2_tfidf,2.7100942592746815,6.625001907348633,True,nat
91,nat9,S2_tfidf,1.0806374091931163,6.375001907348633,False,nat
91,orig,S1_qwen06,6.1580352783203125,4.625001907348633,False,none
91,nat0,S1_qwen06,6.1736297607421875,4.625001907348633,False,nat
91,nat1,S1_qwen06,5.246501922607422,3.1250038146972656,False,nat
91,nat2,S1_qwen06,2.8230113983154297,5.875001907348633,True,nat
91,nat3,S1_qwen06,6.1736297607421875,4.625001907348633,False,nat
91,nat4,S1_qwen06,-0.09628868103027344,0.6250057220458984,False,nat
91,nat5,S1_qwen06,3.6898326873779297,5.250001907348633,True,nat
91,nat6,S1_qwen06,5.246501922607422,3.0000038146972656,False,nat
91,nat7,S1_qwen06,6.1736297607421875,4.625001907348633,False,nat
91,nat8,S1_qwen06,4.915351867675781,6.625001907348633,True,nat
91,nat9,S1_qwen06,3.3709678649902344,6.375001907348633,False,nat
91,orig,S5_lg3_1b,2.109375,4.625001907348633,False,none
91,nat0,S5_lg3_1b,2.109375,4.625001907348633,False,nat
91,nat1,S5_lg3_1b,2.0,3.1250038146972656,False,nat
91,nat2,S5_lg3_1b,3.046875,5.875001907348633,True,nat
91,nat3,S5_lg3_1b,2.109375,4.625001907348633,False,nat
91,nat4,S5_lg3_1b,1.125,0.6250057220458984,False,nat
91,nat5,S5_lg3_1b,3.65625,5.250001907348633,True,nat
91,nat6,S5_lg3_1b,2.0,3.0000038146972656,False,nat
91,nat7,S5_lg3_1b,2.109375,4.625001907348633,False,nat
91,nat8,S5_lg3_1b,4.34375,6.625001907348633,True,nat
91,nat9,S5_lg3_1b,2.671875,6.375001907348633,False,nat
91,orig,S3_probe,6.456141948699951,4.625001907348633,False,none
91,nat0,S3_probe,6.458979606628418,4.625001907348633,False,nat
91,nat1,S3_probe,13.210380554199219,3.1250038146972656,False,nat
91,nat2,S3_probe,6.032629489898682,5.875001907348633,True,nat
91,nat3,S3_probe,6.458979606628418,4.625001907348633,False,nat
91,nat4,S3_probe,-3.1466450691223145,0.6250057220458984,False,nat
91,nat5,S3_probe,5.376277446746826,5.250001907348633,True,nat
91,nat6,S3_probe,13.210380554199219,3.0000038146972656,False,nat
91,nat7,S3_probe,6.458979606628418,4.625001907348633,False,nat
91,nat8,S3_probe,7.1954264640808105,6.625001907348633,True,nat
91,nat9,S3_probe,5.84636926651001,6.375001907348633,False,nat
91,orig,S4_deberta,4.4788007736206055,4.625001907348633,False,none
91,nat0,S4_deberta,4.478798866271973,4.625001907348633,False,nat
91,nat1,S4_deberta,-2.713864326477051,3.1250038146972656,False,nat
91,nat2,S4_deberta,-2.786290168762207,5.875001907348633,True,nat
91,nat3,S4_deberta,4.478798866271973,4.625001907348633,False,nat
91,nat4,S4_deberta,-2.240302562713623,0.6250057220458984,False,nat
91,nat5,S4_deberta,-2.785339593887329,5.250001907348633,True,nat
91,nat6,S4_deberta,-2.713864326477051,3.0000038146972656,False,nat
91,nat7,S4_deberta,4.478798866271973,4.625001907348633,False,nat
91,nat8,S4_deberta,-2.4243412017822266,6.625001907348633,True,nat
91,nat9,S4_deberta,-3.176041603088379,6.375001907348633,False,nat
92,chosen,S2_tfidf,-2.6226918059143447,1.0000057220458984,False,encoding
92,chosen,S1_qwen06,-2.374584197998047,-0.37499237060546875,False,encoding
92,chosen,S5_lg3_1b,-6.71875,-2.999990463256836,False,char-level
92,chosen,S3_probe,-10.521345138549805,-0.37499046325683594,False,encoding
92,chosen,S4_deberta,-3.402683734893799,1.0000057220458984,False,encoding
92,orig,S2_tfidf,7.72426589526695,-2.999990463256836,False,none
92,nat0,S2_tfidf,3.78290693263516,4.625001907348633,True,nat
92,nat1,S2_tfidf,-0.19468389142940534,0.25000762939453125,False,nat
92,nat2,S2_tfidf,-2.6226918059143447,1.0000057220458984,False,nat
92,nat3,S2_tfidf,7.109518247089491,3.3750038146972656,True,nat
92,nat4,S2_tfidf,1.8485078870588014,3.500001907348633,True,nat
92,nat5,S2_tfidf,4.880161427681615,-2.124990463256836,False,nat
92,nat6,S2_tfidf,4.249258429435089,0.8750076293945312,True,nat
92,nat7,S2_tfidf,-0.07890776883988582,2.8750038146972656,True,nat
92,nat8,S2_tfidf,6.2674829903719385,2.6250038146972656,True,nat
92,nat9,S2_tfidf,1.067792310415385,3.6250038146972656,True,nat
92,orig,S1_qwen06,7.359790802001953,-2.999990463256836,False,none
92,nat0,S1_qwen06,0.8947677612304688,4.625001907348633,True,nat
92,nat1,S1_qwen06,1.1600017547607422,0.25000762939453125,False,nat
92,nat2,S1_qwen06,-0.8394107818603516,1.0000057220458984,False,nat
92,nat3,S1_qwen06,1.5488262176513672,3.3750038146972656,True,nat
92,nat4,S1_qwen06,0.5931606292724609,3.500001907348633,True,nat
92,nat5,S1_qwen06,5.494596481323242,-2.124990463256836,False,nat
92,nat6,S1_qwen06,2.188600540161133,0.8750076293945312,True,nat
92,nat7,S1_qwen06,0.14267730712890625,2.8750038146972656,True,nat
92,nat8,S1_qwen06,1.1703453063964844,2.6250038146972656,True,nat
92,nat9,S1_qwen06,0.9068164825439453,3.6250038146972656,True,nat
92,orig,S5_lg3_1b,-6.71875,-2.999990463256836,False,none
92,nat0,S5_lg3_1b,3.25,4.625001907348633,True,nat
92,nat1,S5_lg3_1b,2.109375,0.25000762939453125,False,nat
92,nat2,S5_lg3_1b,1.28125,1.0000057220458984,False,nat
92,nat3,S5_lg3_1b,3.4375,3.3750038146972656,True,nat
92,nat4,S5_lg3_1b,3.109375,3.500001907348633,True,nat
92,nat5,S5_lg3_1b,-3.34375,-2.124990463256836,False,nat
92,nat6,S5_lg3_1b,1.21875,0.8750076293945312,True,nat
92,nat7,S5_lg3_1b,3.15625,2.8750038146972656,True,nat
92,nat8,S5_lg3_1b,1.4375,2.6250038146972656,True,nat
92,nat9,S5_lg3_1b,0.828125,3.6250038146972656,True,nat
92,orig,S3_probe,7.902919769287109,-2.999990463256836,False,none
92,nat0,S3_probe,2.853592872619629,4.625001907348633,True,nat
92,nat1,S3_probe,4.356149673461914,0.25000762939453125,False,nat
92,nat2,S3_probe,-5.031009197235107,1.0000057220458984,False,nat
92,nat3,S3_probe,4.044504165649414,3.3750038146972656,True,nat
92,nat4,S3_probe,3.67366886138916,3.500001907348633,True,nat
92,nat5,S3_probe,14.694082260131836,-2.124990463256836,False,nat
92,nat6,S3_probe,7.183200836181641,0.8750076293945312,True,nat
92,nat7,S3_probe,4.871818542480469,2.8750038146972656,True,nat
92,nat8,S3_probe,4.252031326293945,2.6250038146972656,True,nat
92,nat9,S3_probe,1.8032361268997192,3.6250038146972656,True,nat
92,orig,S4_deberta,8.102563858032227,-2.999990463256836,False,none
92,nat0,S4_deberta,2.1564621925354004,4.625001907348633,True,nat
92,nat1,S4_deberta,-2.141911745071411,0.25000762939453125,False,nat
92,nat2,S4_deberta,-3.402683734893799,1.0000057220458984,False,nat
92,nat3,S4_deberta,-2.5092172622680664,3.3750038146972656,True,nat
92,nat4,S4_deberta,-2.546008825302124,3.500001907348633,True,nat
92,nat5,S4_deberta,7.459234714508057,-2.124990463256836,False,nat
92,nat6,S4_deberta,5.890463829040527,0.8750076293945312,True,nat
92,nat7,S4_deberta,-2.261312961578369,2.8750038146972656,True,nat
92,nat8,S4_deberta,-2.919830799102783,2.6250038146972656,True,nat
92,nat9,S4_deberta,-2.6875977516174316,3.6250038146972656,True,nat
93,chosen,S2_tfidf,-4.633512044217227,2.3750038146972656,True,char-level
93,chosen,S1_qwen06,-1.7964591979980469,-0.49999046325683594,False,encoding
93,chosen,S5_lg3_1b,-0.21875,3.875001907348633,True,char-level
93,chosen,S3_probe,-11.304119110107422,5.875001907348633,True,encoding
93,chosen,S4_deberta,-3.501431941986084,2.1250057220458984,True,char-level
93,orig,S2_tfidf,-1.43395967031524,8.25,False,none
93,nat0,S2_tfidf,-2.7998973005807,2.7500038146972656,True,nat
93,nat1,S2_tfidf,-0.9275968182116447,5.500001907348633,False,nat
93,nat2,S2_tfidf,-1.863581024859155,5.750001907348633,True,nat
93,nat3,S2_tfidf,1.4686259629336844,5.250001907348633,False,nat
93,nat4,S2_tfidf,-1.0339040594496631,6.0,False,nat
93,nat5,S2_tfidf,-2.069503530713294,5.500001907348633,False,nat
93,nat6,S2_tfidf,-1.0339040594496631,6.0,False,nat
93,nat7,S2_tfidf,-0.2669877435819368,7.0,True,nat
93,nat8,S2_tfidf,-0.3043601584045641,-0.37499046325683594,False,nat
93,nat9,S2_tfidf,-2.069503530713294,5.500001907348633,False,nat
93,orig,S1_qwen06,6.7512054443359375,8.25,False,none
93,nat0,S1_qwen06,-2.388948440551758,2.7500038146972656,True,nat
93,nat1,S1_qwen06,2.569244384765625,5.500001907348633,False,nat
93,nat2,S1_qwen06,5.849395751953125,5.750001907348633,True,nat
93,nat3,S1_qwen06,3.3458003997802734,5.250001907348633,False,nat
93,nat4,S1_qwen06,2.562803268432617,6.0,False,nat
93,nat5,S1_qwen06,5.659778594970703,5.500001907348633,False,nat
93,nat6,S1_qwen06,2.562803268432617,6.0,False,nat
93,nat7,S1_qwen06,3.114360809326172,7.0,True,nat
93,nat8,S1_qwen06,-1.7964591979980469,-0.37499046325683594,False,nat
93,nat9,S1_qwen06,5.659778594970703,5.500001907348633,False,nat
93,orig,S5_lg3_1b,4.390625,8.25,False,none
93,nat0,S5_lg3_1b,1.421875,2.7500038146972656,True,nat
93,nat1,S5_lg3_1b,3.78125,5.500001907348633,False,nat
93,nat2,S5_lg3_1b,3.875,5.750001907348633,True,nat
93,nat3,S5_lg3_1b,4.25,5.250001907348633,False,nat
93,nat4,S5_lg3_1b,2.34375,6.0,False,nat
93,nat5,S5_lg3_1b,2.984375,5.500001907348633,False,nat
93,nat6,S5_lg3_1b,2.34375,6.0,False,nat
93,nat7,S5_lg3_1b,4.234375,7.0,True,nat
93,nat8,S5_lg3_1b,0.6875,-0.37499046325683594,False,nat
93,nat9,S5_lg3_1b,2.984375,5.500001907348633,False,nat
93,orig,S3_probe,6.490572929382324,8.25,False,none
93,nat0,S3_probe,3.7891311645507812,2.7500038146972656,True,nat
93,nat1,S3_probe,5.084954261779785,5.500001907348633,False,nat
93,nat2,S3_probe,-11.304119110107422,5.750001907348633,True,nat
93,nat3,S3_probe,9.242677688598633,5.250001907348633,False,nat
93,nat4,S3_probe,-3.879626512527466,6.0,False,nat
93,nat5,S3_probe,-10.871936798095703,5.500001907348633,False,nat
93,nat6,S3_probe,-3.879626512527466,6.0,False,nat
93,nat7,S3_probe,8.386703491210938,7.0,True,nat
93,nat8,S3_probe,-0.9189165830612183,-0.37499046325683594,False,nat
93,nat9,S3_probe,-10.871936798095703,5.500001907348633,False,nat
93,orig,S4_deberta,0.9424480199813843,8.25,False,none
93,nat0,S4_deberta,-2.127504825592041,2.7500038146972656,True,nat
93,nat1,S4_deberta,6.233433723449707,5.500001907348633,False,nat
93,nat2,S4_deberta,1.0852620601654053,5.750001907348633,True,nat
93,nat3,S4_deberta,7.327897548675537,5.250001907348633,False,nat
93,nat4,S4_deberta,1.4494637250900269,6.0,False,nat
93,nat5,S4_deberta,-2.9758870601654053,5.500001907348633,False,nat
93,nat6,S4_deberta,1.4494637250900269,6.0,False,nat
93,nat7,S4_deberta,-3.1469321250915527,7.0,True,nat
93,nat8,S4_deberta,-2.9099557399749756,-0.37499046325683594,False,nat
93,nat9,S4_deberta,-2.9758870601654053,5.500001907348633,False,nat
94,chosen,S2_tfidf,-2.919493187151095,4.500001907348633,True,char-level
94,chosen,S1_qwen06,-0.13585853576660156,0.6250057220458984,False,encoding
94,chosen,S5_lg3_1b,-1.625,6.5,True,char-level
94,chosen,S3_probe,-9.484832763671875,3.750001907348633,False,encoding
94,chosen,S4_deberta,-3.437845230102539,6.875,True,char-level
94,orig,S2_tfidf,4.01568860066925,7.25,False,none
94,nat0,S2_tfidf,3.8748878339319006,5.250001907348633,True,nat
94,nat1,S2_tfidf,2.3833463029125808,4.500001907348633,False,nat
94,nat2,S2_tfidf,-0.7289776364081231,-0.12499237060546875,False,nat
94,nat3,S2_tfidf,-0.17530325934189417,5.875001907348633,False,nat
94,nat4,S2_tfidf,-0.7289776364081231,-0.12499237060546875,False,nat
94,nat5,S2_tfidf,-2.0284796704454067,3.875001907348633,True,nat
94,nat6,S2_tfidf,-0.16581460490386046,4.125001907348633,False,nat
94,nat7,S2_tfidf,-2.742264558804618,6.25,False,nat
94,nat8,S2_tfidf,-0.14108102419726132,6.250001907348633,True,nat
94,nat9,S2_tfidf,-2.807768326328449,6.875,False,nat
94,orig,S1_qwen06,7.063499450683594,7.25,False,none
94,nat0,S1_qwen06,3.1557064056396484,5.250001907348633,True,nat
94,nat1,S1_qwen06,5.722736358642578,4.500001907348633,False,nat
94,nat2,S1_qwen06,-1.6745891571044922,-0.12499237060546875,False,nat
94,nat3,S1_qwen06,4.923831939697266,5.875001907348633,False,nat
94,nat4,S1_qwen06,-1.6745891571044922,-0.12499237060546875,False,nat
94,nat5,S1_qwen06,0.3832874298095703,3.875001907348633,True,nat
94,nat6,S1_qwen06,4.989688873291016,4.125001907348633,False,nat
94,nat7,S1_qwen06,2.3393783569335938,6.25,False,nat
94,nat8,S1_qwen06,1.1616802215576172,6.250001907348633,True,nat
94,nat9,S1_qwen06,1.7303657531738281,6.875,False,nat
94,orig,S5_lg3_1b,4.421875,7.25,False,none
94,nat0,S5_lg3_1b,5.3125,5.250001907348633,True,nat
94,nat1,S5_lg3_1b,3.203125,4.500001907348633,False,nat
94,nat2,S5_lg3_1b,0.578125,-0.12499237060546875,False,nat
94,nat3,S5_lg3_1b,2.46875,5.875001907348633,False,nat
94,nat4,S5_lg3_1b,0.578125,-0.12499237060546875,False,nat
94,nat5,S5_lg3_1b,1.484375,3.875001907348633,True,nat
94,nat6,S5_lg3_1b,5.109375,4.125001907348633,False,nat
94,nat7,S5_lg3_1b,3.140625,6.25,False,nat
94,nat8,S5_lg3_1b,1.578125,6.250001907348633,True,nat
94,nat9,S5_lg3_1b,4.125,6.875,False,nat
94,orig,S3_probe,7.830039024353027,7.25,False,none
94,nat0,S3_probe,9.715601921081543,5.250001907348633,True,nat
94,nat1,S3_probe,-0.5329660177230835,4.500001907348633,False,nat
94,nat2,S3_probe,-4.403319835662842,-0.12499237060546875,False,nat
94,nat3,S3_probe,7.078853607177734,5.875001907348633,False,nat
94,nat4,S3_probe,-4.403319835662842,-0.12499237060546875,False,nat
94,nat5,S3_probe,-0.015296369791030884,3.875001907348633,True,nat
94,nat6,S3_probe,6.450516223907471,4.125001907348633,False,nat
94,nat7,S3_probe,11.446549415588379,6.25,False,nat
94,nat8,S3_probe,-0.37555399537086487,6.250001907348633,True,nat
94,nat9,S3_probe,11.687422752380371,6.875,False,nat
94,orig,S4_deberta,6.082972526550293,7.25,False,none
94,nat0,S4_deberta,-2.2819766998291016,5.250001907348633,True,nat
94,nat1,S4_deberta,6.940548896789551,4.500001907348633,False,nat
94,nat2,S4_deberta,-2.9887590408325195,-0.12499237060546875,False,nat
94,nat3,S4_deberta,6.9951605796813965,5.875001907348633,False,nat
94,nat4,S4_deberta,-2.9887590408325195,-0.12499237060546875,False,nat
94,nat5,S4_deberta,-3.8900651931762695,3.875001907348633,True,nat
94,nat6,S4_deberta,5.562908172607422,4.125001907348633,False,nat
94,nat7,S4_deberta,3.1090798377990723,6.25,False,nat
94,nat8,S4_deberta,-2.7155978679656982,6.250001907348633,True,nat
94,nat9,S4_deberta,-1.2797815799713135,6.875,False,nat
95,chosen,S2_tfidf,-2.4739488560475245,0.6250057220458984,False,encoding
95,chosen,S1_qwen06,-2.0413150787353516,0.37500762939453125,False,encoding
95,chosen,S5_lg3_1b,0.875,0.37500762939453125,False,encoding
95,chosen,S3_probe,-8.814957618713379,5.500001907348633,False,encoding
95,chosen,S4_deberta,-3.314331531524658,0.6250057220458984,False,encoding
95,orig,S2_tfidf,6.590909470572865,8.375,False,none
95,nat0,S2_tfidf,6.590909470572865,8.375,False,nat
95,nat1,S2_tfidf,6.503183564334647,7.375,True,nat
95,nat2,S2_tfidf,6.590909470572865,8.375,False,nat
95,nat3,S2_tfidf,-1.1346642706967518,0.37500762939453125,False,nat
95,nat4,S2_tfidf,4.065961421637014,7.375,False,nat
95,nat5,S2_tfidf,3.6686857247692375,7.25,True,nat
95,nat6,S2_tfidf,3.0065641655374282,6.125001907348633,True,nat
95,nat7,S2_tfidf,2.1289753870620025,5.250001907348633,False,nat
95,nat8,S2_tfidf,1.8841825681195592,5.250001907348633,True,nat
95,nat9,S2_tfidf,4.1496893099389665,7.625,False,nat
95,orig,S1_qwen06,6.265781402587891,8.375,False,none
95,nat0,S1_qwen06,6.265785217285156,8.375,False,nat
95,nat1,S1_qwen06,5.080650329589844,7.375,True,nat
95,nat2,S1_qwen06,6.265785217285156,8.375,False,nat
95,nat3,S1_qwen06,-2.0413150787353516,0.37500762939453125,False,nat
95,nat4,S1_qwen06,3.6604881286621094,7.375,False,nat
95,nat5,S1_qwen06,3.568023681640625,7.25,True,nat
95,nat6,S1_qwen06,2.810312271118164,6.125001907348633,True,nat
95,nat7,S1_qwen06,2.6730384826660156,5.250001907348633,False,nat
95,nat8,S1_qwen06,3.6434192657470703,5.250001907348633,True,nat
95,nat9,S1_qwen06,5.346555709838867,7.625,False,nat
95,orig,S5_lg3_1b,7.125,8.375,False,none
95,nat0,S5_lg3_1b,7.125,8.375,False,nat
95,nat1,S5_lg3_1b,4.421875,7.375,True,nat
95,nat2,S5_lg3_1b,7.125,8.375,False,nat
95,nat3,S5_lg3_1b,0.875,0.37500762939453125,False,nat
95,nat4,S5_lg3_1b,4.9375,7.375,False,nat
95,nat5,S5_lg3_1b,5.125,7.25,True,nat
95,nat6,S5_lg3_1b,5.359375,6.125001907348633,True,nat
95,nat7,S5_lg3_1b,4.21875,5.250001907348633,False,nat
95,nat8,S5_lg3_1b,4.609375,5.250001907348633,True,nat
95,nat9,S5_lg3_1b,7.296875,7.625,False,nat
95,orig,S3_probe,10.422531127929688,8.375,False,none
95,nat0,S3_probe,10.434036254882812,8.375,False,nat
95,nat1,S3_probe,5.045621871948242,7.375,True,nat
95,nat2,S3_probe,10.434036254882812,8.375,False,nat
95,nat3,S3_probe,-3.3575127124786377,0.37500762939453125,False,nat
95,nat4,S3_probe,7.006227493286133,7.375,False,nat
95,nat5,S3_probe,7.144243240356445,7.25,True,nat
95,nat6,S3_probe,9.297670364379883,6.125001907348633,True,nat
95,nat7,S3_probe,13.51280403137207,5.250001907348633,False,nat
95,nat8,S3_probe,6.443914890289307,5.250001907348633,True,nat
95,nat9,S3_probe,12.700681686401367,7.625,False,nat
95,orig,S4_deberta,8.118796348571777,8.375,False,none
95,nat0,S4_deberta,8.118796348571777,8.375,False,nat
95,nat1,S4_deberta,-1.6557574272155762,7.375,True,nat
95,nat2,S4_deberta,8.118796348571777,8.375,False,nat
95,nat3,S4_deberta,-2.6586313247680664,0.37500762939453125,False,nat
95,nat4,S4_deberta,3.1783714294433594,7.375,False,nat
95,nat5,S4_deberta,0.5271388292312622,7.25,True,nat
95,nat6,S4_deberta,-2.971003532409668,6.125001907348633,True,nat
95,nat7,S4_deberta,6.6429595947265625,5.250001907348633,False,nat
95,nat8,S4_deberta,-2.9289066791534424,5.250001907348633,True,nat
95,nat9,S4_deberta,7.748042106628418,7.625,False,nat
96,chosen,S2_tfidf,-3.1346284807024967,7.250001907348633,True,char-level
96,chosen,S1_qwen06,-2.191679000854492,7.62939453125e-06,False,encoding
96,chosen,S5_lg3_1b,0.75,7.62939453125e-06,False,encoding
96,chosen,S3_probe,-11.604670524597168,4.625001907348633,True,encoding
96,chosen,S4_deberta,-3.2595441341400146,5.500001907348633,True,char-level
96,orig,S2_tfidf,-0.581586556133214,7.875,False,none
96,nat0,S2_tfidf,-1.4398750377356493,5.625001907348633,False,nat
96,nat1,S2_tfidf,-0.748745487800046,8.375,True,nat
96,nat2,S2_tfidf,-1.8714696535692894,7.0,False,nat
96,nat3,S2_tfidf,-2.326180849829421,6.375,False,nat
96,nat4,S2_tfidf,0.23296085402401157,8.375,True,nat
96,nat5,S2_tfidf,-0.581586556133214,7.875,False,nat
96,nat6,S2_tfidf,-1.6506248364246012,8.0,True,nat
96,nat7,S2_tfidf,-0.581586556133214,7.875,False,nat
96,nat8,S2_tfidf,-0.7212824855365418,7.0,False,nat
96,nat9,S2_tfidf,-1.3229585210591457,4.375001907348633,False,nat
96,orig,S1_qwen06,6.083869934082031,7.875,False,none
96,nat0,S1_qwen06,3.5921154022216797,5.625001907348633,False,nat
96,nat1,S1_qwen06,3.9297428131103516,8.375,True,nat
96,nat2,S1_qwen06,5.734537124633789,7.0,False,nat
96,nat3,S1_qwen06,-0.03986930847167969,6.375,False,nat
96,nat4,S1_qwen06,4.580583572387695,8.375,True,nat
96,nat5,S1_qwen06,6.068336486816406,7.875,False,nat
96,nat6,S1_qwen06,1.8953437805175781,8.0,True,nat
96,nat7,S1_qwen06,6.068336486816406,7.875,False,nat
96,nat8,S1_qwen06,2.872812271118164,7.0,False,nat
96,nat9,S1_qwen06,4.95166015625,4.375001907348633,False,nat
96,orig,S5_lg3_1b,2.640625,7.875,False,none
96,nat0,S5_lg3_1b,6.234375,5.625001907348633,False,nat
96,nat1,S5_lg3_1b,5.109375,8.375,True,nat
96,nat2,S5_lg3_1b,3.78125,7.0,False,nat
96,nat3,S5_lg3_1b,3.46875,6.375,False,nat
96,nat4,S5_lg3_1b,3.640625,8.375,True,nat
96,nat5,S5_lg3_1b,2.640625,7.875,False,nat
96,nat6,S5_lg3_1b,4.90625,8.0,True,nat
96,nat7,S5_lg3_1b,2.640625,7.875,False,nat
96,nat8,S5_lg3_1b,4.015625,7.0,False,nat
96,nat9,S5_lg3_1b,0.984375,4.375001907348633,False,nat
96,orig,S3_probe,-0.6913255453109741,7.875,False,none
96,nat0,S3_probe,8.46762752532959,5.625001907348633,False,nat
96,nat1,S3_probe,2.001810073852539,8.375,True,nat
96,nat2,S3_probe,3.0454320907592773,7.0,False,nat
96,nat3,S3_probe,13.223386764526367,6.375,False,nat
96,nat4,S3_probe,5.422877788543701,8.375,True,nat
96,nat5,S3_probe,-0.7293480634689331,7.875,False,nat
96,nat6,S3_probe,1.6999698877334595,8.0,True,nat
96,nat7,S3_probe,-0.7293480634689331,7.875,False,nat
96,nat8,S3_probe,11.376753807067871,7.0,False,nat
96,nat9,S3_probe,-4.361952781677246,4.375001907348633,False,nat
96,orig,S4_deberta,4.996122360229492,7.875,False,none
96,nat0,S4_deberta,3.9567582607269287,5.625001907348633,False,nat
96,nat1,S4_deberta,1.452218770980835,8.375,True,nat
96,nat2,S4_deberta,5.642437934875488,7.0,False,nat
96,nat3,S4_deberta,-1.792334794998169,6.375,False,nat
96,nat4,S4_deberta,-0.46871325373649597,8.375,True,nat
96,nat5,S4_deberta,4.996122360229492,7.875,False,nat
96,nat6,S4_deberta,1.4830939769744873,8.0,True,nat
96,nat7,S4_deberta,4.996122360229492,7.875,False,nat
96,nat8,S4_deberta,5.192908763885498,7.0,False,nat
96,nat9,S4_deberta,4.9062910079956055,4.375001907348633,False,nat
97,chosen,S2_tfidf,-2.722188298759054,0.7500057220458984,False,encoding
97,chosen,S1_qwen06,-1.4514102935791016,-1.374990463256836,False,encoding
97,chosen,S5_lg3_1b,0.625,-1.4999885559082031,False,encoding
97,chosen,S3_probe,-6.296072006225586,7.25,True,encoding
97,chosen,S4_deberta,-3.5427379608154297,7.25,True,char-level
97,orig,S2_tfidf,-0.35809041646373063,9.125,False,none
97,nat0,S2_tfidf,-0.14984794928065415,7.5,False,nat
97,nat1,S2_tfidf,-0.7607567468190647,8.875,False,nat
97,nat2,S2_tfidf,-1.5544399873356607,7.000001907348633,False,nat
97,nat3,S2_tfidf,-1.6681547628838005,7.25,True,nat
97,nat4,S2_tfidf,-0.9807395666531735,-1.4999885559082031,False,nat
97,nat5,S2_tfidf,-0.7064329658685872,8.5,False,nat
97,nat6,S2_tfidf,-1.0488781531767812,7.5,False,nat
97,nat7,S2_tfidf,-0.03578869724670475,7.0,True,nat
97,nat8,S2_tfidf,-1.6681547628838005,7.25,True,nat
97,nat9,S2_tfidf,-0.2824162542834854,8.125,False,nat
97,orig,S1_qwen06,6.25395393371582,9.125,False,none
97,nat0,S1_qwen06,2.577455520629883,7.5,False,nat
97,nat1,S1_qwen06,5.683095932006836,8.875,False,nat
97,nat2,S1_qwen06,3.309083938598633,7.000001907348633,False,nat
97,nat3,S1_qwen06,5.310754776000977,7.25,True,nat
97,nat4,S1_qwen06,-1.4506645202636719,-1.4999885559082031,False,nat
97,nat5,S1_qwen06,4.5863189697265625,8.5,False,nat
97,nat6,S1_qwen06,3.116973876953125,7.5,False,nat
97,nat7,S1_qwen06,1.2615928649902344,7.0,True,nat
97,nat8,S1_qwen06,5.310754776000977,7.25,True,nat
97,nat9,S1_qwen06,2.404115676879883,8.125,False,nat
97,orig,S5_lg3_1b,6.5625,9.125,False,none
97,nat0,S5_lg3_1b,6.359375,7.5,False,nat
97,nat1,S5_lg3_1b,7.21875,8.875,False,nat
97,nat2,S5_lg3_1b,4.703125,7.000001907348633,False,nat
97,nat3,S5_lg3_1b,4.234375,7.25,True,nat
97,nat4,S5_lg3_1b,0.640625,-1.4999885559082031,False,nat
97,nat5,S5_lg3_1b,5.640625,8.5,False,nat
97,nat6,S5_lg3_1b,3.4375,7.5,False,nat
97,nat7,S5_lg3_1b,2.28125,7.0,True,nat
97,nat8,S5_lg3_1b,4.234375,7.25,True,nat
97,nat9,S5_lg3_1b,2.640625,8.125,False,nat
97,orig,S3_probe,8.394368171691895,9.125,False,none
97,nat0,S3_probe,11.768134117126465,7.5,False,nat
97,nat1,S3_probe,8.643369674682617,8.875,False,nat
97,nat2,S3_probe,9.480513572692871,7.000001907348633,False,nat
97,nat3,S3_probe,-6.296072006225586,7.25,True,nat
97,nat4,S3_probe,-1.1522172689437866,-1.4999885559082031,False,nat
97,nat5,S3_probe,10.026259422302246,8.5,False,nat
97,nat6,S3_probe,-1.6600593328475952,7.5,False,nat
97,nat7,S3_probe,6.401889801025391,7.0,True,nat
97,nat8,S3_probe,-6.296072006225586,7.25,True,nat
97,nat9,S3_probe,10.457151412963867,8.125,False,nat
97,orig,S4_deberta,4.361838340759277,9.125,False,none
97,nat0,S4_deberta,2.6897549629211426,7.5,False,nat
97,nat1,S4_deberta,4.7762980461120605,8.875,False,nat
97,nat2,S4_deberta,-3.7400779724121094,7.000001907348633,False,nat
97,nat3,S4_deberta,5.200290679931641,7.25,True,nat
97,nat4,S4_deberta,-3.020228385925293,-1.4999885559082031,False,nat
97,nat5,S4_deberta,2.208918571472168,8.5,False,nat
97,nat6,S4_deberta,4.969158172607422,7.5,False,nat
97,nat7,S4_deberta,-2.047530174255371,7.0,True,nat
97,nat8,S4_deberta,5.200290679931641,7.25,True,nat
97,nat9,S4_deberta,-0.19126468896865845,8.125,False,nat
98,chosen,S2_tfidf,-2.254543428444363,1.0000057220458984,False,encoding
98,chosen,S1_qwen06,-2.362089157104492,-0.49999046325683594,False,encoding
98,chosen,S5_lg3_1b,0.515625,-0.7499885559082031,False,encoding
98,chosen,S3_probe,-9.051794052124023,5.250001907348633,False,encoding
98,chosen,S4_deberta,-3.1686699390411377,5.750001907348633,True,char-level
98,orig,S2_tfidf,-0.15331978487836806,8.25,False,none
98,nat0,S2_tfidf,-1.6691174591572906,5.250001907348633,False,nat
98,nat1,S2_tfidf,0.19606229447857992,4.625001907348633,False,nat
98,nat2,S2_tfidf,-0.3197463015863409,5.250001907348633,False,nat
98,nat3,S2_tfidf,-0.362499269164396,7.625,False,nat
98,nat4,S2_tfidf,-0.013065013360564315,8.0,False,nat
98,nat5,S2_tfidf,-2.0275963126174643,5.500001907348633,False,nat
98,nat6,S2_tfidf,-2.254543428444363,1.0000057220458984,False,nat
98,nat7,S2_tfidf,1.2538626720836696,5.875001907348633,True,nat
98,nat8,S2_tfidf,0.1695232892236742,4.875001907348633,False,nat
98,nat9,S2_tfidf,0.7154534420010006,7.625,False,nat
98,orig,S1_qwen06,6.438411712646484,8.25,False,none
98,nat0,S1_qwen06,6.24058723449707,5.250001907348633,False,nat
98,nat1,S1_qwen06,4.601381301879883,4.625001907348633,False,nat
98,nat2,S1_qwen06,5.101381301879883,5.250001907348633,False,nat
98,nat3,S1_qwen06,5.586738586425781,7.625,False,nat
98,nat4,S1_qwen06,7.017986297607422,8.0,False,nat
98,nat5,S1_qwen06,6.212150573730469,5.500001907348633,False,nat
98,nat6,S1_qwen06,-0.6842823028564453,1.0000057220458984,False,nat
98,nat7,S1_qwen06,3.6981773376464844,5.875001907348633,True,nat
98,nat8,S1_qwen06,6.428667068481445,4.875001907348633,False,nat
98,nat9,S1_qwen06,6.441156387329102,7.625,False,nat
98,orig,S5_lg3_1b,7.375,8.25,False,none
98,nat0,S5_lg3_1b,3.203125,5.250001907348633,False,nat
98,nat1,S5_lg3_1b,1.328125,4.625001907348633,False,nat
98,nat2,S5_lg3_1b,2.65625,5.250001907348633,False,nat
98,nat3,S5_lg3_1b,5.6875,7.625,False,nat
98,nat4,S5_lg3_1b,7.6875,8.0,False,nat
98,nat5,S5_lg3_1b,2.21875,5.500001907348633,False,nat
98,nat6,S5_lg3_1b,1.453125,1.0000057220458984,False,nat
98,nat7,S5_lg3_1b,4.40625,5.875001907348633,True,nat
98,nat8,S5_lg3_1b,4.875,4.875001907348633,False,nat
98,nat9,S5_lg3_1b,5.578125,7.625,False,nat
98,orig,S3_probe,7.296045303344727,8.25,False,none
98,nat0,S3_probe,-9.051794052124023,5.250001907348633,False,nat
98,nat1,S3_probe,16.556516647338867,4.625001907348633,False,nat
98,nat2,S3_probe,-0.7702940702438354,5.250001907348633,False,nat
98,nat3,S3_probe,13.641189575195312,7.625,False,nat
98,nat4,S3_probe,6.113933563232422,8.0,False,nat
98,nat5,S3_probe,10.522575378417969,5.500001907348633,False,nat
98,nat6,S3_probe,-1.8084262609481812,1.0000057220458984,False,nat
98,nat7,S3_probe,8.10346508026123,5.875001907348633,True,nat
98,nat8,S3_probe,0.2044956386089325,4.875001907348633,False,nat
98,nat9,S3_probe,12.668327331542969,7.625,False,nat
98,orig,S4_deberta,3.465137004852295,8.25,False,none
98,nat0,S4_deberta,4.064149379730225,5.250001907348633,False,nat
98,nat1,S4_deberta,-2.881988525390625,4.625001907348633,False,nat
98,nat2,S4_deberta,4.501528739929199,5.250001907348633,False,nat
98,nat3,S4_deberta,-3.1099929809570312,7.625,False,nat
98,nat4,S4_deberta,4.68223762512207,8.0,False,nat
98,nat5,S4_deberta,6.64760684967041,5.500001907348633,False,nat
98,nat6,S4_deberta,-3.160512924194336,1.0000057220458984,False,nat
98,nat7,S4_deberta,-3.1366844177246094,5.875001907348633,True,nat
98,nat8,S4_deberta,4.600501537322998,4.875001907348633,False,nat
98,nat9,S4_deberta,7.838381290435791,7.625,False,nat
99,chosen,S2_tfidf,-3.4397017752419536,8.125,True,char-level
99,chosen,S1_qwen06,-0.5592823028564453,1.0000057220458984,False,encoding
99,chosen,S5_lg3_1b,0.421875,8.75,True,char-level
99,chosen,S3_probe,-8.599361419677734,7.25,True,encoding
99,chosen,S4_deberta,-3.2301158905029297,8.0,True,char-level
99,orig,S2_tfidf,1.6371502018642967,9.625,False,none
99,nat0,S2_tfidf,-1.5796344965145837,8.375,True,nat
99,nat1,S2_tfidf,1.6371502018642967,9.625,False,nat
99,nat2,S2_tfidf,-0.768744856707897,9.0,True,nat
99,nat3,S2_tfidf,1.8103222829771257,9.25,True,nat
99,nat4,S2_tfidf,-0.8038567764695481,7.75,True,nat
99,nat5,S2_tfidf,1.6371502018642967,9.625,False,nat
99,nat6,S2_tfidf,-2.293019617045344,0.8750057220458984,False,nat
99,nat7,S2_tfidf,0.6678148111801028,8.75,True,nat
99,nat8,S2_tfidf,-1.769412797302283,6.375001907348633,True,nat
99,nat9,S2_tfidf,-1.0934240405966227,9.125,False,nat
99,orig,S1_qwen06,6.593982696533203,9.625,False,none
99,nat0,S1_qwen06,4.934959411621094,8.375,True,nat
99,nat1,S1_qwen06,6.6096038818359375,9.625,False,nat
99,nat2,S1_qwen06,5.241640090942383,9.0,True,nat
99,nat3,S1_qwen06,2.3369369506835938,9.25,True,nat
99,nat4,S1_qwen06,2.271270751953125,7.75,True,nat
99,nat5,S1_qwen06,6.6096038818359375,9.625,False,nat
99,nat6,S1_qwen06,-0.5585136413574219,0.8750057220458984,False,nat
99,nat7,S1_qwen06,1.2456016540527344,8.75,True,nat
99,nat8,S1_qwen06,1.0054302215576172,6.375001907348633,True,nat
99,nat9,S1_qwen06,6.346004486083984,9.125,False,nat
99,orig,S5_lg3_1b,8.875,9.625,False,none
99,nat0,S5_lg3_1b,2.953125,8.375,True,nat
99,nat1,S5_lg3_1b,8.875,9.625,False,nat
99,nat2,S5_lg3_1b,5.78125,9.0,True,nat
99,nat3,S5_lg3_1b,5.0,9.25,True,nat
99,nat4,S5_lg3_1b,3.390625,7.75,True,nat
99,nat5,S5_lg3_1b,8.875,9.625,False,nat
99,nat6,S5_lg3_1b,1.40625,0.8750057220458984,False,nat
99,nat7,S5_lg3_1b,2.90625,8.75,True,nat
99,nat8,S5_lg3_1b,3.140625,6.375001907348633,True,nat
99,nat9,S5_lg3_1b,7.53125,9.125,False,nat
99,orig,S3_probe,15.044187545776367,9.625,False,none
99,nat0,S3_probe,11.937970161437988,8.375,True,nat
99,nat1,S3_probe,15.017244338989258,9.625,False,nat
99,nat2,S3_probe,13.796173095703125,9.0,True,nat
99,nat3,S3_probe,14.453348159790039,9.25,True,nat
99,nat4,S3_probe,9.886552810668945,7.75,True,nat
99,nat5,S3_probe,15.014974594116211,9.625,False,nat
99,nat6,S3_probe,-2.837893486022949,0.8750057220458984,False,nat
99,nat7,S3_probe,11.025330543518066,8.75,True,nat
99,nat8,S3_probe,6.913690090179443,6.375001907348633,True,nat
99,nat9,S3_probe,15.808551788330078,9.125,False,nat
99,orig,S4_deberta,6.853600025177002,9.625,False,none
99,nat0,S4_deberta,-3.0547385215759277,8.375,True,nat
99,nat1,S4_deberta,6.8535990715026855,9.625,False,nat
99,nat2,S4_deberta,-3.0536069869995117,9.0,True,nat
99,nat3,S4_deberta,-2.026703119277954,9.25,True,nat
99,nat4,S4_deberta,-3.1717514991760254,7.75,True,nat
99,nat5,S4_deberta,6.853599548339844,9.625,False,nat
99,nat6,S4_deberta,-3.059520721435547,0.8750057220458984,False,nat
99,nat7,S4_deberta,-2.3785617351531982,8.75,True,nat
99,nat8,S4_deberta,-3.275043487548828,6.375001907348633,True,nat
99,nat9,S4_deberta,7.753589630126953,9.125,False,nat
