pool,expert,noisy,S2_tfidf,S1_qwen06,S5_lg3_1b,S3_probe,S4_deberta
wildchat,-1.2499923706054688,False,-0.4046153342304404,2.230621337890625,1.4375,-0.4882330000400543,-1.869450569152832
wildchat,1.5000019073486328,False,-6.989191916647105,-2.9012718200683594,4.734375,-0.398796945810318,-2.796605110168457
wildchat,-2.374990463256836,False,-0.4862622146631902,1.844512939453125,1.390625,-0.15996208786964417,-2.1876420974731445
wildchat,-1.624990463256836,False,-1.1594021945826893,2.199167251586914,0.984375,0.16816624999046326,-1.2260034084320068
wildchat,-2.4999942779541016,False,1.210527658124794,-1.4824142456054688,-0.65625,2.940582275390625,1.327139139175415
wildchat,-1.999990463256836,False,-1.367743324596326,2.019378662109375,0.390625,0.39918336272239685,-1.527532935142517
wildchat,-7.999990463256836,False,0.17980890679175077,-1.8044910430908203,-5.375,1.098150372505188,0.07867662608623505
wildchat,-5.624990463256836,False,0.19297189173406548,-1.6528034210205078,-1.34375,-3.305445671081543,-3.250298261642456
wildchat,-8.874990463256836,False,-0.5479932643083879,-3.2319793701171875,-6.140625,4.926914691925049,-0.9602230191230774
wildchat,-6.124994277954102,False,-3.6719042099456027,-5.08119010925293,-1.890625,-7.407947063446045,-3.940004348754883
wildchat,-3.4999942779541016,False,-0.1663797008257577,-0.9810390472412109,0.328125,-0.6838606595993042,-2.359752655029297
wildchat,-10.12498664855957,False,-4.152730891954281,-6.7032470703125,-7.0625,-4.800915718078613,-4.9869384765625
wildchat,-5.874988555908203,False,0.4615957112116842,-1.0184516906738281,-6.390623092651367,1.1269532442092896,0.34017515182495117
wildchat,-5.624988555908203,False,-1.2069859684394633,-0.4589118957519531,-7.140623092651367,0.5858355760574341,-0.4013643264770508
wildchat,-5.499988555908203,False,1.024599669271647,0.2114105224609375,4.03125,3.3003454208374023,5.390097141265869
wildchat,-8.249992370605469,False,-0.8690666800322018,-6.839756011962891,-6.921875,-6.829135417938232,-3.321431875228882
wildchat,-4.124990463256836,False,3.7001847587100567,0.5209407806396484,0.40625,6.6753058433532715,-0.5844211578369141
wildchat,-2.499990463256836,False,-0.14304376469276714,1.9104900360107422,0.453125,0.9553085565567017,-1.527532935142517
wildchat,2.0000038146972656,False,4.078702462214346,0.8284339904785156,9.671875,5.705179214477539,2.290111541748047
wildchat,-2.874990463256836,False,0.04267252511914399,-1.8111228942871094,-2.046875,1.6795293092727661,-2.384695529937744
wildchat,-2.2499923706054688,False,-1.0060468104913318,-2.2798728942871094,-2.1875,2.0282413959503174,-1.1653320789337158
wildchat,-2.999990463256836,False,-0.9620249478748102,-1.7939567565917969,-1.6875,2.559189796447754,-1.6889978647232056
wildchat,-2.1249961853027344,False,1.2541041097906842,-3.8497962951660156,-1.203125,1.2069069147109985,-2.722531795501709
wildchat,-2.3749942779541016,False,-2.856148103068179,-1.590414047241211,-1.5,-0.24095001816749573,-3.2181639671325684
wildchat,-2.1249942779541016,False,-0.23040008770492904,-2.0527992248535156,-2.109375,0.8510266542434692,-0.45531564950942993
wildchat,-3.7499923706054688,False,-2.379656386959021,-0.6907863616943359,-1.546875,2.580839157104492,-2.960043430328369
wildchat,-3.874988555908203,False,-3.8332562809272,-2.3788394927978516,-0.75,0.23354920744895935,-3.7829887866973877
wildchat,-3.6249923706054688,False,-0.702917095174307,-2.7281455993652344,-2.21875,-2.952084541320801,-1.6947349309921265
wildchat,-6.999990463256836,False,-0.7428139247053642,-1.3264122009277344,-6.203125,-1.0981062650680542,-4.261280536651611
wildchat,-3.8749923706054688,False,-1.4400138999679952,-3.4662227630615234,-4.125,-3.5044655799865723,-0.9204673767089844
wildchat,-8.374994277954102,False,-1.3841562215442391,-4.330272674560547,-6.578123092651367,-3.126893997192383,-4.28971529006958
wildchat,-3.499990463256836,False,-1.092122771809871,-2.085773468017578,-1.625,2.9898171424865723,-1.2813479900360107
wildchat,-0.12499618530273438,False,5.9057870476278165,8.359535217285156,0.25,9.96217155456543,0.28910762071609497
wildchat,-10.24998664855957,False,-3.464765425099162,-7.361106872558594,-10.328119277954102,-4.725221633911133,-4.571407794952393
wildchat,-1.4999923706054688,False,-1.670536746226583,-2.2568740844726562,0.046875,0.3864785134792328,-3.2627668380737305
wildchat,-8.624988555908203,False,0.18362288810170346,0.49995994567871094,-3.71875,1.502320408821106,5.814011096954346
wildchat,-7.499992370605469,False,-2.515026474960859,-5.857423782348633,-4.765625,-3.175678253173828,-4.429660320281982
wildchat,-8.124988555908203,False,-2.889464882983731,-6.69843864440918,-6.40625,-4.883262634277344,-4.435674667358398
wildchat,-7.8749847412109375,False,-0.3292461178451629,-0.46521949768066406,-5.796873092651367,3.111353874206543,2.7973525524139404
wildchat,-0.7499923706054688,False,-2.5548487390592527,0.3324165344238281,-0.265625,-1.1659404039382935,-3.4429550170898438
wildchat,-7.499982833862305,False,-0.4418544441307608,0.8303050994873047,-6.046873092651367,4.046571731567383,4.634004592895508
wildchat,-7.749992370605469,False,-2.074212570923744,2.8921470642089844,-6.3125,2.9027481079101562,0.8437734842300415
wildchat,-3.8749923706054688,False,0.07971202442454195,-0.5344619750976562,-1.953125,-3.039154052734375,-3.3870906829833984
wildchat,-8.249984741210938,False,-4.626770161513252,-6.87567138671875,-7.34375,-5.538213729858398,-5.871699810028076
wildchat,-2.2499942779541016,False,1.2571681312515992,3.8789749145507812,-0.765625,-0.32567015290260315,4.997452735900879
wildchat,-7.374990463256836,False,-0.8981144910156326,-1.749746322631836,-5.765625,-1.0722121000289917,-1.8722820281982422
wildchat,-0.7499961853027344,False,-1.4054185592408122,-3.058696746826172,-2.859375,-2.4276695251464844,-2.1537041664123535
wildchat,-7.249990463256836,False,-2.7392213831142,0.36620330810546875,-5.5625,1.325276494026184,-0.45283547043800354
wildchat,-6.624990463256836,False,-1.9770752409148162,0.31038665771484375,-5.453125,1.7025748491287231,-1.2752931118011475
wildchat,-7.499992370605469,False,-0.0672166255853317,2.355367660522461,-0.8125,0.9336663484573364,6.734194755554199
wildchat,-2.9999923706054688,False,-3.591897334777765,-6.30323600769043,1.53125,-8.647468566894531,-3.8371987342834473
wildchat,-8.124992370605469,False,-1.253807785387669,-4.977712631225586,-7.203125,-6.151607513427734,-2.7313473224639893
wildchat,-7.249990463256836,False,-4.124419606383106,-5.785282135009766,-7.03125,-3.7296314239501953,-4.132972240447998
wildchat,-5.374988555908203,False,-2.052373881774706,-4.904571533203125,-4.859375,-3.6141414642333984,-4.231687545776367
wildchat,-5.249990463256836,False,-1.9707331236603318,-1.1132125854492188,0.453125,1.5103074312210083,-3.7494730949401855
wildchat,-8.999996185302734,False,-2.7805735593528933,-6.460054397583008,-5.84375,-5.39515495300293,-4.090010643005371
wildchat,-8.499996185302734,False,-3.1512102109211915,-6.461151123046875,-5.1875,-5.4289093017578125,-4.520325660705566
wildchat,4.875001907348633,False,3.221911942923282,5.910852432250977,4.96875,7.814641952514648,6.655017852783203
wildchat,-1.1249923706054688,False,-3.2941409505465646,-5.581541061401367,1.5625,-1.7007368803024292,-3.8077120780944824
wildchat,-6.624988555908203,False,0.646420963535449,-2.7035865783691406,-4.28125,4.243074417114258,6.461312294006348
wildchat,-5.499990463256836,False,-2.7019503631823207,-1.341787338256836,-0.046875,1.4061089754104614,-3.758164405822754
wildchat,-5.874996185302734,False,-0.5839483844397706,-5.321746826171875,-3.515625,3.3209075927734375,-3.369123697280884
wildchat,-4.624992370605469,False,-1.5965590859917627,-5.252828598022461,-1.75,-5.246178150177002,-3.9885001182556152
wildchat,-2.3749942779541016,False,-2.105426865773865,-4.414003372192383,0.046875,-6.736590385437012,-3.205122947692871
wildchat,-6.749994277954102,False,-5.980090788297843,-4.889467239379883,-4.203125,-4.773876190185547,-4.061033725738525
wildchat,-10.99998664855957,False,-3.9201579775266744,-4.134363174438477,-5.078125,-3.328418731689453,-1.241379976272583
wildchat,-5.874992370605469,False,0.9689264170146876,-3.2467823028564453,1.09375,-4.814344882965088,-4.108900547027588
wildchat,-2.9999942779541016,False,-0.3193379260016245,-3.7260894775390625,-2.421875,-0.653978705406189,-3.3464694023132324
wildchat,-4.499988555908203,False,-0.37043709468180475,-4.449954986572266,-5.5625,-2.562882423400879,4.411630630493164
wildchat,-8.624982833862305,False,-3.181177189708426,-4.833444595336914,-9.734375,-6.544746398925781,-5.314173698425293
wildchat,-6.374992370605469,False,-2.535555427868342,5.064023971557617,-0.78125,1.9183446168899536,3.8232405185699463
wildchat,-4.874992370605469,False,-1.8510092519957673,-4.609264373779297,-5.359375,-1.666751742362976,-3.5994858741760254
wildchat,-2.2499923706054688,False,-0.7776320395109481,0.4857501983642578,-2.9375,-4.0582122802734375,-3.36033296585083
wildchat,-5.624990463256836,False,-0.3803874013553117,-2.908203125,-6.09375,-2.2444658279418945,-3.974343776702881
wildchat,-2.7499942779541016,False,-4.024293678093407,-1.770151138305664,-2.359375,-3.260523796081543,-4.276609420776367
wildchat,-4.374994277954102,False,1.441201394945631,-3.800931930541992,-1.71875,-1.4173487424850464,2.1885433197021484
wildchat,-1.749990463256836,False,5.223469716228782,8.562705993652344,2.1875,6.63527774810791,1.875348448753357
wildchat,3.375001907348633,False,3.684895208638137,7.358585357666016,1.453125,8.78615951538086,7.280716896057129
wildchat,6.125,False,8.055928203351204,7.828216552734375,2.234375,9.88727855682373,7.105207920074463
wildchat,-1.3749942779541016,False,-2.08723752035749,-4.363945007324219,1.09375,-7.039644241333008,-3.4296979904174805
wildchat,-7.874992370605469,False,-1.7626499178222486,-5.6561279296875,-6.140625,-5.378332138061523,-3.3738584518432617
wildchat,-3.2499923706054688,False,-1.9981022203731795,-0.4786701202392578,-1.609375,0.7186566591262817,-3.7022171020507812
wildchat,-2.4999942779541016,False,-0.6236590102534006,-7.07781982421875,-1.921875,-5.320623397827148,-3.9997377395629883
wildchat,-5.249990463256836,False,0.5487897635543959,-4.80558967590332,-1.859375,-4.579768180847168,-1.9923582077026367
wildchat,-4.124992370605469,False,-2.8841019942927217,-6.781793594360352,-1.1875,-0.7264043092727661,-3.6698546409606934
wildchat,-3.9999942779541016,False,2.9151754586394345,5.904504776000977,0.875,2.38720703125,7.189324378967285
wildchat,-9.37498664855957,False,-0.6469828413021175,-5.727712631225586,-6.125,-6.5778045654296875,-0.7513766288757324
wildchat,-10.749984741210938,False,-2.419089855254619,-5.847848892211914,-10.265625,-6.186948776245117,-5.035827159881592
wildchat,-6.874988555908203,False,-3.9260732261544264,-5.414571762084961,-6.1875,-2.5379562377929688,-4.738690376281738
wildchat,-3.6249866485595703,False,0.618576501506152,-0.890716552734375,-2.65625,-2.0487661361694336,-3.9776973724365234
wildchat,2.7500038146972656,False,1.5811639448181751,1.9871711730957031,-0.734375,4.926977634429932,-0.35705167055130005
wildchat,-8.499992370605469,False,3.1176102303382045,-1.6607780456542969,-6.515625,-1.8762205839157104,-1.0407569408416748
wildchat,5.5,False,2.1866442687326373,2.647371292114258,4.984375,-2.883694648742676,5.301916122436523
wildchat,-0.24999427795410156,False,-2.0818824477272146,-1.1205997467041016,-1.0625,-0.6025952100753784,-3.0616965293884277
wildchat,-6.624996185302734,False,-0.1743884047829154,-4.468589782714844,-2.640625,-1.5994294881820679,-2.211784601211548
wildchat,-10.12498664855957,False,-2.173736623928737,-0.5767459869384766,-6.828125,-5.631575584411621,-5.256629943847656
wildchat,-3.3749866485595703,False,1.0143848257461523,-0.8166255950927734,-2.15625,-1.4835983514785767,-3.5496864318847656
wildchat,-5.249994277954102,False,-0.7044572073420516,-4.261482238769531,-3.859375,-4.751178741455078,-3.1171717643737793
wildchat,-8.249988555908203,False,4.985920614411119,-2.074676513671875,-3.09375,4.0423736572265625,-1.4005827903747559
wildchat,-2.3749942779541016,False,-1.7760310107200574,-2.384979248046875,-4.71875,-1.2444456815719604,-1.021223545074463
wildchat,-9.874990463256836,False,-2.9928622250427246,-6.182804107666016,-7.749998092651367,-6.080384254455566,-3.0926432609558105
wildchat,-3.3749923706054688,False,-1.1158110837936162,-5.5328216552734375,-2.75,1.5420399904251099,-3.8270444869995117
wildchat,1.2500038146972656,False,-1.9262808574227503,-0.08387184143066406,2.75,-3.1241910457611084,-3.341559886932373
wildchat,3.3750038146972656,False,-0.15089607616529777,-1.7248878479003906,0.765625,-1.7423542737960815,-3.6644058227539062
wildchat,-7.374990463256836,False,0.8236357622946235,1.6518592834472656,-1.59375,0.6923238039016724,6.2989821434021
wildchat,-5.249992370605469,False,-1.2474345464493535,-1.9030323028564453,-4.625,-1.3337000608444214,-3.1689038276672363
wildchat,0.5000038146972656,False,-0.6412320406236676,0.7945613861083984,2.25,1.1504615545272827,-3.7547922134399414
wildchat,-4.249990463256836,False,-1.9812118986447924,-2.8055896759033203,-1.96875,-0.8691061735153198,-3.103374719619751
wildchat,-1.6249942779541016,False,-0.7260704928793057,-1.737661361694336,-1.1875,1.1924258470535278,4.68210506439209
wildchat,5.7220458984375e-06,False,2.5294251148622404,0.09546470642089844,1.296875,-1.1357399225234985,5.1652326583862305
wildchat,-4.499992370605469,False,-2.773021470948478,0.15871047973632812,-1.53125,0.2386837899684906,-3.4760968685150146
wildchat,-4.999990463256836,False,-1.654485387298521,-1.6495342254638672,-1.890625,-4.769946098327637,-3.826676368713379
wildchat,-2.7499923706054688,False,0.5055631477706137,-1.0688133239746094,1.296875,3.7177834510803223,-2.9906582832336426
wildchat,-9.874984741210938,False,-2.2795395994195307,-5.371030807495117,-5.390623092651367,-1.9988287687301636,-1.5614778995513916
wildchat,-3.374990463256836,False,-0.1785565481777951,-0.9824028015136719,0.5,-3.8439407348632812,-2.761697769165039
wildchat,-0.49999427795410156,False,-1.243269794101899,-3.769094467163086,0.6875,-6.970709323883057,-3.9010086059570312
wildchat,-3.124990463256836,False,-1.3092224755776074,-2.3693580627441406,-1.53125,3.23648738861084,-1.4504468441009521
wildchat,-1.8749923706054688,False,0.08539091839104618,0.20935440063476562,-0.5,2.2615299224853516,-2.336606740951538
wildchat,-1.2499942779541016,False,-0.840739928052067,-4.444461822509766,-0.734375,-2.1531686782836914,-3.8170483112335205
wildchat,-1.4999942779541016,False,1.7979642002114982,-2.5136966705322266,-0.390625,-2.164126396179199,-3.5647244453430176
wildchat,-5.3749847412109375,False,4.736117946620438,-0.9058361053466797,-4.03125,-0.9569090604782104,-3.327785015106201
wildchat,-3.874990463256836,False,2.574268429513679,-4.303020477294922,-2.609375,-1.1251505613327026,-2.8345155715942383
wildchat,2.0000038146972656,False,0.9415367023729477,6.723728179931641,2.8125,7.257361888885498,1.443074107170105
wildchat,-7.499992370605469,False,-5.584235946755235,-7.351581573486328,-6.484375,-9.23235034942627,-5.5573554039001465
wildchat,-2.2499923706054688,False,-1.0462772452991156,-3.0894107818603516,-1.546875,-3.966761589050293,-1.7496731281280518
wildchat,3.814697265625e-06,False,2.1058757661882623,5.995395660400391,-2.3125,8.001969337463379,0.36187753081321716
wildchat,-8.749994277954102,True,-0.7657683120261141,-3.8655052185058594,-5.078125,-4.873537063598633,-4.748323440551758
wildchat,-4.874994277954102,False,-1.1312521250677725,-1.3405799865722656,-0.46875,-2.5822763442993164,-4.3373565673828125
wildchat,-6.124982833862305,False,-0.12777028158571335,-3.4257164001464844,-6.40625,-0.5451153516769409,-3.9638218879699707
wildchat,1.0000057220458984,False,2.8850297208373634,9.547122955322266,0.9375,11.367480278015137,7.528497695922852
wildchat,1.3750038146972656,False,2.226228688307849,6.360139846801758,-0.234375,7.4631757736206055,0.2531523108482361
wildchat,4.375001907348633,False,2.9788077278353358,1.6316299438476562,6.546875,2.769327163696289,0.9000998735427856
wildchat,0.6250038146972656,False,0.09823653079525752,-1.0849018096923828,2.421875,3.076633930206299,-2.074868679046631
wildchat,-0.37499237060546875,False,1.0792840321840205,-1.6857967376708984,-2.28125,-0.6880568265914917,-2.9839158058166504
wildchat,-2.6249942779541016,False,-1.8834838392897728,-3.9055728912353516,-8.296867370605469,1.305202603340149,-2.0278828144073486
wildchat,-7.374990463256836,False,-2.9455103286229942,-3.531841278076172,-9.062482833862305,4.068536758422852,0.535872220993042
wildchat,-8.874990463256836,False,-5.883858444193137,-6.458765029907227,-8.515625,-5.509855270385742,-4.996390342712402
wildchat,5.7220458984375e-06,False,0.1625424889101701,-2.2707958221435547,-1.09375,-6.7393951416015625,-1.5595422983169556
wildchat,7.62939453125e-06,False,1.5465899263481206,6.6942901611328125,0.46875,8.14072036743164,0.2531523108482361
wildchat,-9.499992370605469,False,-2.291455325263866,-6.8813629150390625,-7.640625,-6.181083679199219,-4.868415355682373
wildchat,1.5000038146972656,False,2.982249218312119,6.517335891723633,-1.390625,9.529630661010742,0.46812403202056885
wildchat,-8.999994277954102,False,-2.209820535495644,-5.178182601928711,-5.890625,-1.7909163236618042,-3.267427921295166
wildchat,-4.999994277954102,False,-0.35033657643557015,-0.3355579376220703,-3.28125,-1.5625323057174683,-1.7756412029266357
wildchat,-5.124980926513672,False,-1.0052363748270423,-4.5014495849609375,-6.5,-1.5839709043502808,-3.939035415649414
wildchat,-6.749992370605469,False,-3.0735426127376213,-7.595788955688477,-6.8125,-9.178691864013672,-4.197624683380127
wildchat,-4.624994277954102,False,-0.4328588364701288,-4.52433967590332,-0.6875,-7.090572357177734,-2.8604378700256348
wildchat,-3.8749923706054688,False,0.5388836661007399,-3.1332454681396484,-2.40625,-2.1024348735809326,-3.3237221240997314
wildchat,-5.499992370605469,False,-3.009470381805189,-4.273944854736328,-4.390625,1.6235905885696411,-4.102182388305664
wildchat,-4.249992370605469,False,-0.023310461062942656,0.24746131896972656,-0.109375,1.3974229097366333,-4.482400417327881
wildchat,-7.374992370605469,False,0.8073755142390413,-1.7279167175292969,-1.734375,2.188295364379883,-0.3028108477592468
wildchat,0.5000057220458984,False,-2.7372631256863933,2.0312366485595703,3.46875,0.11064156889915466,-2.0236101150512695
wildchat,-8.624990463256836,False,-3.076426488069151,-2.1230697631835938,-5.421875,-4.1157636642456055,-3.5464539527893066
wildchat,-9.374994277954102,False,-4.136932335775802,-6.701719284057617,-8.734375,-5.092789649963379,-3.2275643348693848
wildchat,-3.6249923706054688,False,-2.989803568755552,0.8420047760009766,-0.875,0.7364369630813599,-4.106348991394043
wildchat,-7.374992370605469,False,-3.621124225460875,-3.8488082885742188,-6.140625,-4.247941017150879,-4.527320861816406
wildchat,-5.124994277954102,False,-4.357326864118966,-5.67188835144043,-4.9375,-6.120442867279053,-4.345887184143066
wildchat,-5.124990463256836,False,-2.4308457215403085,8.002086639404297,-4.28125,4.955964088439941,1.8918651342391968
wildchat,-8.374992370605469,False,-2.2938630576293857,-5.021413803100586,-6.6875,-4.101583957672119,-3.9020791053771973
wildchat,-2.3749923706054688,False,1.3761076049593728,0.5184249877929688,0.078125,-2.8810720443725586,2.56911301612854
wildchat,-6.249988555908203,False,1.6930697709755582,0.8036308288574219,-2.046875,-3.2273473739624023,3.3256988525390625
wildchat,-5.499992370605469,False,1.0115581119478614,0.7756118774414062,-6.1875,-0.6039589643478394,0.12988808751106262
wildchat,0.8750038146972656,False,5.8556785027764455,8.422019958496094,4.953125,6.551394462585449,1.9539856910705566
wildchat,-4.249988555908203,False,-5.009155094939415,-5.732444763183594,-0.078125,-3.7800304889678955,-3.6756958961486816
wildchat,-2.3749942779541016,False,0.9643251280811203,2.495992660522461,-0.953125,2.5869979858398438,4.743939399719238
wildchat,-6.749994277954102,False,-0.9845499165463478,-1.044992446899414,-6.359375,2.8357315063476562,-4.2711944580078125
wildchat,-2.8749923706054688,False,0.4293645556692869,2.606660842895508,-1.6875,-0.19392862915992737,-1.2866626977920532
wildchat,-0.49999237060546875,False,4.3207382850242935,6.6937103271484375,-0.3125,10.636968612670898,5.915470600128174
wildchat,-3.374988555908203,False,2.0758755593240092,6.043552398681641,-0.171875,-1.7765005826950073,3.6460213661193848
wildchat,-4.624992370605469,False,-1.3398282016854406,-2.079587936401367,-3.46875,0.5908890962600708,-1.0600413084030151
wildchat,-5.124990463256836,False,-0.9000491243689531,-1.3609447479248047,-4.96875,-2.0320730209350586,0.08571489155292511
wildchat,-9.499990463256836,False,-1.2705516582656284,-5.118619918823242,-3.234375,-4.327689170837402,-4.512114524841309
wildchat,-4.249994277954102,False,-1.008487848631829,-1.1944599151611328,-2.546875,-0.9425066709518433,-0.9289536476135254
wildchat,-4.124990463256836,False,1.9140862330138566,-0.11756134033203125,-3.328125,-0.330594927072525,2.4532127380371094
wildchat,7.62939453125e-06,False,0.43111124997571526,-2.422405242919922,-0.9375,-6.481113433837891,-2.2597484588623047
wildchat,-8.374992370605469,False,-1.7626499178222486,-5.19140625,-5.484375,-5.176181793212891,-1.8888256549835205
wildchat,-2.6249942779541016,False,-4.2884093442389215,-2.260387420654297,-5.0,3.183504104614258,0.012838006019592285
wildchat,-3.3749923706054688,False,-1.0038199680265714,-5.904964447021484,1.015625,-5.496334075927734,-3.643611192703247
wildchat,-3.4999923706054688,False,-3.209606323243727,-3.770944595336914,-4.890625,-4.59852409362793,-3.2758054733276367
wildchat,-9.124994277954102,False,-2.4748457962567896,-4.635099411010742,-4.96875,-4.574180603027344,-3.8381543159484863
wildchat,-0.7499923706054688,False,-0.13177393062404597,8.316272735595703,-0.125,6.843660831451416,0.46142345666885376
wildchat,-3.6249923706054688,False,-1.74203146475948,-0.3420372009277344,-3.8125,-1.3600314855575562,-0.4180697202682495
wildchat,-6.999990463256836,False,0.5379688988028977,0.5693264007568359,-2.453125,-0.22046080231666565,5.577140808105469
wildchat,2.125001907348633,False,2.254106710944499,0.6343173980712891,3.0,3.4122390747070312,7.294361114501953
wildchat,-5.874994277954102,False,-2.201372145919422,-3.1522750854492188,-2.796875,2.2685813903808594,-3.0824544429779053
wildchat,-4.999994277954102,False,-5.4971837456317605,-3.8409500122070312,-0.40625,-0.19378653168678284,-3.7697594165802
wildchat,-7.624992370605469,False,-2.1568321870813554,-3.6291255950927734,-4.734375,-4.648811340332031,-4.063146114349365
wildchat,-4.249994277954102,False,0.6785616887314216,-0.9618206024169922,-4.109375,-6.544126510620117,-3.310810089111328
wildchat,-5.749988555908203,False,-2.681626811259328,-5.201074600219727,-5.21875,-6.945561408996582,-5.639802932739258
wildchat,-4.624990463256836,False,-4.364898116402393,-6.39225959777832,-2.796875,-4.085413455963135,-3.078636646270752
wildchat,-3.2499923706054688,False,-3.2563876543043744,-3.1021957397460938,-4.015625,-1.3737086057662964,-1.8342026472091675
wildchat,-2.4999923706054688,False,0.37141032697162313,-2.321735382080078,-3.515625,-2.926624298095703,-2.8019795417785645
wildchat,-0.4999961853027344,False,-3.6234887914186684,-0.37828636169433594,-0.28125,-4.134546279907227,-5.051199913024902
wildchat,-1.9999923706054688,False,-5.6057698690231765,-0.5979270935058594,-0.546875,-1.208882212638855,-3.761521339416504
wildchat,-0.7499942779541016,False,3.5234186576969853,-2.9342823028564453,1.21875,-2.024505615234375,-1.6279828548431396
wildchat,-4.624990463256836,False,-1.0100336031537747,-4.751462936401367,-3.640625,-3.508481502532959,1.1262476444244385
wildchat,-2.4999923706054688,False,0.6932876234749219,-5.385309219360352,0.9375,-3.9491844177246094,-3.506180763244629
wildchat,-6.3749847412109375,False,-4.714772607747818,-2.9847850799560547,-4.484375,-2.910135269165039,-4.678813934326172
wildchat,-4.499992370605469,False,-1.8995232020300827,-6.798988342285156,-0.34375,-8.312777519226074,-3.3218235969543457
wildchat,-8.124990463256836,False,0.49953770784824125,0.22068023681640625,-1.65625,-0.961624026298523,-1.3512797355651855
wildchat,0.12500572204589844,False,5.584353434304681,-0.9752731323242188,2.3125,3.600710391998291,5.111150741577148
wildchat,-2.499990463256836,False,-2.307778328898677,1.6456985473632812,1.6875,0.5574561357498169,-2.6446211338043213
wildchat,-7.749992370605469,False,1.51648169614436,-4.4056854248046875,-2.53125,-2.476367950439453,-2.243119478225708
wildchat,-2.8749923706054688,False,-0.5225787716964931,-2.8569774627685547,0.765625,-16.94268035888672,-4.0455403327941895
wildchat,-8.37497329711914,False,-4.804883414679004,-6.12489128112793,-5.28125,-1.8214099407196045,-3.860842704772949
wildchat,-6.749992370605469,False,-2.418870511945455,-4.176477432250977,-6.078125,-5.842561721801758,-3.1280484199523926
wildchat,-6.874988555908203,False,-4.434044225314489,-3.8139495849609375,-5.484375,-3.9914112091064453,-3.687814950942993
wildchat,-8.374990463256836,False,1.3153503381287497,-3.0071258544921875,-3.765625,-1.2197684049606323,6.935898780822754
wildchat,-7.499961853027344,False,-4.244740109624027,-4.250461578369141,-4.90625,-2.0498945713043213,-3.860842704772949
wildchat,-7.2499542236328125,False,-4.380490732073392,-4.523813247680664,-4.671875,-2.157388210296631,-3.860842704772949
wildchat,-6.374994277954102,False,-1.5077763141269687,-5.691507339477539,-3.046875,0.943008542060852,-2.94974946975708
wildchat,-1.3749942779541016,False,3.7752606269969524,-1.2944774627685547,0.5,0.8496472835540771,3.6948561668395996
wildchat,0.7500038146972656,False,-3.0897466805785854,-3.4374217987060547,1.015625,-1.278288722038269,-2.676321506500244
wildchat,-1.2499942779541016,False,-1.165950257962323,-7.405086517333984,-1.140625,-5.269845485687256,-2.263418197631836
wildchat,-5.499988555908203,False,-1.565398521709417,-1.447763442993164,1.84375,-0.5667589902877808,-3.8698599338531494
wildchat,-5.37498664855957,False,-2.1042795020666696,-1.2804813385009766,2.453125,-0.9825152158737183,-3.8298749923706055
wildchat,-3.1249942779541016,False,-0.8368426216313305,-5.677042007446289,-1.109375,-3.2991578578948975,-3.828092575073242
wildchat,-4.374992370605469,False,-2.4519610789148194,-1.5258903503417969,2.890625,-0.8011292219161987,-4.007110595703125
wildchat,-9.499988555908203,False,-3.427146296338642,-6.722503662109375,-6.734375,-3.4737117290496826,-4.635892868041992
wildchat,5.000001907348633,False,2.249967146365865,4.179523468017578,3.421875,5.2172698974609375,3.017151355743408
wildchat,-1.1249961853027344,False,0.25139043849175424,-1.0023822784423828,5.1875,2.411680221557617,4.461176872253418
wildchat,-1.9999961853027344,True,-2.845498301983774,-4.53986930847168,-0.9375,-2.1674728393554688,-3.8201582431793213
wildchat,-6.749992370605469,False,1.7491856827805867,-0.05016136169433594,-6.125,3.075368881225586,7.178712844848633
wildchat,-4.874996185302734,False,0.8026689581891,-5.75861930847168,-2.03125,3.096391201019287,-1.6437113285064697
wildchat,-6.874988555908203,False,-0.8285307632658319,-6.582494735717773,-5.875,0.03219231963157654,-3.207455635070801
wildchat,-5.874992370605469,False,2.823425892888027,-2.3386688232421875,-7.75,4.773554801940918,4.2679362297058105
wildchat,4.500001907348633,False,-1.5065590322314355,-0.5400447845458984,2.140625,0.2716914117336273,-0.16388636827468872
wildchat,-7.12495231628418,False,-1.931449098125455,-4.428945541381836,-1.375,-10.266851425170898,-4.144383907318115
wildchat,-2.4999961853027344,False,-3.5469439040733457,-3.978944778442383,2.765625,-0.11130419373512268,-3.496572494506836
wildchat,-4.124990463256836,False,-1.7664717847373135,-1.8152141571044922,-2.25,0.011659711599349976,-3.7595584392547607
wildchat,-2.8749923706054688,False,0.019099700727829516,-3.9836082458496094,-0.046875,-2.568356990814209,-3.280719757080078
wildchat,-7.874988555908203,False,-3.9263516903374622,0.8756752014160156,-7.65625,-1.7567747831344604,-4.394568920135498
wildchat,-6.749988555908203,False,-5.557972558891291,-7.201509475708008,-7.375,-5.837064743041992,-5.366143703460693
wildchat,-1.874990463256836,False,0.07624489854949412,0.6441555023193359,-1.71875,-4.708176136016846,-2.500460386276245
wildchat,1.3750038146972656,False,3.489615648479252,2.6700096130371094,2.859375,1.1318398714065552,-1.4102643728256226
wildchat,-4.874992370605469,False,-0.8791595224543435,-3.879056930541992,-2.015625,0.9186030626296997,-3.1261439323425293
wildchat,-3.2499942779541016,False,-1.105068483336507,-6.228944778442383,-1.734375,-2.724278450012207,-2.825284957885742
wildchat,-7.874988555908203,False,-0.10131847757249357,-5.946369171142578,-4.9375,-2.085207939147949,-2.636030673980713
wildchat,-2.3749942779541016,False,1.5046434472757155,-3.712360382080078,0.25,-2.879993438720703,-3.1931238174438477
wildchat,-3.2499866485595703,False,-4.409295999101235,0.9017066955566406,-4.6875,-4.128704071044922,-3.928886651992798
wildchat,-4.874994277954102,False,-2.001998693178948,-4.392673492431641,-2.09375,-1.9044255018234253,-1.4507427215576172
wildchat,1.7500038146972656,False,4.426979473016066,3.5631752014160156,2.90625,1.8721815347671509,0.6517010927200317
wildchat,-2.249988555908203,False,-1.6742271531539146,-1.3540172576904297,-5.78125,-4.29453706741333,-3.644361972808838
wildchat,0.2500038146972656,False,-0.2212345700417797,-1.3655204772949219,2.71875,-0.15432539582252502,-1.1926357746124268
wildchat,-4.124992370605469,False,-2.2950920222291438,-0.6697921752929688,-6.359373092651367,-0.49261656403541565,-1.7782530784606934
wildchat,-2.3749923706054688,False,-2.2521824306769385,-0.262176513671875,-0.03125,0.34277066588401794,-3.868229866027832
wildchat,-7.124990463256836,False,-1.0073445296193702,-1.2882919311523438,-5.578125,-1.0146902799606323,-4.155278205871582
wildchat,-3.1249942779541016,False,-0.7990897049945312,-0.295501708984375,-3.53125,2.855889320373535,0.651025652885437
wildchat,-5.749992370605469,False,-0.828197737518544,-2.4139156341552734,-1.46875,-2.1019134521484375,-3.5351271629333496
wildchat,-1.9999923706054688,False,-0.08308243742922028,-4.415046691894531,0.875,-4.453476905822754,-3.790022373199463
wildchat,-3.6249923706054688,False,2.188712684383458,-4.152009963989258,-1.625,-1.5010069608688354,-4.074509620666504
wildchat,-3.3749942779541016,False,-1.1092018237875776,-2.6083984375,0.984375,-10.419516563415527,-3.7942724227905273
wildchat,-4.499994277954102,False,-2.7774124262725883,-4.409076690673828,-0.3125,-4.109116554260254,-0.5592371821403503
wildchat,-7.624990463256836,False,-1.0185438637868245,-0.33994483947753906,-3.640625,3.111064910888672,0.5590373873710632
wildchat,-6.74998664855957,False,-2.011363419803632,-1.2949142456054688,-1.046875,-2.818470001220703,-3.260112762451172
wildchat,-1.7499923706054688,True,-1.3664411722651204,0.5731754302978516,0.71875,1.508895993232727,-3.4913902282714844
wildchat,-6.374992370605469,False,1.6200911283345467,-2.5957984924316406,-6.5,2.729297637939453,-0.5590527057647705
wildchat,-6.249992370605469,False,1.2843432474190786,-0.7584457397460938,-4.953125,-0.05119791626930237,0.9698410034179688
wildchat,-6.249994277954102,False,0.3063136759741174,-0.9144382476806641,-7.5,-0.8189352750778198,0.8612004518508911
wildchat,-8.124990463256836,False,-3.041033412004682,-3.097625732421875,-3.84375,-2.9007816314697266,-3.608323574066162
wildchat,-8.999988555908203,False,-2.2959328536844468,-4.174703598022461,-5.15625,-3.0464839935302734,-4.353634357452393
wildchat,-0.12499427795410156,False,-3.934783527123061,-1.3246784210205078,0.609375,-12.986669540405273,-3.8403501510620117
wildchat,-0.37499427795410156,False,-2.6803930472784767,-2.1191062927246094,0.03125,-12.35226821899414,-3.4585702419281006
wildchat,-6.1249847412109375,False,-1.5767736400206989,-5.529319763183594,-5.984375,-2.292060375213623,-4.053915977478027
wildchat,-2.8749923706054688,False,-4.489248631401924,-4.593072891235352,-2.578125,-6.963710784912109,-4.101161956787109
wildchat,-5.124992370605469,False,-0.668172722592731,1.3263816833496094,-0.265625,3.6551523208618164,0.208740696310997
wildchat,-7.249988555908203,False,1.4335866224440263,-1.0712127685546875,-3.6875,-0.15214720368385315,-2.946294069290161
wildchat,4.375001907348633,False,13.809575682831117,6.801353454589844,7.28125,3.5713329315185547,7.638730525970459
wildchat,-1.8749942779541016,False,-0.4432742965134452,-0.6623802185058594,-1.578125,-3.201213836669922,-4.126105308532715
wildchat,-7.124988555908203,False,-4.5655913873787615,-5.821863174438477,-7.359375,-4.208128929138184,-3.991337776184082
wildchat,0.37500572204589844,False,-0.2901995288593513,0.50640869140625,1.40625,0.32739362120628357,-2.2769277095794678
wildchat,-8.74998664855957,False,-4.022580055566462,-5.115732192993164,-4.890625,-4.336921691894531,-5.786554336547852
wildchat,-6.7499847412109375,False,-6.000311047687096,-6.730863571166992,-6.453125,-3.550276279449463,-4.296660900115967
wildchat,-0.4999961853027344,False,1.9916390200900025,-1.9155101776123047,-3.171875,3.414806365966797,-0.7109570503234863
wildchat,-5.624990463256836,False,-6.756199438341868,-6.6938629150390625,-4.46875,-7.0012407302856445,-5.669370651245117
wildchat,-7.874990463256836,False,-8.66314837500427,-5.256961822509766,-6.734375,-5.618115425109863,-4.76621150970459
wildchat,-1.1249942779541016,False,-2.4737087765017423,-3.1847000122070312,1.125,-1.932538390159607,-3.4589717388153076
wildchat,-0.6249923706054688,False,0.2813922181187576,-1.4622917175292969,0.484375,0.4157353341579437,-3.1381659507751465
wildchat,-5.499992370605469,False,2.374302663980596,-1.1811351776123047,-1.5,-1.0598200559616089,-1.2448785305023193
wildchat,4.125001907348633,False,3.019347328792697,-1.6427364349365234,1.390625,1.1292153596878052,3.410391330718994
wildchat,-8.749988555908203,False,-3.180823912242376,-2.627382278442383,-10.343748092651367,-3.077512741088867,-1.619001865386963
wildchat,1.0000057220458984,False,1.661801589234811,8.187522888183594,-0.234375,7.164409637451172,5.592638969421387
wildchat,-9.624990463256836,False,-1.3725748059559248,-2.1311302185058594,-9.375,-6.015796661376953,-2.1191091537475586
wildchat,-9.749984741210938,False,-2.8964688638919034,-6.876865386962891,-10.515623092651367,-6.136288642883301,-5.4938740730285645
wildchat,-7.624992370605469,False,-4.024946550356071,-1.6021957397460938,-10.328123092651367,-3.6527156829833984,-0.24612505733966827
wildchat,-3.9999942779541016,False,0.6380362658525061,-0.5529117584228516,-3.640625,1.1476975679397583,2.690162181854248
wildchat,-3.3749942779541016,False,1.044884133687346,-0.4787311553955078,0.703125,2.443330764770508,3.446526527404785
wildchat,-6.499996185302734,False,-1.1007910035960473,-3.871196746826172,-2.546875,-1.7951563596725464,-4.613675117492676
wildchat,-10.124990463256836,False,-4.065050400202813,-7.348293304443359,-6.609375,-5.703485488891602,-5.441604137420654
wildchat,-2.8749923706054688,False,1.28170646672023,1.2640953063964844,-0.734375,1.1021872758865356,0.010844260454177856
wildchat,-5.87498664855957,False,-5.89605851701676,-7.404844284057617,-7.140623092651367,-3.5553908348083496,-4.332695007324219
wildchat,-9.499984741210938,False,-1.8499679089707175,-3.580699920654297,-5.046875,-4.1110992431640625,-5.3886871337890625
wildchat,-6.124990463256836,False,-2.0017134623394197,-2.9773693084716797,-3.5,0.8889905214309692,-4.613107681274414
wildchat,-1.9999923706054688,False,0.998364906018159,-2.472929000854492,-1.84375,4.098833084106445,-3.2567203044891357
wildchat,-4.374994277954102,False,0.3972512275936182,-4.145195007324219,-2.8125,2.2240700721740723,-2.481139898300171
wildchat,-4.374994277954102,False,-0.007253108561595445,-2.9579334259033203,-3.265625,2.0012168884277344,3.1153626441955566
wildchat,-2.3749942779541016,False,1.8906547518524992,-2.777801513671875,-0.9375,-0.6228340864181519,-3.1202502250671387
wildchat,-9.999988555908203,False,-3.52842282261932,-4.537380218505859,-5.78125,-2.460712432861328,-1.6483221054077148
wildchat,-2.6249942779541016,False,-2.223947999629952,-2.0071239471435547,0.421875,-2.67564058303833,-3.6847610473632812
wildchat,-7.8749847412109375,False,-3.0622663198125997,-4.292476654052734,-7.84375,-2.6678943634033203,-4.354647159576416
wildchat,-0.12499427795410156,False,1.3855101574260755,-2.6700820922851562,-0.6875,-0.5112828016281128,-3.229829788208008
wildchat,-3.6249942779541016,False,3.0724661891883462,-1.4491386413574219,-0.5,-4.311136245727539,-0.17494995892047882
wildchat,-7.124994277954102,False,1.4262272304355503,-4.6479644775390625,-2.234375,-0.9633797407150269,-2.2387866973876953
wildchat,-8.499984741210938,False,-5.481946855999625,-7.398946762084961,-6.40625,-4.009339332580566,-4.825601577758789
wildchat,-4.124994277954102,False,-1.2425664801637102,-5.774494171142578,-0.828125,-1.2710989713668823,-3.4197123050689697
wildchat,-6.249992370605469,False,-1.8324038441459445,-7.217586517333984,-8.734375,-1.6740063428878784,-4.154321193695068
wildchat,-7.749990463256836,False,-5.988443238836021,-5.354654312133789,-6.71875,-7.01851749420166,-5.933548927307129
wildchat,-6.499990463256836,False,-1.5536626000264762,-2.362438201904297,-0.09375,6.298854827880859,-2.8878567218780518
wildchat,-10.49998664855957,False,-2.238118939548184,-5.471370697021484,-7.34375,-1.457147479057312,-4.269035339355469
wildchat,-2.9999923706054688,False,-4.461135069700173,-6.186214447021484,0.625,-5.1653313636779785,-4.431899070739746
wildchat,-9.499982833862305,False,-0.24113461528996893,-3.3451995849609375,-5.796875,-1.1742933988571167,-4.582539081573486
wildchat,-6.124988555908203,False,-1.4431425015867454,-1.1200828552246094,-4.484375,-2.8873233795166016,-1.609281063079834
wildchat,-3.6249942779541016,False,3.206552555050245,-1.8148822784423828,-0.53125,-8.092292785644531,0.2470717877149582
wildchat,-4.624990463256836,False,-0.07776073663122429,-0.9400177001953125,-2.125,1.1099660396575928,-2.2787957191467285
wildchat,0.7500038146972656,False,-1.1457883531500646,-2.0650405883789062,-2.53125,-1.350519061088562,-3.533342123031616
wildchat,-0.6249942779541016,False,0.9868733188022911,-2.723560333251953,3.953125,-0.8978813886642456,5.569192409515381
wildchat,0.25000572204589844,False,2.717726972090987,1.8769721984863281,1.875,1.2696014642715454,-3.3038673400878906
wildchat,-0.6249923706054688,False,-1.2899537348392702,-2.2082958221435547,-1.765625,1.20576012134552,-3.4242630004882812
wildchat,-4.374994277954102,False,-0.02799485025335957,-1.9483585357666016,-0.8125,-2.23001766204834,-2.7751288414001465
wildchat,-5.499988555908203,False,-3.670208496613525,-3.4375991821289062,-4.6875,-0.8293894529342651,-3.5854527950286865
wildchat,-6.999996185302734,False,-1.223922845660744,-7.372819900512695,-2.375,-5.208410263061523,-3.2794814109802246
wildchat,3.625001907348633,False,-0.9773511616226358,-0.5269107818603516,5.734375,3.39235782623291,-2.740807294845581
wildchat,-3.7499923706054688,False,1.6331511510804384,-4.742366790771484,-1.234375,-3.1432151794433594,-2.7728171348571777
wildchat,-9.249992370605469,False,-1.6159132594581966,-6.208913803100586,-3.796875,-5.774494171142578,-3.793978691101074
wildchat,-0.8749942779541016,True,-0.38243445585068137,-5.8594970703125,-2.71875,-6.924921035766602,-3.59093976020813
wildchat,-2.6249923706054688,False,-2.458370175557976,-1.8074188232421875,-1.25,-4.441871643066406,-3.6576685905456543
wildchat,2.875001907348633,False,-0.9773511616226358,-0.6226520538330078,5.65625,3.3095827102661133,-2.740807294845581
wildchat,-6.124992370605469,False,-2.984136392948403,-1.3850650787353516,-4.359375,-1.7159537076950073,-3.914902687072754
wildchat,0.5000057220458984,False,3.031653010745817,2.8449134826660156,1.21875,0.8126641511917114,3.2930171489715576
wildchat,-6.249994277954102,False,1.7568054737641947,-1.1097869873046875,-8.125,-1.505060076713562,0.7820364832878113
wildchat,-1.874990463256836,False,-0.23507687700891533,-0.5091152191162109,-4.234375,2.9162187576293945,-1.8863613605499268
wildchat,-2.1249961853027344,False,1.3272197719428915,-3.997203826904297,-0.640625,-0.7142418622970581,0.13382111489772797
wildchat,3.250001907348633,False,-0.5524639911304061,0.12779617309570312,4.625,3.830517292022705,-2.5165793895721436
wildchat,-1.4999942779541016,False,-3.6679511567337713,-5.12890625,-2.5,3.834869861602783,-2.7165699005126953
wildchat,3.250001907348633,False,0.15198938370515713,0.013576507568359375,4.359375,2.808579921722412,-2.2839064598083496
wildchat,-3.7499923706054688,False,-5.421547772278339,-2.414693832397461,-1.5625,-3.135709762573242,-3.717963933944702
wildchat,3.250001907348633,False,0.2533428375467257,-1.8077335357666016,5.78125,0.6387916803359985,-2.804769992828369
wildchat,-4.499992370605469,False,-2.3507821935274253,-0.7091693878173828,-0.671875,-2.55070161819458,-0.6049480438232422
wildchat,0.3750038146972656,False,1.391143164416692,-0.0074310302734375,-0.046875,2.5019168853759766,-2.099263906478882
wildchat,0.6250038146972656,False,1.4074415184648583,0.1234283447265625,-1.453125,2.1378512382507324,-2.227975845336914
wildchat,-8.749992370605469,False,1.2029822201710705,-5.154876708984375,-9.578125,-2.0408382415771484,2.201824188232422
wildchat,-8.874992370605469,False,1.7888709109799616,-3.2022457122802734,-10.421873092651367,0.2495652139186859,1.1514031887054443
wildchat,-10.249992370605469,False,-1.9499702859631838,-6.660619735717773,-9.125,-5.0553741455078125,-4.687714576721191
wildchat,-7.249994277954102,False,2.8893608339594783,-0.05016136169433594,-7.34375,0.8642140626907349,1.2774736881256104
wildchat,1.7500038146972656,False,-1.9252516057008038,0.6044273376464844,1.78125,-3.375602960586548,-2.99440336227417
wildchat,2.750001907348633,False,-1.351631693749091,-1.3495540618896484,4.90625,1.4167224168777466,-3.4471631050109863
wildchat,-8.624992370605469,False,2.004479586191424,-2.741992950439453,-7.578125,-1.9971836805343628,-0.42651206254959106
wildchat,-4.624994277954102,False,-2.37042089913664,-1.2408027648925781,-0.5,-3.5366501808166504,-3.39910888671875
wildchat,1.7500038146972656,False,-1.8320689439210873,-0.8061103820800781,3.015625,2.5864925384521484,-3.207003116607666
wildchat,-10.24998664855957,False,-1.3739937251164593,-5.489410400390625,-11.828119277954102,-4.855480194091797,-4.345489501953125
wildchat,-9.374994277954102,False,-2.198573713807124,-3.654003143310547,-10.140625,0.49453267455101013,0.9743019342422485
wildchat,-4.874992370605469,False,-0.3013799459048865,-1.5530128479003906,-5.0,2.6002402305603027,-2.53910493850708
wildchat,-1.624990463256836,False,0.5417071875263961,-3.500568389892578,1.15625,-1.3088129758834839,-4.0886311531066895
wildchat,3.125001907348633,False,-3.7131306780450934,0.008413314819335938,3.75,2.743288040161133,-2.9189937114715576
wildchat,-8.749988555908203,False,1.2951025273593484,-3.161569595336914,-7.515623092651367,-3.651516914367676,0.6399447917938232
wildchat,-9.374992370605469,False,-2.078619843466875,-6.738765716552734,-7.453125,-3.4388580322265625,-3.1567187309265137
wildchat,0.37500572204589844,False,0.6332090828161563,-1.6310462951660156,2.890625,-2.6709156036376953,-3.365493059158325
wildchat,-1.874990463256836,False,0.061464957382431296,-3.281818389892578,1.015625,-1.622144103050232,-4.152408123016357
wildchat,4.375001907348633,False,0.9413481025305199,-0.3754100799560547,5.875,3.9474143981933594,-2.8542556762695312
wildchat,-10.249990463256836,False,-5.453614947930498,-4.726503372192383,-8.4375,-8.148714065551758,-4.4681549072265625
wildchat,-4.124982833862305,False,0.025499954369345934,-3.5361976623535156,-0.859375,-2.485067844390869,-1.4030903577804565
wildchat,-6.374988555908203,False,3.0351284153235527,-0.13869476318359375,0.203125,0.5285598039627075,-1.9665347337722778
wildchat,-5.499992370605469,False,-0.8625973787186395,-0.9611282348632812,-5.140625,0.7612143754959106,-4.129011631011963
wildchat,-9.874988555908203,False,-2.210375985437145,-3.2233200073242188,-4.015625,-1.515415072441101,-2.570861339569092
wildchat,2.1250038146972656,False,4.22331829798152,3.3890953063964844,2.5625,2.034299373626709,1.5534262657165527
wildchat,-2.7499923706054688,False,-1.002574167238853,-6.216957092285156,-1.03125,-5.822024822235107,-4.345409393310547
wildchat,-7.874988555908203,False,-4.321070921510165,-6.193855285644531,-8.21875,-6.609681129455566,-5.258950710296631
wildchat,-2.1249961853027344,False,-2.1720343084733265,-5.167179107666016,-2.140625,-5.5153069496154785,-4.029067039489746
wildchat,1.7500038146972656,False,3.9781601873127137,2.598470687866211,3.25,2.266690731048584,-2.8599419593811035
wildchat,-1.8749961853027344,False,2.2212110466355632,-2.8104496002197266,-0.96875,-1.8575609922409058,-3.6271839141845703
wildchat,-3.7499828338623047,False,0.021514741561055484,-3.206399917602539,-0.984375,-2.170131206512451,-1.4213213920593262
wildchat,-4.374992370605469,False,-2.0890708929379778,-5.590238571166992,-5.109375,-6.512744903564453,-4.5128583908081055
wildchat,3.625001907348633,False,4.327222773855451,3.9740657806396484,3.140625,2.8123703002929688,-2.627047538757324
wildchat,-0.7499942779541016,False,-2.1751840918653347,-2.981456756591797,-1.5625,-1.3646491765975952,-2.321638345718384
wildchat,-1.7499923706054688,False,0.007001041364832261,-4.583444595336914,0.796875,-4.697127342224121,-3.8147168159484863
wildchat,-0.7499942779541016,False,-1.3793076277844747,-0.556854248046875,0.40625,1.8423105478286743,-3.0816903114318848
wildchat,-1.8749961853027344,False,-4.189600987975849,-6.038320541381836,3.578125,-4.4155731201171875,-4.124767303466797
wildchat,-0.24999427795410156,False,-1.0917627266121472,0.08574676513671875,1.046875,-1.4516204595565796,-2.350053548812866
wildchat,-9.249984741210938,False,-2.325535290874135,-3.2655467987060547,-5.21875,-3.120647430419922,-4.5824503898620605
wildchat,-6.749992370605469,False,-4.922469360559582,-4.099788665771484,-3.109375,-3.454106330871582,-3.7647910118103027
wildchat,-6.124994277954102,False,-1.518682083785891,-2.0516834259033203,-1.09375,-0.0817202627658844,-1.724963665008545
wildchat,5.7220458984375e-06,False,-0.0033763649154259223,-3.7302322387695312,-0.59375,2.328314781188965,-1.4788343906402588
wildchat,3.500001907348633,False,1.6467101959595436,-1.972024917602539,5.015625,1.097990870475769,-2.3738460540771484
wildchat,-8.749994277954102,False,-2.885308070205769,-3.326152801513672,-9.25,-1.2395914793014526,0.685378909111023
wildchat,-1.749990463256836,False,-3.162761380760072,-2.1673450469970703,-0.109375,-1.8444794416427612,-2.335304021835327
wildchat,-0.12499427795410156,False,-0.5081620496454362,-1.6041374206542969,0.5625,-8.33917236328125,-0.08515068143606186
wildchat,4.000001907348633,False,-0.3594401694414249,-3.8705997467041016,3.78125,-0.9145618677139282,-1.54966402053833
wildchat,-3.4999942779541016,False,-2.2363517086971956,-4.639862060546875,-1.015625,-1.6370896100997925,-2.1501803398132324
wildchat,-6.624990463256836,False,-1.7980802087924759,-1.2222480773925781,-3.78125,-3.9125967025756836,-4.886048316955566
wildchat,-7.249992370605469,False,-3.8504795872824253,-7.850107192993164,-5.734375,-0.48471441864967346,-3.159252166748047
wildchat,2.7500038146972656,False,3.0005515048792404,3.4727439880371094,3.59375,2.0244011878967285,-3.064380645751953
wildchat,2.250001907348633,False,2.427611643982849,0.9461631774902344,1.21875,5.224832534790039,3.660703659057617
wildchat,-4.2499847412109375,False,-1.4602708096678871,-3.750459671020508,-0.390625,-1.7317386865615845,-1.5249295234680176
wildchat,-0.49999237060546875,False,-0.664283679145129,1.1121711730957031,-0.890625,2.4415369033813477,-2.1092185974121094
wildchat,3.875001907348633,False,1.5330913211602282,0.7742061614990234,2.390625,5.827807426452637,-3.3952224254608154
wildchat,3.500001907348633,False,2.889408978302379,4.349452972412109,3.5,1.6049033403396606,-3.0116164684295654
wildchat,-6.499994277954102,False,-1.4599952133617526,-5.691598892211914,-2.390625,-5.617708206176758,-1.943604588508606
wildchat,-1.499990463256836,False,-1.1555268371715068,-2.7143497467041016,-0.671875,-5.043607711791992,-3.5234386920928955
wildchat,2.6250038146972656,False,3.098567951937099,4.337709426879883,3.46875,1.290639042854309,-1.1198171377182007
wildchat,-4.499990463256836,False,0.17881371518603206,-4.106203079223633,-1.71875,-3.0143463611602783,-2.9198975563049316
wildchat,-3.2499923706054688,False,0.2966232103633415,-3.9421024322509766,-1.640625,-0.6752947568893433,-3.70880126953125
wildchat,2.6250038146972656,False,3.09068208590398,4.225011825561523,3.640625,1.3010298013687134,-0.5734789967536926
wildchat,-8.999992370605469,False,2.0850059814106485,0.016782760620117188,-6.625,0.3726731240749359,5.681264877319336
wildchat,-5.749994277954102,False,-5.995647259287395,-5.287557601928711,-1.84375,-6.167041778564453,-4.734495639801025
wildchat,-1.249990463256836,False,0.23050220358393592,2.2942543029785156,1.375,-4.048304080963135,4.940371513366699
wildchat,-4.999994277954102,False,0.048322220048251596,-4.097221374511719,-4.28125,-1.7587050199508667,-5.221492767333984
wildchat,-3.8749828338623047,False,0.23683197783411947,-2.471149444580078,-0.5625,-1.9272035360336304,-1.4373300075531006
wildchat,-5.124990463256836,False,-2.391458601047658,-4.779573440551758,-4.609375,-7.863307952880859,-4.00456428527832
wildchat,-2.2499923706054688,False,0.8248053169392671,-1.9260540008544922,1.0625,1.178209900856018,-2.949319839477539
wildchat,2.5000038146972656,False,3.604906488782248,3.675844192504883,3.40625,1.3558980226516724,-0.6534383296966553
wildchat,-6.499994277954102,False,-2.6035476782554072,-4.824155807495117,-8.265623092651367,-4.285022735595703,-2.6714816093444824
wildchat,-9.249992370605469,False,0.33497451012032964,-6.767335891723633,-8.828125,-0.8599909543991089,-2.1650137901306152
wildchat,-6.874994277954102,False,-4.030971989015957,-4.62489128112793,-4.6875,-5.624477386474609,-4.656524181365967
wildchat,-7.749992370605469,False,2.1744475063997104,-0.9767684936523438,-5.515625,0.05932244658470154,-0.33961743116378784
wildchat,-7.499992370605469,False,-4.169220396357479,-8.626401901245117,-7.078125,-2.8369369506835938,-4.004436492919922
wildchat,-1.6249942779541016,False,0.8149154576337378,-2.6739234924316406,-0.875,-2.0273056030273438,-3.5727992057800293
wildchat,-7.99998664855957,False,-1.7463047748525131,-7.5463104248046875,-9.437498092651367,-8.694226264953613,-4.771084308624268
wildchat,0.25000572204589844,False,6.008929914544717,7.750896453857422,-0.25,9.350777626037598,0.2530319094657898
wildchat,-0.6249961853027344,False,-1.825843816323905,-0.08588027954101562,-2.265625,0.3418312966823578,-3.5595149993896484
wildchat,-2.624990463256836,False,-0.5001202470789486,-1.6219024658203125,-1.609375,-6.556129455566406,-0.04627609625458717
wildchat,-7.499990463256836,False,-2.0100757135985727,-1.7750358581542969,-6.828123092651367,-2.1823997497558594,-4.211390018463135
wildchat,5.500001907348633,False,1.4598818994692657,4.869678497314453,5.828125,3.5437393188476562,6.149272441864014
wildchat,-6.124990463256836,False,-1.3490400412512362,-3.0389175415039062,-5.265625,-2.091371536254883,-2.0406551361083984
wildchat,1.8750038146972656,False,3.6231793103521506,3.304830551147461,2.96875,1.5515800714492798,2.009732484817505
wildchat,0.7500038146972656,False,-1.5234038315251646,-1.8190231323242188,0.921875,0.8571025133132935,-3.040375232696533
wildchat,-9.624988555908203,False,-0.3720708311383558,-2.2758922576904297,-3.296875,0.2907963693141937,-2.0298562049865723
wildchat,-1.6249942779541016,False,-2.4523554264807106,-3.482698440551758,-4.84375,-4.907742500305176,-3.5876822471618652
wildchat,-9.499988555908203,False,-4.229045849676447,-6.464998245239258,-11.187494277954102,-8.863338470458984,-5.507820129394531
wildchat,-3.3749923706054688,False,-1.5908602128554779,-2.9893264770507812,0.46875,-7.729852199554443,-3.4680328369140625
wildchat,-6.749988555908203,False,0.5663567809132153,-1.7600650787353516,-1.1875,-0.6695927381515503,-2.7366979122161865
wildchat,-2.8749942779541016,False,-2.516091919762947,-1.0857429504394531,-0.890625,3.627152919769287,2.0890016555786133
wildchat,-4.249992370605469,False,0.5835805843987065,-1.6857070922851562,-0.484375,-2.7468490600585938,-3.284092903137207
wildchat,1.6250038146972656,False,3.645800656564245,3.1990928649902344,2.921875,1.2983800172805786,2.0268759727478027
wildchat,-1.7499923706054688,False,-2.119377797073862,-1.5791606903076172,-4.375,-7.669607162475586,-3.3858299255371094
wildchat,1.1250057220458984,False,3.5755756725271155,3.441469192504883,2.3125,1.21871817111969,2.2625932693481445
wildchat,-2.7499942779541016,False,-1.96382902689025,-1.7490215301513672,-0.828125,2.0712780952453613,2.2734804153442383
wildchat,-2.2499923706054688,False,-1.0870494841944696,-2.8357410430908203,1.40625,0.8017779588699341,-2.4700920581817627
wildchat,-2.874990463256836,False,-0.69156933623493,-3.207304000854492,0.703125,0.268725723028183,-2.250394582748413
wildchat,1.5000038146972656,False,3.5472254513316095,3.491037368774414,2.546875,0.7174392938613892,2.474170207977295
wildchat,-5.374994277954102,False,1.0345955198457164,-3.369873046875,-1.234375,1.036077618598938,2.9478366374969482
wildchat,-0.24999237060546875,False,3.9058788282102537,7.219724655151367,1.0625,9.440757751464844,7.431635856628418
wildchat,-3.6249923706054688,False,-2.5254055194124687,-6.231283187866211,-0.9375,-3.763558864593506,-3.660806655883789
wildchat,-8.874992370605469,False,-3.803259472531992,-8.592586517333984,-9.156248092651367,-7.807122230529785,-6.040075778961182
wildchat,3.0000038146972656,False,-0.6085362378636164,4.777704238891602,1.03125,-0.11462607979774475,3.859382152557373
wildchat,-3.999980926513672,False,-1.904369768273166,-3.0962963104248047,-5.859375,-4.066158294677734,-3.9437055587768555
wildchat,0.25000762939453125,False,1.011822447686029,0.6646022796630859,2.859375,7.916847229003906,-0.76506507396698
wildchat,-7.249994277954102,False,1.0343399735793806,-5.619476318359375,-3.6875,-2.66693115234375,-3.2092418670654297
wildchat,-2.9999961853027344,False,-3.4352531290423363,-3.7280712127685547,-3.15625,1.512935757637024,4.742854118347168
wildchat,-8.624990463256836,False,-3.1932656472374505,-7.316892623901367,-6.21875,-2.9534244537353516,-2.157461166381836
wildchat,-4.8749847412109375,False,-0.5780249922905611,-1.0690231323242188,-4.375,-1.1276599168777466,-1.2821276187896729
wildchat,-3.749988555908203,False,0.7206204409842842,1.9169292449951172,-6.390625,-4.106136322021484,-3.92592716217041
wildchat,-0.37499237060546875,False,1.8291758724577727,-1.7780780792236328,1.734375,-1.9291704893112183,-1.779542088508606
wildchat,-0.9999923706054688,False,-0.17604885749215993,-2.481456756591797,0.859375,-8.161097526550293,-3.0036535263061523
wildchat,0.6250057220458984,False,0.5352665419743543,-2.7727489471435547,0.296875,-9.803812980651855,-3.5183496475219727
wildchat,-7.624994277954102,False,-3.2322134612841333,-4.9448394775390625,-5.65625,-3.132335662841797,-4.114778518676758
wildchat,-0.7499923706054688,False,-3.1291787669714184,-3.240123748779297,1.765625,5.647121906280518,-2.290466547012329
wildchat,-2.4999942779541016,False,-1.5188831510956766,7.058271408081055,0.09375,-3.2957887649536133,-4.743188858032227
wildchat,-3.749988555908203,False,0.030291035449498516,-2.3700809478759766,-0.390625,2.1103386878967285,-3.4139795303344727
wildchat,1.7500019073486328,False,0.019960476525361814,-1.1343212127685547,1.78125,2.0656890869140625,1.0812792778015137
wildchat,-8.499992370605469,False,-5.154170581701377,-1.7873802185058594,-6.578125,-3.608491897583008,-4.836368083953857
wildchat,-6.124992370605469,False,-1.643930411881745,-4.0472869873046875,-9.53125,-8.32853889465332,-4.433290958404541
wildchat,-1.6249942779541016,False,-5.839309189279404,-2.5079917907714844,-0.109375,-6.073690414428711,-3.294509172439575
wildchat,-7.249994277954102,False,2.3707470122794083,-5.960338592529297,-2.34375,-2.362060546875,1.2402801513671875
wildchat,-4.499988555908203,False,0.11634313330514168,-1.45220947265625,-2.828125,1.972589373588562,-3.4139795303344727
wildchat,-0.6249942779541016,False,0.653426374822651,-3.708181381225586,1.875,-3.70401930809021,-0.1607179194688797
wildchat,-0.7499923706054688,False,0.35615081443080143,-4.6578216552734375,1.375,-4.7526960372924805,-1.0210036039352417
wildchat,-5.499994277954102,False,-3.509646196683083,-4.152187347412109,-3.4375,-2.239452362060547,-4.521756172180176
wildchat,-3.874998092651367,False,0.11982893028551822,-5.373594284057617,-1.5,0.20407304167747498,-0.04921017959713936
wildchat,-6.874994277954102,False,-1.692975075408734,-4.2045745849609375,-5.5,-5.612966537475586,-3.334472179412842
wildchat,-7.999994277954102,False,-3.2322134612841333,-5.230405807495117,-6.71875,-4.218803405761719,-4.504875659942627
wildchat,-2.4999942779541016,False,-0.6085135333836831,-3.360837936401367,2.46875,-1.7497996091842651,-0.14262934029102325
wildchat,-6.124990463256836,False,-4.750418813736959,-4.017812728881836,-1.671875,-1.221469759941101,-5.460074424743652
wildchat,-4.499988555908203,False,0.1625198080048882,-1.1724300384521484,-2.640625,1.9550012350082397,-3.4139795303344727
wildchat,-6.374990463256836,False,1.732333048770024,1.9700355529785156,-3.828125,3.4418134689331055,3.7234864234924316
wildchat,-3.2499923706054688,False,0.9629588123842361,-2.6509323120117188,-3.03125,0.34199342131614685,-3.45231032371521
wildchat,-4.999988555908203,False,0.15334699012410935,-0.8113269805908203,-3.03125,2.238938808441162,-3.4139795303344727
wildchat,-2.3749923706054688,False,-3.1414389574476504,-5.285001754760742,0.65625,-12.165000915527344,-3.3194429874420166
wildchat,-4.999990463256836,False,-4.245319274345013,-5.9582366943359375,0.5,-11.289928436279297,-3.4772415161132812
wildchat,0.8750038146972656,False,-0.19591053266827796,-2.6668968200683594,-1.765625,3.129958152770996,1.0959042310714722
wildchat,-8.124988555908203,False,-2.712380859832474,0.45517730712890625,-6.890625,-2.949026107788086,-4.064962863922119
wildchat,1.7500038146972656,False,3.7376689998930726,3.4225502014160156,3.28125,1.8737283945083618,2.7890877723693848
wildchat,-2.1249923706054688,False,-0.8973446161916565,3.767240524291992,-2.296875,-0.05370798707008362,7.002224922180176
wildchat,-5.37498664855957,False,0.42052438607111764,-1.1416397094726562,-3.296875,1.9858318567276,-3.4139795303344727
wildchat,-1.1249923706054688,False,-2.9115196281103586,-4.6749114990234375,2.09375,-3.3079991340637207,-3.258212089538574
wildchat,1.1250038146972656,False,1.1868845384068856,0.8273906707763672,-0.609375,3.6295509338378906,4.622649192810059
wildchat,-1.9999961853027344,False,2.811214674174612,-1.9800357818603516,2.484375,8.341121673583984,5.992737770080566
wildchat,1.7500057220458984,False,-0.44839585184963615,-1.1143245697021484,-0.5,0.026764005422592163,-4.411079406738281
wildchat,-5.24998664855957,False,0.4219783560854877,-1.0320358276367188,-3.234375,2.3819656372070312,-3.4139795303344727
wildchat,1.1250038146972656,False,0.07023038543191285,-0.5451602935791016,5.109375,1.3264762163162231,-2.5041146278381348
wildchat,1.2500038146972656,False,2.5188325431622474,0.24293136596679688,6.90625,7.478926658630371,6.3481059074401855
wildchat,-5.374990463256836,False,-1.3473424366720548,-4.0639495849609375,-7.0625,-4.992818832397461,-5.495017051696777
wildchat,-4.62498664855957,False,0.1173841930724231,-1.2987689971923828,-1.921875,2.517376184463501,-3.4139795303344727
wildchat,-6.6249847412109375,False,-0.4325348881970783,-1.1295700073242188,-0.453125,-2.4071950912475586,-1.636902928352356
wildchat,-10.624990463256836,False,-3.4359500440176527,-6.023380279541016,-9.703125,-5.123193740844727,-4.606502532958984
wildchat,-5.124994277954102,False,0.16995531666117047,-5.705163955688477,-2.15625,-0.7395495176315308,-3.4722535610198975
wildchat,1.1250019073486328,False,0.491658993293816,0.01842498779296875,3.515625,2.6946630477905273,4.590029239654541
wildchat,-6.62498664855957,False,-3.969903148089819,-5.517736434936523,-6.703125,-7.057807922363281,-1.1484454870224
wildchat,-3.3749942779541016,False,0.7026950460315733,-1.9406147003173828,-1.703125,-5.709281921386719,-2.380434513092041
wildchat,-8.499990463256836,False,-3.7147050382427453,-6.285282135009766,-7.921875,-2.490144729614258,-4.785907745361328
wildchat,-8.24998664855957,False,-5.6505555767097,-2.654874801635742,-11.515619277954102,-7.576452255249023,-5.868485450744629
wildchat,0.12500762939453125,False,-3.0970492756015116,-2.6555862426757812,-3.359375,-0.841277003288269,-3.582017660140991
wildchat,-9.12498664855957,False,-0.33896667005827696,-3.7525405883789062,-6.84375,-3.489349365234375,-1.844940185546875
wildchat,-4.499992370605469,False,0.10565715676228682,0.7249641418457031,-0.625,-2.441441535949707,-3.6137592792510986
wildchat,-5.749990463256836,False,-2.644580736031213,-0.9722938537597656,1.46875,0.4590388238430023,-1.6209723949432373
wildchat,-3.9999923706054688,False,-3.970061385367944,-1.2474727630615234,-3.171875,-5.264786720275879,-4.266167163848877
wildchat,-6.374994277954102,False,-5.437872333164858,-4.881130218505859,-6.765625,-5.133941650390625,-4.083976745605469
wildchat,3.125001907348633,False,0.164382181630917,0.10013961791992188,0.46875,2.469707489013672,2.5241026878356934
wildchat,3.750001907348633,False,0.8770827432806494,-1.840301513671875,6.84375,6.311684608459473,3.231433391571045
wildchat,-4.999992370605469,False,-3.7719597546351116,-3.7906112670898438,-4.75,-1.7157076597213745,-4.668207168579102
wildchat,-4.499992370605469,False,-6.640211223968696,-6.035619735717773,-9.531248092651367,-2.81290340423584,-4.755228519439697
wildchat,-7.124992370605469,False,-2.567092808141255,-3.8951950073242188,-4.5625,0.554754376411438,-2.365851640701294
wildchat,3.000001907348633,False,1.1949880508776054,-1.8593883514404297,6.578125,10.26016616821289,3.8328285217285156
wildchat,-5.624994277954102,False,-1.6513691072822105,-3.310821533203125,-3.71875,0.5245038270950317,-3.461200714111328
wildchat,-4.124994277954102,False,-0.34129124458356763,-4.270195007324219,-3.765625,0.581217885017395,-3.125227928161621
wildchat,2.000001907348633,False,1.3732945355590702,-0.4123802185058594,0.53125,3.416682243347168,4.809823036193848
wildchat,-3.7499942779541016,False,0.1353828990897472,-4.638574600219727,-4.53125,-2.1159324645996094,-2.868582248687744
wildchat,-1.3749942779541016,False,-3.0643772221064287,-1.6262397766113281,-0.109375,-0.9499489068984985,-3.349991798400879
wildchat,-2.1249961853027344,False,1.410364503836339,-2.994873046875,-0.359375,0.26867493987083435,1.4076132774353027
wildchat,-7.999994277954102,False,-2.1375044512818957,-5.051244735717773,-4.3125,-1.6015299558639526,-3.317077875137329
wildchat,1.1250038146972656,False,-3.158526830086562,-4.218589782714844,0.15625,-6.322781562805176,-3.2425103187561035
wildchat,-8.124994277954102,False,-0.5286226066680536,-5.201961517333984,-3.015625,-1.8538073301315308,-3.1759655475616455
wildchat,-5.874994277954102,False,-0.22254671822602434,-2.7080764770507812,-2.875,-4.241260528564453,-3.9138574600219727
wildchat,0.8750057220458984,False,-2.4241055033240486,-5.085084915161133,0.015625,-7.372560977935791,-3.377910614013672
wildchat,-0.49999237060546875,False,-3.235059742718378,-4.290611267089844,-1.359375,-8.716524124145508,-3.3419716358184814
wildchat,-0.12499427795410156,False,-3.0966537989367415,-4.482698440551758,-0.875,-9.23272705078125,-3.3719558715820312
wildchat,-1.6249942779541016,False,-4.132442977905269,-2.3315963745117188,-0.890625,-3.4840526580810547,-2.569124221801758
wildchat,-9.124994277954102,False,2.231429854520858,-2.3311614990234375,-4.359375,-0.859028697013855,-3.570610523223877
wildchat,-3.624990463256836,False,-0.7690275620016008,-3.509235382080078,-3.625,-7.056623935699463,-3.8529605865478516
wildchat,0.5000057220458984,False,-2.361775983488119,-4.888572692871094,0.0,-10.593984603881836,-3.3851661682128906
wildchat,-6.8749847412109375,False,-0.7150039562968444,-1.5716667175292969,-4.71875,-1.2003992795944214,1.3700039386749268
wildchat,-9.499990463256836,False,1.0708777051741964,-3.7579917907714844,-1.875,-3.058856964111328,-4.614656448364258
wildchat,0.7500057220458984,False,-3.2872125198793856,-5.121469497680664,-0.328125,-13.292447090148926,-3.444230079650879
wildchat,-1.6249942779541016,False,-0.5014421737910022,-5.958763122558594,-0.109375,-7.7201738357543945,-2.9475514888763428
wildchat,5.7220458984375e-06,False,-3.783220795405292,-4.806196212768555,-0.5,-10.671974182128906,-3.4341700077056885
wildchat,-1.4999961853027344,False,-1.827963393857325,-5.1749114990234375,-1.40625,1.9032965898513794,-0.8251265287399292
wildchat,5.7220458984375e-06,False,-2.9376052147643374,-4.946821212768555,-0.515625,-11.712323188781738,-3.347964286804199
wildchat,-1.4999961853027344,False,0.44086565192242744,-4.226741790771484,2.296875,2.4802703857421875,-0.9704567193984985
wildchat,-0.49999427795410156,False,0.1340487478217962,0.7660140991210938,1.59375,2.178950548171997,-1.3574278354644775
wildchat,-7.3749847412109375,False,-0.3584102070801478,-0.9325218200683594,-5.703125,0.4765644967556,0.5284180641174316
wildchat,-6.124992370605469,False,-2.5002888066726827,-5.462446212768555,-2.75,-7.378909111022949,-4.309992790222168
wildchat,-1.4999961853027344,False,-2.0238133495066335,-4.809164047241211,-1.390625,3.538949966430664,-0.5549037456512451
wildchat,-9.374988555908203,False,-4.415526356578268,-4.977544784545898,-9.546873092651367,-6.451104164123535,-4.860136032104492
wildchat,-1.2499923706054688,False,-1.6659424552222954,0.6258811950683594,2.453125,-3.61030912399292,-0.8796520233154297
wildchat,-4.999988555908203,False,1.1789094068333947,-2.334552764892578,-2.125,5.935834884643555,1.1976253986358643
wildchat,-4.249988555908203,False,0.07808292184994081,1.1186447143554688,2.3125,-0.34219351410865784,3.684262752532959
wildchat,-0.6249942779541016,False,0.9175481252362172,0.4826641082763672,1.84375,-2.007558822631836,6.691483020782471
wildchat,-3.1249942779541016,False,-1.370266287172678,-1.6867351531982422,-3.421875,1.5724774599075317,-3.879270076751709
wildchat,-7.249990463256836,False,-1.127109803953034,-4.465301513671875,-8.609375,-2.9074878692626953,-3.385188579559326
wildchat,-1.7499942779541016,False,-1.7240475116312912,-3.5258922576904297,-0.1875,0.6113651990890503,-3.4892985820770264
wildchat,-1.6249885559082031,False,3.4702609960680055,4.760305404663086,-0.1875,0.5551415681838989,7.188868522644043
wildchat,-1.7499923706054688,False,-2.635883393144124,-1.2060432434082031,-1.59375,-1.0439680814743042,-3.349991798400879
wildchat,-1.3749942779541016,True,-3.182288149507145,-4.347219467163086,0.4375,-11.498409271240234,-3.8481712341308594
wildchat,0.37500572204589844,False,-2.219644278196659,-4.237087249755859,-0.078125,-7.741339683532715,-3.346756935119629
wildchat,-3.3749923706054688,False,-2.650752656169243,-7.109066009521484,-4.328125,-4.9082818031311035,-3.4476752281188965
wildchat,-6.749992370605469,False,-3.5647049146969385,-6.326173782348633,-3.515625,-6.082599639892578,-4.856568813323975
wildchat,2.0000038146972656,False,-2.186617826458535,-4.145227432250977,-2.203125,-4.945356845855713,-3.1427721977233887
wildchat,-5.124990463256836,False,-2.188614099378021,-0.40244483947753906,-3.671875,0.22733697295188904,-4.252348899841309
wildchat,0.5000057220458984,False,-1.2508391015594733,-1.9499073028564453,2.09375,-2.9688756465911865,-3.40258526802063
wildchat,0.5000057220458984,False,-2.9590139663501134,-5.1010894775390625,-1.09375,-9.042314529418945,-3.4111132621765137
wildchat,0.37500572204589844,False,-2.9392365547440336,-4.885307312011719,-0.859375,-9.308545112609863,-3.4248106479644775
wildchat,-2.7499942779541016,False,-1.97599064513281,-1.8043060302734375,-2.78125,1.4521828889846802,-1.568214774131775
wildchat,-4.999990463256836,False,-1.3066678012734665,-3.0985584259033203,-2.71875,-0.8896740674972534,4.358219146728516
wildchat,-5.249994277954102,False,0.7134570166663285,-3.1173782348632812,-1.875,2.697587013244629,2.89835786819458
wildchat,-2.9999923706054688,False,-2.9545072947864295,-5.480569839477539,0.5,-10.948452949523926,-3.452489137649536
wildchat,0.25000572204589844,False,-1.440575533239371,-4.721576690673828,-0.734375,-7.312544822692871,-3.3916878700256348
wildchat,-3.7499923706054688,False,-1.3380372698713867,-1.965301513671875,-1.875,-4.232560634613037,-3.241199016571045
wildchat,-3.3749923706054688,False,1.8167818089555292,0.23790550231933594,-0.75,2.7085437774658203,-2.856640338897705
wildchat,-5.624994277954102,False,0.41989230781301146,-2.3521957397460938,-6.109375,3.8416919708251953,-2.7980728149414062
wildchat,-2.7499942779541016,False,-1.2599973080120859,-1.4354171752929688,-2.453125,-3.435859203338623,-3.2427995204925537
wildchat,-0.9999923706054688,False,-2.425661974199108,-3.7798690795898438,2.40625,-0.5773686170578003,-2.421032428741455
wildchat,-1.4999942779541016,False,-0.9566057080109952,-2.556110382080078,-0.265625,-1.1393800973892212,-3.5612974166870117
wildchat,-6.624994277954102,False,-0.8285226427735949,-4.871908187866211,0.734375,-1.2256630659103394,-3.5057311058044434
wildchat,-8.624992370605469,False,-4.2074602099987946,-5.6635894775390625,-6.703125,-5.486119270324707,-4.85642671585083
wildchat,-3.7499923706054688,False,-1.2589041001460635,-4.8957366943359375,-2.078125,-0.8987139463424683,-3.473114013671875
wildchat,0.12500762939453125,False,-2.975583324648693,0.11271095275878906,0.640625,-1.5933531522750854,-3.0712924003601074
wildchat,0.5000057220458984,False,-1.6103974632085531,-4.451330184936523,-0.015625,-6.421464920043945,-3.532078742980957
wildchat,-1.6249961853027344,False,-1.3444177521369345,-3.8416996002197266,0.140625,-3.0405330657958984,1.7225682735443115
wildchat,1.6250038146972656,False,-1.3334291924372539,-3.756044387817383,0.125,-7.519496440887451,-3.447911262512207
wildchat,2.0000038146972656,False,-1.456746647165113,-3.393339157104492,-0.375,-7.055482387542725,-2.9385929107666016
wildchat,-2.749988555908203,False,-1.5162630658852791,-0.14594268798828125,-1.578125,1.5969563722610474,-0.7742655277252197
wildchat,2.1250038146972656,False,-1.621756813010097,-3.5527992248535156,0.09375,-7.947049140930176,-3.4970126152038574
wildchat,-0.24999237060546875,False,-1.5185881359513622,-4.511819839477539,-2.34375,1.804740071296692,-3.4366455078125
wildchat,-2.1249961853027344,False,-1.9336114118761498,-2.996013641357422,-0.828125,-10.180521011352539,-4.274643898010254
wildchat,1.7500038146972656,False,-3.4691813207478113,-3.8140697479248047,0.109375,-8.626760482788086,-3.536128282546997
wildchat,5.750001907348633,False,2.5440889531382354,7.985328674316406,6.25,3.0622730255126953,6.353022575378418
wildchat,-1.9999923706054688,False,1.3517382011049761,3.9530029296875,-4.078125,-0.732894778251648,6.836758613586426
wildchat,2.2500038146972656,False,-3.144085317496513,-3.8285350799560547,0.515625,-7.802229881286621,-3.4790358543395996
wildchat,2.3750038146972656,False,-3.2213245090671605,-3.7671947479248047,0.59375,-7.276047229766846,-3.499676465988159
wildchat,-8.124992370605469,False,-1.570350788179077,-4.413917541503906,-6.25,-6.325558185577393,-4.674436569213867
wildchat,-1.4999923706054688,False,0.5847363906052154,4.272003173828125,-1.671875,-0.5790823698043823,6.943525314331055
wildchat,-8.124992370605469,False,0.9468256641512236,-5.263666152954102,-4.53125,-8.226673126220703,-3.7766008377075195
wildchat,-4.124994277954102,False,-1.6147793275111137,-4.145435333251953,-0.9375,-8.331564903259277,-3.126025676727295
wildchat,-3.7499923706054688,False,-0.7923292398216996,-2.397693634033203,-4.656248092651367,1.6709309816360474,-2.4481725692749023
wildchat,3.500001907348633,False,4.446216223329558,5.293031692504883,2.65625,5.175416946411133,3.4469380378723145
wildchat,-9.999988555908203,False,-2.247632770787681,-5.739963531494141,-8.609375,-6.771493911743164,-5.839229583740234
wildchat,-1.4999942779541016,False,-3.5881488484441544,-4.78996467590332,-0.65625,1.0386277437210083,-3.746201515197754
wildchat,-1.4999942779541016,False,-3.3271905742711043,-4.206413269042969,-0.453125,0.9076682329177856,-3.4446678161621094
wildchat,-7.624988555908203,False,-4.701925955054133,-5.558261871337891,-4.796875,-5.384474754333496,-5.2266364097595215
wildchat,0.25000572204589844,False,1.5827800921362594,-2.528789520263672,2.609375,-2.554941177368164,-2.96737003326416
wildchat,-7.124994277954102,False,-4.468449608979655,-6.34886360168457,-2.6875,-4.942416191101074,-4.407356262207031
wildchat,0.25000572204589844,False,1.5623138142987096,-1.306793212890625,-0.609375,-0.5993698835372925,-0.9682197570800781
wildchat,-0.6249961853027344,False,0.4879292457033324,-2.585742950439453,2.859375,5.704273223876953,3.499889373779297
wildchat,-7.624988555908203,False,-4.041167589919019,-3.686737060546875,-5.125,-4.0583038330078125,-3.7706780433654785
wildchat,-1.4999942779541016,False,-3.486720236115038,-4.53996467590332,-0.234375,0.7634536027908325,-3.3904192447662354
wildchat,-3.8749942779541016,False,-1.5830683518885489,-5.40931510925293,-0.3125,-6.739741325378418,-3.2172276973724365
wildchat,-2.4999961853027344,False,-3.82792498241331,-5.436836242675781,-1.1875,1.515034794807434,-1.2372243404388428
wildchat,-3.9999942779541016,False,-2.9640513883495077,-5.419075012207031,-1.046875,-6.633268356323242,-3.525815486907959
wildchat,-2.6249923706054688,False,-4.309914126320325,-5.183259963989258,-0.40625,-10.284324645996094,-3.3796308040618896
wildchat,-10.24998664855957,False,-4.857871317986712,-4.953224182128906,-10.156248092651367,-8.821731567382812,-5.899582862854004
wildchat,-2.1249961853027344,False,-2.2065135678018706,-4.849069595336914,-0.265625,3.0208396911621094,-0.3966868221759796
wildchat,-3.8749923706054688,False,-0.6572693184680777,-1.4264163970947266,-2.171875,-4.242762565612793,-3.8991081714630127
wildchat,-6.124994277954102,False,-4.4424386123746205,-5.639009475708008,-4.40625,-4.827240943908691,-4.2503862380981445
wildchat,1.8750038146972656,False,-2.846397203983084,-3.1169910430908203,0.5625,-7.056761741638184,-3.489638328552246
wildchat,-2.1249942779541016,False,-5.050271049532478,-4.928182601928711,-1.6875,-2.9444007873535156,-3.738201141357422
wildchat,-2.9999923706054688,False,-2.172486322131588,-3.4200820922851562,-4.859375,-6.162351608276367,-4.058168888092041
wildchat,-3.4999942779541016,False,0.43561099831880035,-2.3750991821289062,-3.125,-1.5969904661178589,-4.6073527336120605
wildchat,2.6250038146972656,False,-2.6737053222660405,-2.8039169311523438,0.75,-6.104952812194824,-3.5582597255706787
wildchat,-10.87498664855957,False,-1.7591846928638701,-5.800199508666992,-8.953125,-4.21794319152832,-3.6694650650024414
wildchat,-0.9999923706054688,False,-0.5656483231234519,-1.161306381225586,-4.265625,5.163015365600586,-2.950401544570923
wildchat,-4.499994277954102,False,-0.7134205241977442,-2.2493362426757812,-1.890625,3.6100521087646484,1.2068631649017334
wildchat,-5.624994277954102,False,-0.11310313363072888,-3.973785400390625,-3.390625,-1.4660090208053589,-4.309177398681641
wildchat,-1.9999942779541016,False,-3.7363221530274924,-2.7496089935302734,0.0625,-1.5168958902359009,-3.8258299827575684
wildchat,-3.9999961853027344,False,-1.4392635811360184,-6.388694763183594,-2.828125,1.5072957277297974,0.2756827473640442
wildchat,-0.7499942779541016,False,-1.7138868050814573,-3.2045745849609375,-6.53125,1.6805344820022583,-3.7841053009033203
wildchat,-1.9999942779541016,False,-0.7029636761192409,-0.557373046875,0.703125,2.930795669555664,-0.795377254486084
wildchat,-3.249990463256836,False,-1.6672757703721548,-2.3263320922851562,-2.5625,-0.4662894308567047,-3.750847339630127
wildchat,-2.624990463256836,False,-2.853835537917873,-2.1780052185058594,-0.328125,-1.9027279615402222,-2.66174578666687
wildchat,-1.1249923706054688,False,-2.8680238410671794,-0.1846904754638672,-0.265625,-1.2258938550949097,-3.021296262741089
wildchat,-5.374992370605469,False,0.4653832840268344,-3.4421024322509766,-4.59375,0.7330647706985474,-1.3683511018753052
wildchat,-3.1249942779541016,False,-2.2325223911225374,-3.641216278076172,-0.078125,-4.74693489074707,-4.756850242614746
wildchat,-6.374990463256836,False,-4.564959617207868,-4.992044448852539,-8.03125,-6.076183319091797,-2.6202926635742188
wildchat,-7.999994277954102,False,-3.691892087777614,-5.580699920654297,-3.421875,-5.347368240356445,-4.463423728942871
wildchat,-0.9999923706054688,False,-2.586905746002598,-0.12178230285644531,0.90625,-11.006346702575684,-0.4528031349182129
wildchat,-3.9999961853027344,False,-0.7976827817924289,-1.8155364990234375,-1.578125,2.5581588745117188,-0.17437884211540222
wildchat,-3.4999961853027344,False,-1.7079473996163488,-4.362203598022461,-0.65625,0.9862080812454224,-0.5625196695327759
wildchat,-3.3749961853027344,False,-1.2119748433859872,-4.447809219360352,-1.28125,1.563167691230774,-1.1192760467529297
wildchat,-10.49998664855957,False,-3.5723343575220285,-6.710956573486328,-9.109373092651367,-6.228290557861328,-5.185577869415283
wildchat,-8.749994277954102,False,-0.3089133797253951,-3.9217967987060547,-4.5625,-3.186798095703125,-2.467255115509033
wildchat,-2.999988555908203,False,-3.9022226783442813,-3.8311595916748047,-0.328125,-0.13788500428199768,-3.759861946105957
wildchat,-7.374992370605469,False,-4.398745010469982,-4.629951477050781,-8.6875,-7.224039077758789,-3.8644745349884033
wildchat,0.25000572204589844,False,-1.3467776116803631,-1.4433040618896484,2.03125,-4.17852783203125,-3.038644790649414
wildchat,-0.7499942779541016,False,-1.1551217841057282,-0.44190216064453125,-1.609375,-3.9068377017974854,-3.4901390075683594
wildchat,-2.7499923706054688,False,-2.2147946825157656,-3.5670433044433594,-0.9375,-2.052504539489746,-3.4379215240478516
wildchat,4.500001907348633,False,0.8315856496247551,1.4169292449951172,0.921875,7.205421447753906,5.658974647521973
wildchat,-5.249992370605469,False,2.614092304143324,3.203432083129883,-0.078125,0.7273579835891724,4.156642913818359
wildchat,-7.499990463256836,False,-4.432665388616996,-6.506355285644531,-5.171875,0.598129391670227,-4.565688133239746
wildchat,-7.374992370605469,False,-1.409044442398674,-4.620021820068359,-3.109375,-2.2833290100097656,-2.389798641204834
wildchat,2.1250038146972656,False,-0.6867143540916025,-0.07014846801757812,0.234375,-0.018182307481765747,-3.3678956031799316
wildchat,-2.9999961853027344,False,-0.9159453334112979,-3.2023582458496094,-3.6875,-2.5484161376953125,-1.0847845077514648
wildchat,-8.249994277954102,False,-1.5947315632850998,-4.232698440551758,-3.796875,-0.6801584959030151,-4.788295745849609
wildchat,-3.6249923706054688,False,2.8495789431514584,-5.28515625,-2.921875,-2.229290008544922,-2.1036853790283203
wildchat,-3.749980926513672,False,-0.4576591779185295,-3.0982913970947266,-1.015625,-2.3591837882995605,-2.4732468128204346
wildchat,1.5000038146972656,False,-2.877844419703611,-3.3694400787353516,0.640625,-6.55907678604126,-3.6183555126190186
wildchat,-6.374992370605469,False,-1.1687165404867208,-0.8700218200683594,-4.25,-5.15130615234375,-4.904524326324463
wildchat,-1.6249942779541016,False,-1.5761851140183574,-4.578044891357422,-0.03125,-1.2492188215255737,0.28448551893234253
wildchat,-7.374992370605469,False,-1.5447580717426426,-6.129007339477539,-9.671873092651367,-9.24987506866455,-5.106732368469238
wildchat,-5.624996185302734,False,0.3381782455384099,-2.2686614990234375,-2.28125,-0.1908492147922516,-1.4161068201065063
wildchat,-2.999990463256836,False,-4.832687892658134,-2.987844467163086,0.25,-9.788370132446289,-4.59974479675293
wildchat,-3.374990463256836,False,-4.7789154447932,-3.352336883544922,-0.5,-8.262752532958984,-4.513874053955078
wildchat,-6.124994277954102,False,0.8836155709243256,-3.5807456970214844,-1.5625,-3.344745635986328,-4.356918811798096
wildchat,-3.6249923706054688,False,-2.1686221995851676,-5.181364059448242,-2.671875,-3.8783986568450928,-4.280520915985107
wildchat,-6.624988555908203,False,-0.16457202240258728,-1.0537757873535156,-6.5625,-1.4293173551559448,0.0029663890600204468
wildchat,-8.874994277954102,False,-0.7726486014425301,-5.817102432250977,-2.390625,-2.052530288696289,1.4255146980285645
wildchat,-3.1249942779541016,False,-1.505447781791425,-3.916748046875,-2.3125,-1.8853338956832886,-3.331177234649658
wildchat,-0.6249942779541016,False,-1.0129764510892603,-2.0107078552246094,1.28125,-0.0440310537815094,-3.1635448932647705
wildchat,-1.3749923706054688,False,-1.7953325391331165,-4.473350524902344,0.109375,-7.368999481201172,-1.7466349601745605
wildchat,-5.374994277954102,False,-4.774998391640343,-6.301265716552734,-4.15625,-5.831437110900879,-4.733589172363281
wildchat,5.7220458984375e-06,False,-0.5563127132184806,-1.6835174560546875,1.3125,-2.999643325805664,-3.8653969764709473
wildchat,-5.749994277954102,False,-1.4676271090953326,-4.223320007324219,-1.6875,1.2982007265090942,-2.3309149742126465
wildchat,2.1250038146972656,False,1.4277124023113565,8.688146591186523,1.609375,6.4354681968688965,-0.03821634501218796
wildchat,-4.749988555908203,False,-2.4706606119459122,-6.842649459838867,-0.21875,-8.250892639160156,0.7517557740211487
wildchat,1.5000038146972656,False,-2.8282904104778277,-3.277263641357422,0.6875,-6.058769702911377,-3.495232105255127
wildchat,-8.249992370605469,False,1.0078086410790517,-4.031711578369141,-10.53125,1.0066453218460083,-2.8554131984710693
wildchat,1.1250038146972656,False,-2.820370164676077,-2.4811573028564453,0.65625,-8.394733428955078,-3.4483048915863037
wildchat,-9.374988555908203,False,-4.917390029170321,-5.822477340698242,-6.640625,-8.608531951904297,-5.740277290344238
wildchat,-4.249992370605469,False,-0.5034266419749358,-5.442043304443359,0.671875,-10.616805076599121,-3.2835566997528076
wildchat,-4.874990463256836,False,-2.363266546693529,-0.33141136169433594,-1.84375,1.8688641786575317,-0.6873412132263184
wildchat,-2.3749942779541016,False,-1.762639326561224,-6.295352935791016,-0.59375,-12.110723495483398,-4.133403301239014
wildchat,-5.374994277954102,False,-5.3378214345066155,-3.697694778442383,0.03125,-1.7127875089645386,-2.552553176879883
wildchat,-9.999988555908203,False,-3.932715980652559,-4.873899459838867,-7.890625,-5.620121002197266,-5.590660095214844
wildchat,-4.374990463256836,False,-2.004369514586202,-3.033201217651367,-0.21875,2.1766629219055176,-3.5358428955078125
wildchat,-4.999996185302734,False,-2.713081540260866,-7.402256011962891,-2.5,-1.6651638746261597,-3.455991744995117
wildchat,-1.3749942779541016,False,-2.4092138492771435,0.5552253723144531,0.9375,-1.8548673391342163,-0.6115636825561523
wildchat,-9.749992370605469,False,-4.460784334277121,-4.860109329223633,-7.484375,-4.606821060180664,-4.922646999359131
wildchat,-3.2499942779541016,False,1.6599962003256505,-3.840953826904297,-3.5625,1.8062039613723755,1.8970930576324463
wildchat,-6.874992370605469,False,-3.1174781187840797,-1.630319595336914,-7.375,-6.238523483276367,-5.495939254760742
wildchat,-8.624990463256836,False,-3.028745125343363,-4.904197692871094,-8.203125,-6.360569953918457,-5.152920722961426
wildchat,-5.624992370605469,False,1.0852968966425809,-5.519041061401367,-3.140625,-5.982757568359375,-3.2601237297058105
wildchat,-0.6249942779541016,False,-2.838097904107644,-2.523273468017578,-1.078125,-3.6060566902160645,-3.349473237991333
wildchat,-9.499990463256836,False,-2.102152551107397,-4.047407150268555,-6.515623092651367,-3.326213836669922,2.488370895385742
wildchat,-7.749992370605469,False,-2.267819700629035,-3.2184410095214844,-6.25,-4.639377593994141,-4.511530876159668
wildchat,-9.999988555908203,False,-7.223019755540656,-3.7199134826660156,-6.578125,-6.100334167480469,-5.278169631958008
wildchat,-2.124990463256836,False,0.8126704922685641,-2.602193832397461,-0.578125,2.102353096008301,3.360011577606201
wildchat,-0.24999427795410156,False,-2.8534490665294285,-1.4435462951660156,2.046875,3.661337375640869,-1.4718127250671387
wildchat,-3.1249923706054688,False,-3.461421715193561,2.797975540161133,-2.390625,2.1996841430664062,-4.533961296081543
wildchat,2.500001907348633,False,1.735451190139851,-0.994873046875,2.90625,4.685848236083984,1.943513035774231
wildchat,-3.9999961853027344,False,-1.0479869331786489,-4.457695007324219,-1.28125,1.3707104921340942,0.4355078935623169
wildchat,-3.874988555908203,False,-0.5819728357930052,-5.692535400390625,-2.015625,-3.8942081928253174,-0.08853032439947128
wildchat,-1.1249942779541016,False,-2.605098338985692,-4.9233245849609375,0.171875,4.481942176818848,-3.5638718605041504
wildchat,-8.124990463256836,False,-3.608715711889139,-5.362699508666992,-3.140625,-2.6856021881103516,-4.472648620605469
wildchat,-3.7499923706054688,False,-0.06226970693059841,-2.5308399200439453,-4.28125,1.6835061311721802,-2.4766287803649902
wildchat,-4.499990463256836,False,0.4254666883277243,-3.7342967987060547,-3.375,-5.274785995483398,-3.3559072017669678
wildchat,-8.49998664855957,False,-2.9434637739698553,-3.480569839477539,-7.906246185302734,-7.556239128112793,-5.363607406616211
wildchat,-6.499988555908203,False,-2.212526305464262,-2.027263641357422,-3.828125,-2.771474838256836,-2.940298557281494
wildchat,-0.9999942779541016,False,-1.4447945152968622,-0.026123046875,1.109375,-6.743651390075684,-0.1503160446882248
wildchat,-2.249990463256836,False,-1.056694474549793,-0.9588699340820312,-2.953125,0.07305869460105896,4.4014081954956055
wildchat,-0.3749961853027344,False,0.898389145635784,-0.5274448394775391,-1.921875,-0.09827795624732971,-1.8856360912322998
wildchat,-1.4999923706054688,False,0.38968587571240776,0.6256637573242188,0.8125,-4.101515769958496,-2.5363526344299316
wildchat,-3.8749866485595703,False,-0.6581189326811545,1.414224624633789,-0.59375,3.201216220855713,-1.9986941814422607
wildchat,-2.9999866485595703,False,-0.6098946945392114,1.5850391387939453,-0.109375,3.881406784057617,-2.0153145790100098
wildchat,-9.87498664855957,False,-2.3216572085998592,-3.3416690826416016,-9.109375,-2.4930620193481445,-5.838724613189697
wildchat,-9.874980926513672,False,-0.7272750117885987,-1.0788593292236328,-6.78125,-2.872638702392578,-4.153942584991455
wildchat,-1.8749923706054688,False,-0.9444337870682,-4.990682601928711,-1.390625,0.3781910836696625,-2.8981823921203613
wildchat,-4.624994277954102,False,-3.4021935382573245,-3.882070541381836,-2.546875,-3.1962738037109375,-3.735914707183838
wildchat,-9.249988555908203,False,0.004381554930321441,-6.135297775268555,-4.53125,-7.2844648361206055,-4.025327205657959
wildchat,1.0000038146972656,False,0.28320290459542696,2.3592758178710938,2.046875,4.516549110412598,1.7758684158325195
wildchat,3.814697265625e-06,False,-3.03551147083665,-2.6457958221435547,-0.796875,-2.1054272651672363,-3.54966402053833
wildchat,-3.374988555908203,False,-2.1577159950658693,-2.102193832397461,-5.0,-1.9524892568588257,-3.869359016418457
wildchat,-5.249988555908203,False,-4.451058661778822,-3.208181381225586,-7.390625,-3.2931604385375977,-4.139036655426025
wildchat,-2.9999942779541016,False,-2.32735762380771,-3.271768569946289,0.125,-10.709872245788574,-3.2647082805633545
wildchat,-7.624992370605469,False,-1.253807785387669,-4.536285400390625,-6.375,-5.824001312255859,-2.0749399662017822
wildchat,-8.62498664855957,False,0.16547077993534165,-5.89453125,-3.875,-5.031561374664307,-3.965439796447754
wildchat,-8.374990463256836,False,-3.8073277078691525,-6.4582366943359375,-4.796875,-1.6678866147994995,-4.672235012054443
wildchat,-4.874992370605469,False,0.8236871056673369,1.8953914642333984,-1.296875,-1.9188779592514038,-3.0737977027893066
wildchat,-4.999979019165039,False,2.0202610571305435,-0.5813369750976562,-4.640625,-0.8074420690536499,5.545855522155762
wildchat,-6.8749847412109375,False,-3.7318426008814756,-0.9862308502197266,-3.28125,-0.6412767171859741,-3.6444320678710938
wildchat,-6.124988555908203,False,-1.5395293858394705,-2.818645477294922,-5.765625,-1.7352546453475952,-2.196127414703369
wildchat,-5.624988555908203,False,1.4828492923727052,-1.7947921752929688,-0.1875,-3.135329246520996,-3.7099108695983887
wildchat,-4.874994277954102,True,-3.78203245801416,-5.4219970703125,-2.53125,-8.625985145568848,-3.545060634613037
wildchat,-2.7499961853027344,False,-1.5373503494235647,-6.637096405029297,-2.671875,1.4646979570388794,-0.2945956289768219
wildchat,-6.374990463256836,False,1.2910928713629606,-2.4757919311523438,-2.796875,-0.7335032224655151,1.643325924873352
wildchat,-2.9999961853027344,False,-0.7520170450412038,-5.634363174438477,-2.28125,0.8809300661087036,-0.8341810703277588
wildchat,-0.9999942779541016,False,-1.8283178996539589,-3.1488685607910156,-1.1875,-5.1573967933654785,-3.68179988861084
wildchat,-8.499994277954102,False,-1.5666661569762654,-2.9247169494628906,-4.78125,1.9747868776321411,2.7008137702941895
wildchat,-2.499988555908203,False,1.6933183367659852,-0.9592914581298828,-1.375,1.2928916215896606,-1.5475471019744873
wildchat,-2.7499961853027344,False,-0.7134606795566252,-6.650819778442383,-1.96875,-0.5193995237350464,-0.11258344352245331
wildchat,-0.6249942779541016,False,-0.7829057091302967,-4.710086822509766,1.4375,-1.5164363384246826,-3.342902183532715
wildchat,-3.2499961853027344,False,-1.1929536784071608,-6.945169448852539,-1.859375,-0.07786932587623596,-0.7844600677490234
wildchat,-8.499990463256836,False,4.2602424876310465,-2.5499114990234375,-2.265625,3.405864715576172,-1.5220649242401123
wildchat,-2.2499942779541016,False,-0.05697285190119272,-6.208292007446289,-0.75,-1.7348562479019165,0.8243120908737183
wildchat,-7.124994277954102,False,-2.393365666767778,-0.42197418212890625,0.671875,0.5666295289993286,0.031103570014238358
wildchat,-7.499996185302734,False,-1.7543989230242758,-5.135099411010742,-4.453123092651367,-2.6204452514648438,-4.396685600280762
wildchat,-8.62498664855957,False,-1.1038017187358056,-3.1931400299072266,-3.59375,0.35406503081321716,-2.912984609603882
wildchat,1.3750038146972656,False,-3.8785902952714046,-0.6534404754638672,2.5,-13.922063827514648,-3.5878119468688965
wildchat,0.37500572204589844,False,0.2575927610238862,-3.4327335357666016,1.390625,-0.4269355833530426,-3.8052878379821777
wildchat,-1.6249923706054688,False,-2.8851256406722907,-2.218090057373047,-0.40625,-1.1173259019851685,-3.021296262741089
wildchat,-4.749994277954102,False,-2.0018765037055077,-6.566457748413086,-3.921875,-2.2949695587158203,-1.0903701782226562
wildchat,-5.624990463256836,False,-3.4265727021859025,-0.7490215301513672,-0.375,3.695667266845703,-2.231631278991699
wildchat,-3.2499961853027344,False,-0.4161623066447878,-3.313962936401367,0.125,-0.7843283414840698,-1.6293575763702393
wildchat,-2.7499942779541016,False,-3.0955786155367475,-3.781169891357422,0.015625,-8.086067199707031,-3.9285402297973633
wildchat,-7.499979019165039,False,-4.9695147665644175,-3.243694305419922,-8.28125,-4.806154251098633,-5.31114387512207
wildchat,-1.8749942779541016,False,-1.0105392362888939,-4.670469284057617,-1.078125,-4.112443923950195,-4.1696319580078125
wildchat,-3.3749961853027344,False,-0.04568891456586899,-4.730232238769531,-1.578125,0.05851373076438904,-0.4933367371559143
wildchat,-2.3749923706054688,False,1.0165313703379246,0.5755043029785156,-0.84375,-2.4240942001342773,-3.463890552520752
wildchat,-10.374988555908203,False,-7.986217295650118,-5.858697891235352,-7.9375,-4.613048553466797,-3.944833278656006
wildchat,-3.3749961853027344,False,-1.374120592187441,-4.60938835144043,-2.59375,-0.6081598997116089,-0.2846600115299225
wildchat,-4.499994277954102,False,0.26166259916072865,0.28656768798828125,-2.15625,-1.744587779045105,0.01612250879406929
wildchat,-3.1249961853027344,False,-0.5913025639646895,-7.7655029296875,-3.3125,0.07763490080833435,-0.5862159729003906
wildchat,-4.999973297119141,False,-3.1406866087762566,-0.35744667053222656,-4.8125,-5.684152603149414,-4.648283004760742
wildchat,-2.7499961853027344,False,-1.5810601434320912,-6.432184219360352,-3.25,-0.5173014402389526,-0.6019711494445801
wildchat,-11.249984741210938,False,-6.284615638002023,-7.126731872558594,-11.281248092651367,-6.505623817443848,-5.304252624511719
wildchat,-2.6249961853027344,False,-0.8047342796546103,-6.757755279541016,-2.65625,-0.7322825193405151,-0.5053062438964844
wildchat,-2.9999923706054688,False,1.5074908214934186,2.0355453491210938,-0.203125,-1.7443941831588745,-3.3510196208953857
wildchat,-1.8749923706054688,False,-1.784694519257131,-1.5354785919189453,0.953125,-1.8521815538406372,-3.190884590148926
wildchat,-2.7499961853027344,False,-0.950574377132561,-3.721464157104492,-3.171875,-0.6759175062179565,-0.22142763435840607
wildchat,-2.4999961853027344,False,-0.9880924626929467,-6.952447891235352,-3.75,0.6543694734573364,-0.5359306335449219
wildchat,-4.624994277954102,False,1.0542345514240392,1.7667903900146484,-1.734375,-1.892342448234558,-0.00608530268073082
wildchat,-1.499990463256836,False,1.7136975086466675,-2.427225112915039,-0.46875,1.1897870302200317,-1.9315838813781738
wildchat,-11.24998664855957,False,-6.116374009321132,-7.175199508666992,-11.390625,-6.165689468383789,-5.593513488769531
wildchat,-1.7499961853027344,False,-1.5494319582687657,-7.419946670532227,-3.625,1.1425772905349731,-0.25685083866119385
wildchat,-2.1249961853027344,False,-1.6143635643763263,-7.182069778442383,-3.484375,1.4432193040847778,-0.17516526579856873
wildchat,-0.9999942779541016,False,0.13092165022596602,2.68609619140625,-0.921875,-0.025962740182876587,3.489020347595215
wildchat,-0.6249923706054688,False,3.1879909740406536,6.003381729125977,0.171875,8.334172248840332,5.700417995452881
wildchat,1.5000038146972656,False,3.0152522244713804,3.074024200439453,3.0625,1.3777202367782593,-1.751434564590454
wildchat,-1.9999961853027344,False,-1.5914374719504603,-7.475400924682617,-4.234375,1.0762768983840942,-0.26851725578308105
wildchat,-1.9999961853027344,False,-1.3180868095168903,-7.01820182800293,-3.84375,1.6623183488845825,-0.17625275254249573
wildchat,-6.499988555908203,False,-0.7841348857342931,-4.984966278076172,-2.859375,-2.6718387603759766,-3.0869669914245605
wildchat,-6.874992370605469,False,-3.0068684162514407,-6.082523345947266,-3.203125,-1.475951075553894,-4.9880828857421875
wildchat,-10.624988555908203,False,-3.528279667682244,-4.714511871337891,-8.875,-4.342434883117676,-5.255827903747559
wildchat,-10.74998664855957,False,-4.187085801997951,-6.778266906738281,-9.421875,-6.5243730545043945,-5.540063858032227
wildchat,-2.1249961853027344,False,-0.9615831445537166,-6.142673492431641,-2.03125,1.018570065498352,-0.3078978657722473
wildchat,-6.124994277954102,False,1.534910494193621,-3.451242446899414,-6.46875,0.8084107637405396,2.041459083557129e-05
wildchat,-1.4999923706054688,False,-1.721394454265297,-0.30388450622558594,0.328125,-1.0282498598098755,-3.190884590148926
wildchat,-3.4999961853027344,False,-1.008765610460089,-7.8592529296875,-2.578125,0.6732522249221802,-0.6509304046630859
wildchat,-2.7499942779541016,False,2.0763191441293047,-3.4268264770507812,-0.96875,-1.495512843132019,0.6760416626930237
wildchat,-3.7499961853027344,False,-1.4208612492134938,-7.689029693603516,-2.71875,0.11143502593040466,-1.0107675790786743
wildchat,-3.4999961853027344,False,-0.8805335793081259,-5.711116790771484,-1.90625,0.31374940276145935,-1.0014158487319946
wildchat,-5.624996185302734,False,-1.4901481337464388,-4.479679107666016,-4.140625,0.037515729665756226,-3.8133602142333984
wildchat,-5.749996185302734,False,-1.4901481337464388,-4.207523345947266,-4.375,-1.8336981534957886,-3.6213603019714355
wildchat,-5.374990463256836,False,0.7392272585492268,-4.114185333251953,-4.234375,-3.7516679763793945,0.8608733415603638
wildchat,-4.624996185302734,False,-2.081805040992361,-7.939365386962891,-2.140625,1.4130545854568481,-0.1620205044746399
wildchat,-0.9999923706054688,False,1.8409556218611678,1.571767807006836,0.203125,2.336231231689453,1.4301681518554688
wildchat,-4.249996185302734,False,-2.0795421796934868,-7.737791061401367,-2.125,0.21803292632102966,-0.3438355326652527
wildchat,-0.7499923706054688,False,2.388346667444557,-2.382040023803711,-0.375,0.08959683775901794,-1.64658522605896
wildchat,-5.499992370605469,False,-0.7267735501913821,-4.710086822509766,-6.640625,-4.250585556030273,-2.303952217102051
wildchat,0.5000057220458984,False,2.500299219175125,1.9998779296875,-0.078125,2.4184257984161377,0.45637252926826477
wildchat,-4.749996185302734,False,-2.4558830628349693,-6.92494010925293,-2.125,2.4851999282836914,-0.5904460549354553
wildchat,-3.9999961853027344,False,-2.3119301680196402,-4.882667541503906,-0.5625,1.4681626558303833,0.36019718647003174
wildchat,-6.249992370605469,False,-1.7228543163033345,-1.7066707611083984,-2.015625,-6.271482467651367,-5.186342239379883
wildchat,-0.24999427795410156,False,1.148106999591876,2.7984886169433594,2.953125,2.49479341506958,1.0961145162582397
wildchat,-11.749980926513672,False,-3.117571550193791,-3.4436302185058594,-11.265623092651367,-3.4048566818237305,-5.162150859832764
wildchat,-7.499988555908203,False,-4.107237612419759,-0.9891834259033203,-9.1875,-5.243501663208008,-4.751703262329102
wildchat,-4.624996185302734,False,-2.0666801778663797,-4.199605941772461,-1.671875,0.8936959505081177,0.3642779290676117
wildchat,-3.4999961853027344,False,-2.0766293552127406,-6.705671310424805,-2.34375,-1.5107115507125854,-0.7752863168716431
wildchat,-7.749992370605469,False,-1.960188912862278,-0.14783668518066406,-5.09375,-3.093057632446289,-1.191061019897461
wildchat,-1.1249961853027344,False,0.14164649929412043,-0.1811962127685547,4.0,-0.6396311521530151,-4.484583854675293
wildchat,-0.24999237060546875,False,2.6665778455677556,2.20245361328125,-0.765625,2.6459336280822754,0.48762449622154236
wildchat,-4.249994277954102,False,-0.9051493236100489,-4.902278900146484,-1.65625,-1.7278441190719604,-4.15445613861084
wildchat,-0.12499427795410156,True,-1.8845528226126356,-1.701242446899414,0.96875,-8.817460060119629,-3.5510449409484863
wildchat,5.125,False,5.370925047601942,5.924860000610352,4.171875,5.985190391540527,5.541579246520996
wildchat,-0.3749961853027344,False,-2.224799889563645,-3.5718212127685547,2.140625,-1.507379412651062,-4.599970817565918
wildchat,-0.8749923706054688,False,-3.1895308085520333,-1.9839401245117188,-2.578125,-2.646106719970703,-3.5815253257751465
wildchat,-0.6249923706054688,False,3.3541702431753837,3.4189453125,1.6875,1.1689330339431763,3.276498794555664
wildchat,5.0,False,5.71703866100874,5.830600738525391,4.015625,6.6149492263793945,5.591316223144531
wildchat,-2.9999961853027344,False,-0.9746493788520912,-7.371030807495117,-2.625,0.15269479155540466,-0.21818943321704865
wildchat,2.0000038146972656,False,3.3473701791051376,5.805488586425781,2.34375,5.395590782165527,-0.5360586643218994
wildchat,-6.999988555908203,False,-0.18142648478945134,2.024942398071289,-0.40625,5.132198333740234,6.519189357757568
wildchat,-1.9999923706054688,False,-1.5654624836382676,3.1459522247314453,1.109375,-0.2914637625217438,-3.5665736198425293
wildchat,1.7500038146972656,False,3.4865587798915687,5.575605392456055,1.9375,5.124966621398926,-1.0961978435516357
wildchat,-7.6249847412109375,False,-4.667776860064569,-5.539007186889648,-8.296875,-12.142964363098145,-5.17071533203125
wildchat,-3.4999961853027344,False,-1.7151649841032748,-6.683971405029297,-0.859375,0.21223077178001404,-0.4880344867706299
wildchat,0.3750038146972656,False,-3.125264061104927,-0.5888328552246094,2.40625,-9.834256172180176,-3.7586259841918945
wildchat,-0.7499904632568359,False,1.4855469993921202,4.625158309936523,-0.78125,5.598742485046387,3.043741226196289
wildchat,-2.7499961853027344,False,-2.394526863170875,-6.638574600219727,-2.90625,-0.23692122101783752,-0.6870221495628357
wildchat,-2.2499942779541016,False,-0.9416020060889836,-6.150726318359375,-0.609375,2.2867212295532227,-3.4396934509277344
wildchat,-2.374988555908203,False,-0.9419528444713479,-5.605400085449219,0.09375,-0.64387047290802,-3.191638946533203
wildchat,-5.249994277954102,False,-1.4454440313991632,-1.7642478942871094,-2.828125,-2.5495948791503906,-2.3219103813171387
wildchat,-0.24999427795410156,False,0.24580795104548336,1.7311630249023438,0.8125,0.4483719766139984,-3.511052131652832
wildchat,-7.124990463256836,False,-5.7670831586151685,-7.425628662109375,-7.640625,-5.260549545288086,-5.181119918823242
wildchat,-4.624994277954102,False,-0.5590145745355908,-2.077360153198242,0.0625,1.116597294807434,0.8347577452659607
wildchat,-2.1249942779541016,False,-2.533984046324023,-6.504543304443359,-0.78125,-0.5359858274459839,-3.548412799835205
wildchat,-0.49999427795410156,False,0.21256538100388878,1.7275981903076172,1.75,1.3734503984451294,-3.1786904335021973
wildchat,-2.7499961853027344,False,-0.8211222706988675,-6.151271820068359,-2.203125,0.510015606880188,-0.4131913483142853
wildchat,-3.499988555908203,False,-0.8189240649752951,-0.9643497467041016,-1.875,0.34614571928977966,-2.5274176597595215
wildchat,-3.9999942779541016,False,-2.230951819509765,-5.553182601928711,-0.453125,-3.6480884552001953,-3.6093664169311523
wildchat,-7.124992370605469,False,-0.9862704713783439,-2.6358566284179688,-8.9375,-6.370050430297852,-1.9044835567474365
wildchat,1.8750038146972656,False,1.485626494842738,1.755706787109375,-0.46875,4.7983222007751465,-0.3032883405685425
wildchat,-3.874988555908203,False,-3.150745675309237,-1.9017219543457031,-1.90625,1.2260171175003052,-0.24545972049236298
wildchat,-2.8749923706054688,False,4.590233644974056,-1.8433361053466797,-1.359375,-1.1497420072555542,2.363582134246826
wildchat,-8.124990463256836,False,-4.075298771906549,-6.352619171142578,-8.125,-6.949605941772461,-5.590995788574219
wildchat,-7.249992370605469,False,-0.10586822059436196,-4.247652053833008,-6.65625,-1.616784930229187,-4.857086181640625
wildchat,-5.374994277954102,False,-1.3810099248443974,-4.935293197631836,-2.734375,-1.9130133390426636,-4.4842143058776855
wildchat,-6.749994277954102,False,-1.5589454655107633,-6.568088531494141,-0.375,-2.580991744995117,-3.8118088245391846
wildchat,0.37500572204589844,False,-0.6471387016383459,-1.989431381225586,1.078125,-3.310479164123535,-2.9637207984924316
wildchat,-6.499990463256836,False,-5.5387944289284,-5.105136871337891,-3.109375,-3.4582204818725586,-2.6613683700561523
wildchat,-1.8749885559082031,False,-1.4309428543714209,-0.37483978271484375,-3.65625,-3.9689197540283203,-3.597700595855713
wildchat,-7.624979019165039,False,-2.3454324988023565,0.32105445861816406,-5.46875,-4.935792922973633,-3.783799171447754
wildchat,-5.499992370605469,False,1.7969707182441301,0.35058021545410156,-3.234375,-1.1085280179977417,1.9911434650421143
wildchat,-1.1249923706054688,False,0.14440126973645273,-2.6499881744384766,-0.703125,-4.715278625488281,-3.670997142791748
wildchat,-1.6249961853027344,False,-1.3773493989941237,-2.449676513671875,-3.3125,-5.326033592224121,-4.092306137084961
wildchat,-5.249992370605469,False,-3.6617240169005534,-3.7498912811279297,-2.109375,-4.061248302459717,-4.531232833862305
wildchat,-3.6249923706054688,False,-1.5725999989340758,-4.324953079223633,-6.1875,-4.99040412902832,-4.037412643432617
wildchat,-6.249992370605469,False,-2.5765029030028086,-2.637453079223633,-4.5625,-0.9871586561203003,-3.4085769653320312
wildchat,1.0000038146972656,False,-0.15067838325061933,1.5546703338623047,0.609375,0.5711907148361206,6.4008097648620605
wildchat,-5.374992370605469,False,3.3874690834875603,0.8349552154541016,-1.609375,3.3673667907714844,7.187496662139893
wildchat,-4.499994277954102,False,-2.603306720170651,-1.4976654052734375,0.53125,4.9448089599609375,5.89166259765625
wildchat,-2.249990463256836,False,1.9074215400293288,-3.3316688537597656,-3.03125,0.3300618827342987,5.481278896331787
wildchat,-1.999990463256836,False,-1.922019888295783,-1.9264755249023438,-2.515625,0.8177605867385864,-3.332564115524292
wildchat,-1.4999885559082031,True,-2.499266687580678,-3.4041996002197266,-0.3125,-12.134806632995605,-3.5086936950683594
wildchat,-5.249992370605469,False,3.3929065773849123,-3.871480941772461,-1.71875,-0.4751395285129547,2.8940391540527344
wildchat,-2.8749942779541016,False,-2.2376757975323125,-7.894657135009766,-2.078125,-1.0655487775802612,-3.4521307945251465
wildchat,0.2500038146972656,False,3.1071222277497847,5.181367874145508,-0.8125,2.872891664505005,5.888152122497559
wildchat,-10.374988555908203,False,-4.279860383604376,-6.087614059448242,-6.59375,-4.837076187133789,-3.966524124145508
wildchat,-1.4999942779541016,False,-1.0863623217871805,-0.3295860290527344,-3.796875,3.6743412017822266,-3.2666354179382324
wildchat,-2.4999923706054688,False,-4.347117310029726,-4.871028900146484,-2.671875,-7.844847202301025,-4.718190670013428
wildchat,-2.6249961853027344,False,2.012750985527804,-3.663320541381836,0.8125,2.0819854736328125,2.6392641067504883
wildchat,-1.9999923706054688,False,-0.025086600559752092,-1.1383781433105469,-4.546875,1.4576588869094849,-3.7877461910247803
wildchat,-3.499988555908203,False,-0.4283002361659942,-4.988918304443359,-0.65625,-10.77319049835205,-3.593534469604492
wildchat,-1.1249961853027344,False,-2.4113083799087747,-2.457653045654297,0.75,2.603598117828369,-3.3191418647766113
wildchat,-2.1249923706054688,False,0.03486653069165402,-1.7550582885742188,1.125,-0.7328552007675171,-3.1325583457946777
wildchat,-4.499992370605469,False,-1.8453571876504697,-3.9039154052734375,-2.46875,-1.4793051481246948,-2.900005578994751
wildchat,-8.749988555908203,False,-2.0015372060108803,-4.218791961669922,-5.65625,-3.580660820007324,-3.3098559379577637
wildchat,-3.4999942779541016,False,1.3400978709493734,-0.07228851318359375,-0.015625,3.2532968521118164,2.009359359741211
wildchat,-1.8749942779541016,False,-1.3817435387969814,1.6017265319824219,-0.1875,-2.804011344909668,-0.19069012999534607
wildchat,-8.37498664855957,False,-3.968566815415574,-7.748714447021484,-5.046875,-3.3855743408203125,-4.727291107177734
wildchat,-2.124990463256836,False,-3.701393872393818,-1.537118911743164,0.03125,-2.787991523742676,-3.555373191833496
wildchat,-1.8749923706054688,False,0.8770653614093018,-2.5308589935302734,1.1875,-3.0099353790283203,-0.6971771121025085
wildchat,-8.749979019165039,False,-3.785536515392174,1.6990680694580078,-7.6875,-4.657414436340332,-5.119888782501221
wildchat,-7.499994277954102,False,0.4190799891318331,-4.939538955688477,-1.609375,-2.0700693130493164,-3.6662793159484863
wildchat,-10.999984741210938,False,-7.339179891145458,-7.066598892211914,-10.781248092651367,-5.513946533203125,-5.757589817047119
wildchat,-4.99998664855957,False,-4.010639936842081,1.7141799926757812,-1.125,-3.5047073364257812,1.314697265625
wildchat,1.6250038146972656,False,1.5491450630643626,2.6400814056396484,6.84375,1.0929757356643677,-1.796722412109375
wildchat,0.5000057220458984,False,-0.6279997152065685,-1.6260147094726562,0.453125,-1.4115489721298218,-3.1702606678009033
wildchat,-5.124992370605469,False,-4.152596502655715,-5.32801628112793,-5.234375,-0.10554495453834534,-2.8058743476867676
wildchat,-4.374994277954102,False,-2.033796418140905,-2.9468212127685547,-1.984375,0.25469693541526794,-1.5653566122055054
wildchat,-3.124990463256836,False,-0.1645659719210859,1.2383689880371094,-6.578125,-3.5757665634155273,-0.9171856641769409
wildchat,-4.749980926513672,False,-5.161833016578981,-4.820491790771484,-5.015625,-4.3870344161987305,-3.5642964839935303
wildchat,5.000001907348633,False,2.2684137261600466,1.787637710571289,3.703125,1.0495387315750122,3.665297508239746
wildchat,-3.2499942779541016,False,-2.56296448096892,-2.7324466705322266,0.0625,0.30775460600852966,-2.7369327545166016
wildchat,-5.874996185302734,False,0.35595975103818556,-0.8258781433105469,-0.796875,1.1045771837234497,-1.547194004058838
wildchat,-7.124990463256836,True,0.3708312123769244,-6.742042541503906,-7.40625,-4.407001495361328,-3.7482399940490723
wildchat,-0.9999961853027344,False,-0.33592244606227406,-0.9536571502685547,1.578125,4.660375595092773,-3.562589168548584
wildchat,-3.4999942779541016,False,-2.1514122983462363,-0.9767417907714844,1.328125,-0.03688231110572815,5.707480430603027
wildchat,-0.9999923706054688,False,-0.6497686126094668,0.14150619506835938,-0.703125,0.7393351793289185,-3.260648012161255
wildchat,-7.374990463256836,False,-2.113153995314468,-5.832515716552734,-5.75,-4.758871078491211,-3.618412971496582
wildchat,-3.624980926513672,False,-3.5513087432396526,-5.544944763183594,-1.640625,-4.777909278869629,-3.296017646789551
wildchat,-8.874990463256836,False,-1.6130679353849489,-6.229681015014648,-5.890625,-4.8755950927734375,-4.603066921234131
wildchat,-1.9999942779541016,False,-2.6490844262237525,-5.929849624633789,-0.40625,-6.365575313568115,-4.183095932006836
wildchat,-8.499990463256836,False,-1.0033930076834643,-4.7260894775390625,-6.15625,-5.178867340087891,-4.136938571929932
wildchat,-3.6249923706054688,False,1.5044857035839005,1.6510791778564453,-1.609375,1.9806541204452515,1.8210108280181885
wildchat,-5.74998664855957,False,-3.63939645627777,-2.391193389892578,-5.75,1.1559745073318481,-2.9970450401306152
wildchat,-6.374992370605469,False,0.8974687721789756,0.4145355224609375,-4.265625,0.13890275359153748,1.2607775926589966
wildchat,-0.9999942779541016,False,2.164146837373929,-2.025543212890625,-1.359375,-2.257065773010254,-3.5835342407226562
wildchat,-4.374994277954102,False,-2.491933944792109,-3.8107872009277344,-2.265625,-1.9201315641403198,-1.0589075088500977
wildchat,-8.874990463256836,False,2.6433291907050016,1.5951557159423828,-4.703125,0.32859334349632263,6.353736877441406
wildchat,-2.374990463256836,False,-4.081157699018166,-2.847433090209961,-6.625,0.40430960059165955,2.697859048843384
wildchat,-2.9999923706054688,False,-4.208557269590926,-3.8374462127685547,1.1875,-5.366792678833008,-4.376425743103027
wildchat,-8.749988555908203,False,-1.2198449292558764,-6.107969284057617,-4.265625,-5.5560150146484375,-5.229244232177734
wildchat,0.37500572204589844,False,-0.7352514919320358,-1.566183090209961,0.734375,-1.3474452495574951,-3.1712639331817627
wildchat,-8.124988555908203,False,-4.322760345690106,-4.617349624633789,-7.624998092651367,-4.308769226074219,-4.7261857986450195
wildchat,-4.999982833862305,False,-4.65040153096614,0.0863189697265625,-5.84375,-5.421712875366211,-4.220737457275391
wildchat,-2.2499923706054688,False,-0.13027551801005988,-1.4462947845458984,0.90625,5.268573760986328,-2.611177921295166
wildchat,-7.99998664855957,False,-0.7618381254096264,0.5130500793457031,-0.640625,2.3159942626953125,4.6933746337890625
wildchat,-4.624990463256836,False,0.9193811362453561,-1.6375274658203125,-5.453125,2.5130538940429688,3.8520636558532715
wildchat,-3.3749942779541016,False,0.3353453249461651,-3.798828125,-2.21875,-3.210662841796875,-2.9358232021331787
wildchat,-7.124992370605469,False,-0.12116913983094535,-4.74199104309082,-5.796875,-0.2927931845188141,-1.6063077449798584
wildchat,-4.749990463256836,False,-0.270941574868903,-4.443855285644531,-2.296875,-5.464027404785156,-5.073012351989746
wildchat,-0.8749923706054688,False,-1.4461302911918184,-1.0472850799560547,0.046875,2.486095428466797,-3.6984167098999023
wildchat,-2.1249923706054688,False,-2.542523432004253,-2.628469467163086,-3.859375,-5.8378448486328125,-3.904649257659912
wildchat,-8.249992370605469,False,-1.1661859958486458,-4.789989471435547,-0.671875,-5.549825668334961,-4.728240013122559
wildchat,-3.1249923706054688,False,-0.2497761691073268,0.35878562927246094,-0.4375,-2.670140266418457,-1.896386981010437
wildchat,-5.624992370605469,False,-3.5535470041756367,-5.92578125,-3.890625,-5.02877140045166,-5.1565351486206055
wildchat,-1.2499942779541016,False,2.4014164657641146,-4.862846374511719,0.84375,-2.373356342315674,-2.4464282989501953
wildchat,-3.7499923706054688,False,-0.3753596451980066,-3.2077255249023438,-1.90625,-5.574018478393555,-3.6885554790496826
wildchat,-6.499990463256836,False,0.7180664136407315,2.308450698852539,-2.796875,1.8254815340042114,0.08770794421434402
wildchat,-1.4999942779541016,False,-2.2233122663330365,-3.6175613403320312,1.015625,-8.127178192138672,-2.9837350845336914
wildchat,-9.249982833862305,False,-0.5597826912281413,-1.8485584259033203,-6.140625,-1.77898108959198,4.170666217803955
wildchat,-7.624994277954102,False,-2.6750897151665134,-4.12890625,-2.5625,-1.1613348722457886,-4.3683180809021
wildchat,-4.249992370605469,False,-0.8629533360821089,-4.350963592529297,-2.78125,-7.561794757843018,-3.223823070526123
wildchat,-2.749990463256836,False,-1.8189140824951093,-2.195859909057617,0.03125,-4.915034294128418,-0.7957204580307007
wildchat,-2.7499923706054688,False,-3.8208293845686727,0.3157176971435547,1.453125,-4.409173011779785,-2.252978563308716
wildchat,-3.3749923706054688,False,-4.088462708214381,-0.6155128479003906,2.171875,-3.830479383468628,-3.231456995010376
wildchat,-10.249984741210938,False,-2.9741307090271225,-8.246488571166992,-9.59375,-7.91922664642334,-5.816162586212158
wildchat,-1.7499942779541016,False,-3.9521930749736844,-3.122652053833008,0.3125,-5.046722888946533,-3.4589498043060303
wildchat,-2.624990463256836,False,-0.6298404544909646,-1.5617332458496094,-2.9687442779541016,-2.6024322509765625,-3.0378470420837402
wildchat,-6.249994277954102,False,0.6308994778984724,-5.090414047241211,-6.796875,1.2039214372634888,-2.073810577392578
wildchat,-5.999994277954102,False,1.5084462991537124,-5.276910781860352,-7.390625,0.9397088289260864,-2.0482122898101807
wildchat,1.1250038146972656,False,-7.148936683213998,1.8366260528564453,-0.78125,-2.7734692096710205,-3.9980411529541016
wildchat,-2.2499923706054688,False,-1.8451468290613668,-5.381650924682617,0.390625,-7.811524391174316,-2.500211715698242
wildchat,-3.749988555908203,False,1.4863215191825467,1.849456787109375,-0.171875,2.072425365447998,4.340152263641357
wildchat,-5.499994277954102,False,0.4078201098902414,-4.085248947143555,1.203125,-1.1357773542404175,0.004385452717542648
wildchat,-8.749994277954102,False,1.0242425523930099,-6.400934219360352,-3.953125,-2.1319141387939453,-3.6003522872924805
wildchat,-8.499992370605469,False,-0.9084755360041918,-5.067043304443359,-6.375,-3.978923797607422,-4.824080467224121
wildchat,-4.999992370605469,False,-2.7868243858411486,-4.255035400390625,-1.046875,-3.8630313873291016,-3.6657631397247314
wildchat,-3.8749923706054688,False,0.38725127045864527,3.3749008178710938,-4.0625,1.6526156663894653,2.6942715644836426
wildchat,-6.499992370605469,False,0.4698569503756509,-2.8094043731689453,-2.59375,-1.762506365776062,-0.5457817912101746
wildchat,0.7500038146972656,False,1.957145975407321,-2.1466617584228516,-0.859375,-1.5208815336227417,-3.5049386024475098
wildchat,-0.9999942779541016,False,0.7727250551486005,-4.463623046875,0.78125,-0.7768590450286865,1.3470573425292969
wildchat,0.8750057220458984,False,0.9377320963698945,-2.4478092193603516,-1.625,0.5498296022415161,-3.7720136642456055
wildchat,-2.9999923706054688,False,-0.36733455987331554,-3.229248046875,-5.03125,-2.6697731018066406,-3.697390556335449
wildchat,-4.124990463256836,False,1.074008202546089,3.5175552368164062,-3.0,-0.03648987412452698,2.717283248901367
wildchat,-7.749994277954102,False,-6.554683767944344,-8.998836517333984,-7.484373092651367,-6.179217338562012,-4.116448402404785
wildchat,-7.124992370605469,False,-0.5229141055994613,-2.0816688537597656,-4.1875,-4.120143890380859,2.182464122772217
wildchat,-0.7499942779541016,False,-0.6993867932903575,-4.388948440551758,0.03125,-10.726163864135742,-3.584986686706543
wildchat,-4.999994277954102,False,-0.44870411290034684,-3.2036571502685547,-4.734375,-4.343650817871094,-5.059273719787598
wildchat,-0.8749904632568359,False,0.5638705650207554,-4.995599746704102,-0.765625,-6.297586441040039,-3.0231099128723145
wildchat,-3.999990463256836,False,-0.29490992246543835,0.3148479461669922,-2.421875,3.1243953704833984,3.6659886837005615
wildchat,-6.249992370605469,False,-0.9110519017796077,-2.277263641357422,-5.609375,0.29399117827415466,-2.4871368408203125
wildchat,-0.4999961853027344,False,-0.7496177694533643,-2.7222957611083984,-0.4375,-2.0640735626220703,-3.769397497177124
wildchat,-4.749992370605469,False,-2.4746738672200586,-3.800931930541992,-2.453125,-4.430479049682617,-3.2541918754577637
wildchat,-6.374982833862305,False,-3.3492292285052994,-1.4184284210205078,-1.75,0.9921656847000122,-1.825056791305542
wildchat,-7.499994277954102,False,-1.0912246123024887,-6.388694763183594,-7.359375,-6.423362731933594,-5.290741920471191
wildchat,-1.1249942779541016,True,-2.0557960755011226,-0.9858741760253906,-0.15625,-7.132859230041504,-3.699986457824707
wildchat,0.12500572204589844,True,-0.7507722840125532,-3.6455764770507812,0.03125,-16.349422454833984,-2.9199562072753906
wildchat,-2.999988555908203,False,-3.0545141036037613,-1.6309223175048828,-3.1875,-3.1122941970825195,-2.434854030609131
wildchat,1.0000038146972656,False,-1.9635717580127365,-4.575328826904297,-0.296875,-4.530682563781738,-2.917897939682007
wildchat,-2.249988555908203,False,-0.6220124653108442,-4.092868804931641,-0.5,-3.7020087242126465,-1.7234504222869873
wildchat,0.37500572204589844,False,-2.896252692166619,-3.6555843353271484,0.515625,-14.683671951293945,-3.70454740524292
wildchat,-2.124990463256836,False,-1.602642637274119,-4.931196212768555,0.15625,-2.5523719787597656,-3.693194627761841
wildchat,-0.49999237060546875,False,-2.915445405469211,-3.146770477294922,0.03125,-2.294347047805786,-3.1850812435150146
wildchat,5.7220458984375e-06,False,-1.943969301031084,-1.7928886413574219,-0.0625,-5.126852035522461,-3.7978649139404297
wildchat,-2.7499923706054688,False,-2.697524663073491,-3.967987060546875,-1.734375,-3.577040195465088,-3.7089452743530273
wildchat,-0.3749961853027344,False,-3.2929403166817073,-3.8014774322509766,-0.375,-7.70329475402832,-3.643989086151123
wildchat,0.5000038146972656,False,2.8755440607813485,0.4206352233886719,3.328125,3.6228995323181152,2.4689135551452637
wildchat,-2.749990463256836,False,-0.5876333641820587,2.2902774810791016,0.5,6.642541408538818,1.7501308917999268
wildchat,1.0000038146972656,False,-2.061266371536556,-1.738424301147461,0.328125,-4.147378921508789,0.8088784217834473
wildchat,1.7500038146972656,False,-2.365269810745364,0.15011215209960938,2.234375,0.35320690274238586,-1.5390008687973022
wildchat,-9.124990463256836,False,-7.54190472959292,-5.486423492431641,-8.21875,-4.58449649810791,-3.9699859619140625
wildchat,-6.874992370605469,False,-4.047852483220972,-5.466699600219727,0.53125,5.355752944946289,-1.0782030820846558
wildchat,0.6250038146972656,False,1.5603974363802562,4.612545013427734,0.921875,7.293018341064453,8.052574157714844
wildchat,-7.124990463256836,False,-0.9143269159841825,-2.0808372497558594,-1.703125,2.032663345336914,-2.665034294128418
wildchat,-4.874996185302734,False,-1.3804223753969542,-4.6410369873046875,-1.234375,-2.2319788932800293,-0.16864299774169922
wildchat,-0.7499923706054688,False,-2.7501597974413325,-3.328859329223633,-2.78125,-2.5895004272460938,-3.4189553260803223
wildchat,-9.124992370605469,False,-3.6493678245289205,-0.7870540618896484,-7.59375,-3.5398216247558594,-3.7672111988067627
wildchat,-0.7499942779541016,False,-0.9306860796312546,-1.8559856414794922,-1.203125,-10.823846817016602,-3.5859127044677734
wildchat,1.8750038146972656,False,-1.5436580788034036,0.4780616760253906,2.453125,-0.234919935464859,-2.0347938537597656
wildchat,-0.9999961853027344,False,-2.077125844644623,-3.137178421020508,-0.78125,-0.3696177303791046,-3.3101806640625
wildchat,-1.3749942779541016,False,3.048201999673495,-2.5358524322509766,-0.4375,0.9377070665359497,3.4347774982452393
wildchat,-3.1249942779541016,False,-2.273321158811006,-4.743696212768555,-5.96875,-3.8512868881225586,-4.434087753295898
wildchat,-0.9999942779541016,False,-0.4673881297142597,-3.3368396759033203,1.515625,1.6616984605789185,-2.349435329437256
wildchat,-3.7499961853027344,False,-1.663135631564932,-3.6337947845458984,-1.59375,-2.2378387451171875,-2.9285354614257812
wildchat,-8.624980926513672,False,-5.494744601211293,-1.2349662780761719,-7.484375,-5.903282165527344,-4.3680009841918945
wildchat,-7.874994277954102,False,-0.7303647571946028,-6.193857192993164,-6.859375,-2.4567127227783203,-3.9413270950317383
wildchat,-6.499994277954102,False,-1.4458313299760333,-7.137641906738281,-3.53125,-4.937152862548828,-5.24416971206665
wildchat,-3.3749847412109375,False,0.8492904625470727,1.990987777709961,-0.3125,6.050900936126709,-1.0644211769104004
wildchat,-0.6249942779541016,True,-2.044529227294233,-0.6991386413574219,0.265625,-6.348015785217285,-3.699986457824707
wildchat,5.7220458984375e-06,False,-2.81197363875018,-1.3989849090576172,0.6875,-10.591840744018555,-3.76680064201355
wildchat,-6.874990463256836,False,1.4393790861412807,-3.6880321502685547,-5.703125,-2.5791823863983154,-2.218555212020874
wildchat,-4.624992370605469,False,0.13662513047827907,-4.610109329223633,2.65625,-1.6418169736862183,-1.9931464195251465
wildchat,-5.99998664855957,False,-4.88194792089798,-5.178230285644531,-7.999998092651367,-4.549590110778809,-5.696926593780518
wildchat,-8.874994277954102,False,-0.15094384781417824,-3.3215560913085938,-5.0,-3.8921709060668945,-0.11282680928707123
hard,-2.9999923706054688,False,0.08036010595343024,2.148122787475586,-0.78125,-2.9644041061401367,-2.8331894874572754
hard,-7.124988555908203,False,-0.11795399826702724,-0.9487247467041016,-3.40625,-1.6667689085006714,-0.6038482189178467
hard,-5.624992370605469,False,-0.5812481607475258,-0.2827796936035156,-4.3125,-0.9998854398727417,-4.169058799743652
hard,-5.374996185302734,False,0.43901432865400825,0.042842864990234375,-2.40625,-2.0861616134643555,-2.6243860721588135
hard,-2.9999942779541016,False,-0.22187770461201617,4.454004287719727,0.0625,-0.16328802704811096,-0.37338295578956604
hard,-5.624992370605469,False,-2.174123067974158,0.9378070831298828,-2.625,-2.6118125915527344,-3.2266955375671387
hard,-7.749992370605469,False,-3.2701570027499605,-1.253469467163086,-4.53125,-0.79527747631073,-2.5366146564483643
hard,-5.749996185302734,False,2.5503816633763696,4.788738250732422,0.671875,7.384490966796875,7.468478679656982
hard,-4.624992370605469,False,3.5010165191585036,3.2094287872314453,0.796875,-0.4960764944553375,-4.865570545196533
hard,-3.3749942779541016,False,0.28132514973388134,1.2539939880371094,-3.765625,-4.34173583984375,-1.5245766639709473
hard,-7.374994277954102,False,-2.928226011738782,-3.5780467987060547,-6.390625,-5.962599754333496,-2.967906951904297
hard,-4.374994277954102,False,-2.9900452106057793,2.9410266876220703,-0.53125,1.3956776857376099,-2.3378443717956543
hard,-1.3749961853027344,False,-2.4107050488933033,2.4584522247314453,4.109375,-3.385354995727539,-3.7566795349121094
hard,2.125001907348633,False,0.2067587278642058,5.877635955810547,4.5625,1.7592774629592896,2.939228057861328
hard,-6.499996185302734,False,0.8540972806626395,4.54583740234375,-4.21875,4.640166282653809,4.081310749053955
hard,-2.6249942779541016,False,2.7167402585791436,-3.710336685180664,4.390625,3.498044013977051,8.039873123168945
hard,1.3750019073486328,False,-0.20498372437659995,3.4428272247314453,0.953125,-3.5052995681762695,-3.6320676803588867
hard,-0.4999961853027344,False,-2.9336442439448653,0.136871337890625,-4.140625,1.534643292427063,5.631813049316406
hard,-4.124994277954102,False,4.244949632968571,3.663076400756836,3.421875,-0.6637381315231323,3.98966646194458
hard,-2.7499961853027344,False,5.748199185870982,-2.2147789001464844,0.875,6.8658599853515625,2.9576454162597656
hard,-0.24999427795410156,False,-0.2910199268433229,1.8732681274414062,-2.875,-5.2420759201049805,-1.7651063203811646
hard,5.5,False,1.8610054308924402,4.818803787231445,7.734375,-4.502863883972168,-1.5535507202148438
hard,-2.4999923706054688,False,5.250908660699726,4.990266799926758,-0.40625,7.267975807189941,3.561509609222412
hard,-7.749990463256836,False,-2.459296051158858,1.7459678649902344,-8.46875,1.2774420976638794,2.4913015365600586
hard,-1.8749923706054688,False,3.3719916049930987,4.20604133605957,-0.1875,5.9274444580078125,2.0805792808532715
hard,-2.8749923706054688,False,2.7091000509136576,2.414327621459961,-2.0,0.14102992415428162,-1.486072301864624
hard,-2.6249961853027344,False,2.807300163430953,3.1256752014160156,0.4375,2.390636444091797,1.1462162733078003
hard,-2.4999923706054688,False,-2.540399619843095,-0.0967864990234375,-2.953125,1.5420132875442505,-2.534693717956543
hard,-3.4999923706054688,False,-0.7204047959882458,-2.236757278442383,-2.84375,-2.8845653533935547,0.8094056844711304
hard,-0.7499942779541016,False,-0.23707607639460804,6.103658676147461,-3.40625,1.5466443300247192,6.453822135925293
hard,-2.7499942779541016,False,-2.8430147867862945,2.146272659301758,3.078125,-0.5749911069869995,-3.3482115268707275
hard,-2.2499923706054688,False,-3.1591905735323356,3.1088314056396484,-1.515625,-1.1457089185714722,-0.08532658219337463
hard,-3.4999942779541016,False,0.9945962100182097,2.141725540161133,0.609375,5.154378890991211,3.8971405029296875
hard,-5.749996185302734,False,2.4512453812407156,0.585723876953125,-3.03125,2.767157554626465,5.4521894454956055
hard,-2.3749942779541016,False,0.8488171972639564,5.245595932006836,3.078125,3.397303581237793,7.4867658615112305
hard,-3.4999961853027344,False,2.039555716490735,-1.5842704772949219,-2.21875,2.3379478454589844,0.36331743001937866
hard,1.1250019073486328,False,-0.9328599817967232,-0.15432167053222656,-0.984375,-4.740171432495117,-3.923757553100586
hard,-6.749992370605469,False,0.861929746408505,1.1678657531738281,-7.40625,1.748531460762024,6.223384857177734
hard,-1.2499980926513672,False,2.3184515488942647,-2.511638641357422,0.03125,0.9244643449783325,3.180283308029175
hard,-2.4999942779541016,False,1.1935429854971524,-2.676403045654297,0.28125,1.0950623750686646,4.4053473472595215
hard,2.750001907348633,False,1.7439416445513276,4.35633659362793,4.359375,3.4268665313720703,6.994740009307861
hard,-2.1249961853027344,False,3.095636558021127,5.0812530517578125,-1.140625,5.6107177734375,7.249876976013184
hard,-3.499990463256836,False,-2.0254523130412854,2.65484619140625,-3.328125,-0.2744559347629547,-5.777891635894775
hard,-2.1249961853027344,False,-0.7424546809334119,1.035970687866211,-0.203125,-0.014704614877700806,6.066251277923584
hard,3.814697265625e-06,False,0.9879643619770964,5.193887710571289,-3.109375,4.243064880371094,-1.3442682027816772
hard,-4.999996185302734,False,3.3600816164156564,3.240762710571289,-0.796875,4.06559944152832,7.732962131500244
hard,4.250001907348633,False,-0.9453836081032718,5.134586334228516,2.5625,0.9663811922073364,1.5022177696228027
hard,1.1250057220458984,False,-1.316430275358436,1.4043598175048828,1.453125,-6.0116424560546875,-3.9503068923950195
hard,-2.3749961853027344,False,-1.638687187071266,3.2412586212158203,1.9375,-1.9541624784469604,-5.355473041534424
hard,-2.4999942779541016,False,-1.4244212098304143,1.9740753173828125,-1.453125,0.5461465120315552,-2.3668856620788574
hard,-6.249992370605469,False,5.279853715227408,1.2234363555908203,-2.484375,-1.8951996564865112,-0.5656991004943848
hard,-1.1249961853027344,False,-2.7568603398123197,2.8453636169433594,-0.515625,1.0725632905960083,-1.1560354232788086
hard,2.3750038146972656,False,0.31084150433680113,1.0134391784667969,0.484375,-2.0311012268066406,7.194109916687012
hard,-4.999988555908203,False,-0.8245243443066751,1.1626052856445312,-0.65625,0.33562859892845154,-3.4070310592651367
hard,4.500001907348633,False,-0.2894127079115434,4.364805221557617,3.84375,-0.15608683228492737,-5.008027076721191
hard,-5.124994277954102,False,2.7727890068014336,2.9173049926757812,0.5625,-0.5479220151901245,2.1304383277893066
hard,-2.374990463256836,False,1.576460878358154,4.975137710571289,2.4375,0.9603825807571411,-0.7513079643249512
hard,-2.9999942779541016,False,1.5626308984962887,1.2703437805175781,-1.828125,-0.7366055250167847,0.23849992454051971
hard,-4.499994277954102,False,-2.232887044679468,-3.3837127685546875,-2.03125,-4.54366397857666,-2.8853354454040527
hard,0.12500381469726562,False,-1.2365303852592204,0.8205795288085938,1.46875,-2.0791711807250977,5.141202449798584
hard,-4.124996185302734,False,0.6762903520033448,-0.196746826171875,-2.078125,1.5485678911209106,3.895806312561035
hard,-1.2499942779541016,False,4.77224373081558,4.961101531982422,0.8125,3.5562238693237305,7.043525218963623
hard,0.6250038146972656,False,-2.3977443750051934,0.8096714019775391,-0.71875,-2.570720672607422,-0.812821626663208
hard,-5.999992370605469,False,-1.0316386906943948,0.054508209228515625,-3.5625,-1.9873045682907104,-3.5809640884399414
hard,-3.2499961853027344,False,-0.809401377194301,4.066251754760742,-3.875,-2.687976837158203,2.6458940505981445
hard,0.6250038146972656,False,3.4819895132294043,3.4838428497314453,5.296875,7.102494239807129,5.96677303314209
hard,-2.9999961853027344,False,1.0752075132205483,3.665517807006836,2.671875,-0.07504644989967346,4.977288722991943
hard,-1.2499942779541016,False,0.45842064383351033,4.678442001342773,3.53125,-0.4885310232639313,5.506361961364746
hard,-6.874994277954102,False,-0.618308075964891,-2.4774646759033203,-2.15625,-0.28158655762672424,3.4810714721679688
hard,-0.7499980926513672,False,3.7811234249072028,3.7742881774902344,-2.296875,2.1896543502807617,7.409238815307617
hard,-2.1249923706054688,False,-4.55859487121488,2.1880645751953125,-1.234375,-3.1503286361694336,-3.61245059967041
hard,-1.2499942779541016,False,1.0053020071625463,2.5531787872314453,1.078125,3.2087249755859375,-1.1286773681640625
hard,-0.6249942779541016,False,-1.6890185620331197,0.6684589385986328,3.375,0.09487828612327576,-3.2652089595794678
hard,-2.6249961853027344,False,-5.920985309567694,-1.2538414001464844,-3.6875,-6.371506690979004,-2.2641615867614746
hard,1.2500057220458984,False,-3.3926228316079463,4.588430404663086,-1.0,0.7587891817092896,0.7792062163352966
hard,0.12500572204589844,False,1.535310786739455,3.088582992553711,-0.859375,4.801313400268555,6.755796432495117
hard,-0.24999618530273438,False,-0.24344345090877706,1.8265933990478516,-1.46875,1.9720155000686646,4.085506439208984
hard,-4.624994277954102,False,-3.961312021125636,-0.2530632019042969,-5.140625,-0.3053072988986969,-2.263120174407959
hard,-1.9999942779541016,False,-2.017998673950065,2.5967330932617188,-3.921875,-0.5785578489303589,-0.1643190234899521
hard,-1.3749942779541016,False,1.7334583981973022,0.9619350433349609,3.921875,3.5676679611206055,5.101720809936523
hard,-2.3749961853027344,False,4.008740160809398,-0.8201179504394531,-4.171875,-0.38856974244117737,4.455802917480469
hard,-5.249996185302734,False,2.8162127669830817,3.6256637573242188,-2.359375,8.031149864196777,7.50869083404541
hard,3.6250038146972656,False,-0.678156981284298,4.985748291015625,4.5,-5.383661270141602,2.3860549926757812
hard,-1.9999961853027344,False,-1.1221577254471926,3.699800491333008,-2.859375,0.6310645341873169,2.5257644653320312
hard,-2.9999942779541016,False,1.6931291653186655,-0.4015541076660156,-4.015625,2.314952850341797,7.297538757324219
hard,-2.4999942779541016,False,0.03567422261343678,4.403528213500977,1.25,-0.8441809415817261,6.811969757080078
hard,1.1250019073486328,False,-0.6329209875782518,-0.5395698547363281,0.859375,0.36216458678245544,-2.5273704528808594
hard,-5.874994277954102,False,-3.5591268886296943,-2.3827552795410156,-1.609375,0.791977047920227,-3.606996536254883
hard,4.375001907348633,False,0.7294865398241648,3.226825714111328,0.421875,4.197902679443359,6.293529510498047
hard,-4.749994277954102,False,0.9559367562440035,4.035589218139648,4.0,0.24673184752464294,4.3335185050964355
hard,3.875001907348633,False,-1.008593657721984,3.403627395629883,5.03125,5.586544036865234,2.0911569595336914
hard,-2.7499923706054688,False,-1.5054235981711617,1.629720687866211,-2.9375,-1.695733904838562,-0.8664499521255493
hard,-2.9999942779541016,False,0.8388429807661681,2.4073524475097656,3.15625,1.558071255683899,4.629487991333008
hard,-4.874994277954102,False,-0.5158631409148724,4.588800430297852,-3.328125,0.6625243425369263,3.9490387439727783
hard,-3.9999942779541016,False,-0.4103717786316441,4.238613128662109,-2.515625,0.8532906770706177,-4.950692653656006
hard,-3.999990463256836,False,-1.5827305217117915,-0.947998046875,-2.484375,-4.144084930419922,-0.8432289361953735
hard,-2.6249961853027344,False,-2.9332563437079573,-0.3639183044433594,-0.21875,-0.7009981870651245,-2.654404640197754
hard,-1.1249961853027344,False,2.07380945589186,5.626960754394531,-4.125,3.0098323822021484,7.882452964782715
hard,5.250001907348633,False,1.706894822981743,6.662364959716797,6.625,2.9207000732421875,3.3941750526428223
hard,-4.249990463256836,False,-2.0174380495082014,1.0296154022216797,-6.953125,-2.5774784088134766,-5.991701126098633
hard,4.750001907348633,False,-0.4001509935041503,1.6713294982910156,1.125,-3.1247215270996094,-0.012160975486040115
hard,-0.7499961853027344,False,5.476632892289268,6.918376922607422,1.875,1.7969495058059692,6.636430740356445
hard,-2.124990463256836,False,2.9733931345543407,5.406156539916992,3.015625,-0.6196287870407104,-4.061747074127197
hard,-1.4999961853027344,False,0.9934189736310659,0.7952404022216797,-4.453125,-0.1522482931613922,3.2013673782348633
hard,0.6250057220458984,False,4.9522829014696645,6.233819961547852,1.53125,6.663698196411133,7.502545356750488
hard,-2.7499942779541016,False,-0.8537230142306614,3.0868186950683594,-2.125,0.5291138887405396,3.9583849906921387
hard,-4.374994277954102,False,-1.9122422087718922,1.4682083129882812,-4.609375,-3.750164031982422,1.9341402053833008
hard,-4.124996185302734,False,4.1803562179234754,1.9693145751953125,1.40625,5.689609527587891,4.704104900360107
hard,-3.749990463256836,False,0.45582691865658376,3.334482192993164,-1.28125,3.0438575744628906,1.1913325786590576
hard,-5.499994277954102,False,-0.3565939165422747,2.9943599700927734,-3.484375,1.0188456773757935,2.1325535774230957
hard,-0.3749961853027344,False,2.5446531799071765,4.276708602905273,-0.53125,1.1877509355545044,1.9885210990905762
hard,-2.4999961853027344,False,6.533665431966816,3.0599231719970703,4.921875,-0.4500636160373688,1.6067776679992676
hard,-3.7499942779541016,False,1.320055961651988,2.62432861328125,-0.078125,-2.451353073120117,3.383057117462158
hard,-5.374994277954102,False,-1.065798917641232,2.633974075317383,-5.15625,2.350360870361328,2.3934710025787354
hard,-2.3749942779541016,False,3.2042764244438677,5.002246856689453,4.5625,7.321898460388184,7.062676429748535
hard,-2.7499942779541016,False,2.3216901791534745,4.66883659362793,1.234375,1.732662320137024,1.544872760772705
hard,-4.749994277954102,False,0.7996066381698055,-2.447481155395508,-3.265625,-0.997735857963562,-4.188941478729248
hard,-4.624994277954102,False,2.849298443058146,3.3281097412109375,-3.25,4.9753618240356445,7.089536190032959
hard,-4.374994277954102,False,-2.2952563732579456,0.7126197814941406,-3.171875,-3.5546674728393555,3.111686944961548
hard,-4.374996185302734,False,0.5104984361023577,2.337442398071289,-7.09375,3.986238479614258,7.706173896789551
hard,1.1250038146972656,False,2.3271180721777807,1.53057861328125,5.1875,-0.6640042066574097,4.019348621368408
hard,-1.1249961853027344,False,0.8122412338436205,3.1609439849853516,4.796875,-1.4042147397994995,-2.840083599090576
hard,-1.6249961853027344,False,0.7694798789153785,0.38126182556152344,1.046875,-3.7290210723876953,0.5462937355041504
hard,-1.9999942779541016,False,-2.769658801166597,-0.5034713745117188,-3.875,-2.076690673828125,0.23525208234786987
hard,-4.999992370605469,False,-3.504643298461591,-0.9538593292236328,-0.453125,-3.7847633361816406,-3.8415474891662598
hard,-0.6249961853027344,False,1.491704139948039,0.9814453125,-0.21875,2.912006378173828,5.476085662841797
hard,-4.249994277954102,False,-3.2016378379069845,0.601348876953125,-5.8125,2.501832962036133,3.854769468307495
hard,-1.999990463256836,False,1.2915162087867966,3.9379348754882812,-0.375,-0.6782931089401245,5.754371643066406
hard,3.875001907348633,False,0.4554134013760902,5.361850738525391,6.203125,1.1291285753250122,6.877537727355957
hard,-0.8749961853027344,False,-3.6515562822742806,1.0932064056396484,-0.484375,-0.17799559235572815,-4.246234893798828
hard,-3.1249942779541016,False,2.6314960525504256,4.544160842895508,1.046875,4.588062286376953,3.1564033031463623
hard,-7.874994277954102,False,3.7986764166117375,0.40215110778808594,-4.953125,3.7355880737304688,2.8008382320404053
hard,-6.874990463256836,False,-3.659729529689777,-1.4467353820800781,-6.609375,-3.612133026123047,-2.5513010025024414
hard,-1.2499942779541016,False,-2.1683868044531716,2.1655101776123047,3.1875,2.3798341751098633,1.7738134860992432
hard,-1.9999980926513672,False,6.054080433617555,0.8694114685058594,0.25,2.865175247192383,6.878780364990234
hard,-2.6249942779541016,False,2.2158939625133875,2.4787845611572266,-3.390625,1.4845525026321411,6.981092929840088
hard,-4.874996185302734,False,-1.426022368236795,-4.365505218505859,-2.921875,-4.431414604187012,-5.753644943237305
hard,-1.1249961853027344,False,-1.705843054578287,-0.394500732421875,-3.03125,-1.3324335813522339,-3.205191135406494
hard,-3.9999961853027344,False,0.6072152716580572,5.134166717529297,-1.15625,2.3670225143432617,7.161740303039551
hard,-6.124996185302734,False,-0.6430693064782388,1.6049823760986328,-4.546875,-0.7459429502487183,1.013244390487671
hard,-0.4999961853027344,False,-0.9069107249908626,2.513002395629883,5.625,-0.7428091764450073,-1.8157182931900024
hard,-3.6249942779541016,False,-3.0539070639992882,0.9851360321044922,-4.25,-1.4557017087936401,-0.41710948944091797
hard,-6.499996185302734,False,0.17368226948930965,4.108640670776367,-1.53125,2.094572067260742,0.746446967124939
hard,-0.6249980926513672,False,-1.3509507700541674,2.314115524291992,2.140625,3.636995315551758,3.132215976715088
hard,-2.7499942779541016,False,-1.2515498750478793,3.518423080444336,0.703125,1.874294400215149,-3.585096836090088
hard,-5.749988555908203,False,1.672252524173791,1.2670307159423828,-5.5,0.2312088906764984,-2.1042468547821045
hard,-4.499992370605469,False,1.159415282283488,4.601617813110352,-5.609375,0.22413930296897888,3.055840015411377
hard,3.625001907348633,False,0.00738258456973484,2.3994369506835938,-5.09375,-0.10414877533912659,-3.576140880584717
hard,-6.374992370605469,False,0.9014008948729486,-0.06082344055175781,-3.65625,-0.4267243444919586,1.8930463790893555
hard,-4.749996185302734,False,4.340874046380291,1.5835552215576172,-3.53125,5.207731246948242,7.398476600646973
hard,3.814697265625e-06,False,-1.7903779265668014,2.380769729614258,0.421875,-4.033119201660156,3.415550947189331
hard,-3.9999961853027344,False,-1.523605789608524,3.758411407470703,-1.171875,3.5931015014648438,3.762763738632202
hard,-2.4999942779541016,False,-2.0810253005598587,-0.6843280792236328,-2.953125,-5.316194534301758,-4.861734867095947
hard,5.375001907348633,False,2.6042547422712925,5.193145751953125,1.015625,-2.00203800201416,-0.8811321258544922
hard,-4.999992370605469,False,-2.0311562061236534,-4.800716400146484,-5.59375,-4.985301971435547,-2.754265546798706
hard,-4.499994277954102,False,1.7602852071450126,3.0125579833984375,-0.34375,-1.8145216703414917,-3.7114930152893066
hard,-3.7499942779541016,False,1.261083715273119,4.159694671630859,-0.515625,1.311987042427063,2.330477237701416
hard,-4.99998664855957,False,-5.127857642432591,-2.8355560302734375,-0.046875,-2.9146881103515625,-1.6035221815109253
hard,-0.9999942779541016,False,-1.7890825480854016,4.573999404907227,2.484375,2.5595216751098633,-0.33759161829948425
hard,-6.124994277954102,False,2.674758950493878,-0.5728092193603516,-1.28125,0.633916974067688,-0.5644457340240479
hard,1.1250038146972656,False,0.45406379911569394,1.208892822265625,6.609375,4.609228134155273,6.963984966278076
hard,-0.7499942779541016,False,0.7024484065915197,4.796794891357422,5.578125,4.445060729980469,7.625351905822754
hard,-0.49999427795410156,False,0.18560051905538777,1.54718017578125,1.640625,1.9052964448928833,2.7680273056030273
hard,-3.6249923706054688,False,-3.3994498461763847,2.358705520629883,-1.09375,-1.8066881895065308,-3.183657646179199
hard,-3.8749942779541016,False,0.010076375272661142,-0.38204383850097656,0.375,-2.437896728515625,-1.9033881425857544
hard,-1.6249961853027344,False,1.904089049901095,-0.4235076904296875,-0.984375,-1.4288214445114136,4.632102012634277
hard,-3.2499942779541016,False,-4.426886558442422,0.6375885009765625,0.15625,-2.295001983642578,-3.6030051708221436
hard,-4.749992370605469,False,-3.79466729834383,-0.5483245849609375,-1.265625,-1.0907734632492065,-1.4133172035217285
hard,-2.8749942779541016,False,-2.6599707229528686,-2.382213592529297,0.015625,-4.24635124206543,-1.7088162899017334
hard,4.625001907348633,False,-2.693228161832983,5.24696159362793,1.015625,0.2647286355495453,2.4328362941741943
hard,-1.4999942779541016,False,0.9151948466823241,0.3117637634277344,-0.484375,-0.0551089346408844,-0.46245360374450684
hard,-2.1249942779541016,False,-2.2381059460166552,-0.4389629364013672,-4.59375,-3.8913774490356445,-3.3297038078308105
hard,-2.2499961853027344,False,0.45858077553334486,0.9081783294677734,-0.53125,-3.216313362121582,5.5806660652160645
hard,3.000001907348633,False,-0.4156307440241258,1.3311100006103516,2.15625,-2.1233601570129395,0.5996115207672119
hard,-3.7499942779541016,False,-1.7012565855329136,0.7344532012939453,-1.953125,0.8573838472366333,-5.165653705596924
hard,-5.499992370605469,False,-0.6897536918963846,6.049970626831055,-6.1875,0.9224358797073364,-3.7639007568359375
hard,-0.7499961853027344,False,-0.8948974964318726,1.5319252014160156,-2.515625,0.027350515127182007,0.9086823463439941
hard,3.814697265625e-06,False,-0.35245609759359353,-0.4815788269042969,2.125,-7.01295280456543,-4.908801555633545
hard,-1.8749961853027344,False,3.5662722754693696,-0.8373603820800781,-2.84375,2.72304630279541,2.6802737712860107
hard,-4.999996185302734,False,3.154478947037509,0.48000526428222656,-4.453125,1.126273274421692,-4.647860050201416
hard,-3.1249942779541016,False,2.1504922617781252,6.049095153808594,0.78125,5.794207572937012,6.8079657554626465
hard,-1.7499942779541016,False,-0.7006850480082627,2.638914108276367,3.296875,-0.9540537595748901,1.5375252962112427
hard,-1.3749923706054688,False,2.3682421053115537,2.765033721923828,-2.34375,2.898543357849121,5.55269193649292
hard,-4.749994277954102,False,1.6323081301963762,-1.1082172393798828,-4.203125,-0.11442747712135315,1.9216101169586182
hard,0.7500038146972656,False,0.6542075666397331,3.658580780029297,-2.390625,-1.9149492979049683,0.24744990468025208
hard,1.2500038146972656,False,-0.8175198161191497,3.1390953063964844,-0.78125,-2.3216476440429688,2.0972530841827393
hard,-2.9999942779541016,False,-0.9195147140253512,-0.9686393737792969,-4.375,-0.45797815918922424,-4.862651348114014
hard,-4.624994277954102,False,-1.6511224135011071,0.4368305206298828,-1.3125,-2.020200729370117,-2.3448495864868164
hard,0.37500572204589844,False,2.618246270971304,0.9505023956298828,2.046875,-1.059829592704773,6.86231803894043
hard,-3.7499961853027344,False,1.5718458799123292,1.52984619140625,-2.765625,3.9633493423461914,4.755049228668213
hard,-2.874990463256836,False,4.648721175234174,-1.3913593292236328,-5.328125,-3.809145927429199,-2.7889814376831055
hard,-5.249990463256836,False,6.008486815676422,2.6985816955566406,-2.703125,8.88998794555664,7.805511951446533
hard,-5.874996185302734,False,1.039243609672625,1.727560043334961,-5.984375,3.2532577514648438,1.348137378692627
hard,-4.374992370605469,False,-4.242722795602226,-2.8632164001464844,-3.046875,-0.9118555784225464,-3.768730878829956
hard,2.375001907348633,False,1.39375804978753,1.4550762176513672,2.140625,-2.7529964447021484,-0.27484583854675293
hard,-4.624996185302734,False,-2.2023600918601107,2.110137939453125,-4.15625,-1.8483465909957886,-1.32368803024292
hard,1.1250038146972656,False,4.336459201668654,-0.5382118225097656,2.625,-0.8683832883834839,1.9551119804382324
hard,-2.6249942779541016,False,-4.09490770758189,-3.903902053833008,-5.296875,-3.830385208129883,-3.949080228805542
hard,-2.2499961853027344,False,-1.6089255083710887,-2.143453598022461,-3.734375,-0.6211575269699097,-3.5167980194091797
hard,-4.624994277954102,False,-1.808970675331639,-4.691679000854492,-6.65625,-0.7090967893600464,4.0071821212768555
hard,-6.124994277954102,False,0.22590838085979148,0.3055381774902344,-2.828125,-3.874826431274414,-1.1845314502716064
hard,-5.3749847412109375,False,-1.761524774705691,-0.9959373474121094,-4.234375,-1.0324934720993042,-1.3898814916610718
hard,3.875001907348633,False,0.3964817119580506,6.178913116455078,1.765625,0.7723771333694458,3.948324203491211
hard,-4.999996185302734,False,3.5190409144472206,3.349180221557617,-0.703125,6.228193283081055,7.29135799407959
hard,-2.1249942779541016,False,-0.2891361651346289,1.88848876953125,0.609375,-3.056192398071289,-2.4293742179870605
hard,-8.999994277954102,False,4.5434539073469455,4.307897567749023,-4.625,-3.443004608154297,-4.629836082458496
hard,1.8750019073486328,False,1.8376836168554769,2.3311080932617188,1.71875,-3.952634811401367,-2.6167328357696533
hard,-2.8749961853027344,False,-1.3057708628659002,0.6894283294677734,-0.90625,-0.6511067152023315,-5.386248588562012
hard,-3.1249923706054688,False,-1.243910872851291,0.04803276062011719,0.734375,-2.2830286026000977,-0.8022933602333069
hard,0.5000057220458984,False,8.197364648528165,2.548551559448242,6.578125,5.936237335205078,7.838768005371094
hard,-3.3749942779541016,False,6.714256528177354,5.182329177856445,-5.96875,5.542348861694336,8.075655937194824
hard,-2.3749961853027344,False,-2.045338725441176,0.7422409057617188,-1.796875,-0.9129303693771362,-2.7574872970581055
hard,1.8750057220458984,False,0.14830825655455193,1.4850502014160156,-1.0625,-1.111061930656433,-4.339367866516113
hard,-1.2499942779541016,False,5.318799207116403,6.2510986328125,4.78125,2.459798812866211,2.638711452484131
hard,-1.7499961853027344,False,0.3445323980871169,5.579051971435547,2.03125,8.734519958496094,7.160676002502441
hard,1.3750038146972656,False,0.108892600523125,6.987552642822266,5.5,3.013181686401367,1.9107205867767334
hard,-5.374996185302734,False,7.057665966904678,3.6370792388916016,-5.046875,3.8113555908203125,8.085468292236328
hard,-0.6249961853027344,False,-1.9798388905997009,1.8920307159423828,-1.421875,-7.288689613342285,-3.325840473175049
hard,-6.874992370605469,False,-0.3691983775226213,-2.4998397827148438,-7.1875,-0.9244087934494019,-1.2778422832489014
hard,-3.1249923706054688,False,-5.058718700001757,1.1540641784667969,-2.765625,-5.631658554077148,3.1900930404663086
hard,-4.374992370605469,False,1.2416622493517042,3.57598876953125,-5.125,0.9341546297073364,-1.1398721933364868
hard,-2.4999942779541016,False,-2.191621263775823,-0.9142417907714844,-0.703125,-0.07175341248512268,6.043429374694824
hard,-1.6249961853027344,False,-3.593505296197489,0.104339599609375,-2.609375,-0.9257391691207886,-3.284801959991455
hard,-1.9999961853027344,False,0.28945966403369927,2.9769420623779297,2.546875,1.5800849199295044,4.90380859375
hard,-0.7499961853027344,False,2.6899500668715115,5.704349517822266,0.890625,7.095991134643555,8.099081993103027
hard,-1.6249942779541016,False,-1.9073687167028828,0.7124404907226562,-1.34375,2.7541885375976562,2.790435552597046
hard,-3.6249961853027344,False,3.852176341878504,4.63191032409668,-6.703125,3.861387252807617,5.377296447753906
hard,4.875001907348633,False,0.16492447118066944,0.36246681213378906,5.8125,-2.534921646118164,-2.330256938934326
hard,-2.6249961853027344,False,0.329402017007421,2.8880043029785156,0.78125,3.9884891510009766,5.520402908325195
hard,2.6250038146972656,False,-1.4566605322424275,2.149892807006836,1.96875,5.019227981567383,-2.3199880123138428
hard,-3.7499961853027344,False,-0.4154143672007411,0.33599090576171875,-0.078125,4.192704200744629,5.374614715576172
hard,-1.7499961853027344,False,0.448993572757884,1.366872787475586,-0.25,-1.3466395139694214,5.121687889099121
hard,-4.374992370605469,False,-1.4260053752433248,-1.7904167175292969,-1.71875,-1.8730820417404175,-3.460836410522461
hard,4.375001907348633,False,-0.01573223656984557,4.883888244628906,2.25,3.8429489135742188,1.1583452224731445
hard,-4.374994277954102,False,-4.12636028768796,-0.4736957550048828,-1.671875,-3.140803337097168,-1.0256900787353516
hard,-3.9999923706054688,False,0.6368051365375289,5.443145751953125,-5.609375,-2.185964584350586,1.6788113117218018
hard,-4.999992370605469,False,-2.72686572289781,0.9090499877929688,-3.859375,0.4703312814235687,-0.42879554629325867
hard,-2.4999942779541016,False,0.3406490309355483,-1.9108524322509766,-5.328125,0.6731253862380981,4.019289970397949
hard,6.375,False,1.6394029799623182,4.603244781494141,7.140625,2.5197954177856445,7.307273864746094
hard,-5.499996185302734,False,-3.1830114220183714,-4.297466278076172,-2.71875,-3.1252050399780273,-5.491262435913086
hard,-5.124990463256836,False,-3.25645486465938,0.7876071929931641,-6.609375,-3.433199882507324,-2.379589796066284
hard,-1.4999942779541016,False,3.40654641182463,5.387704849243164,3.5,1.7402554750442505,4.805228233337402
hard,-7.12498664855957,False,-1.0052973004260175,-1.8339290618896484,-4.6875,-2.8130359649658203,-0.6434555053710938
hard,5.875,False,-0.37347239630816853,4.9058380126953125,6.09375,3.8358144760131836,7.2036895751953125
hard,-1.6249942779541016,False,-3.0318998157932073,-1.9043216705322266,-1.265625,-0.345208078622818,-2.025725841522217
hard,-1.8749942779541016,False,-1.5585493299822728,3.8745880126953125,4.53125,-1.8745535612106323,2.5785744190216064
hard,-5.249994277954102,False,0.3317650557806242,2.4573631286621094,-1.953125,1.1805630922317505,7.973330497741699
hard,0.7500038146972656,False,0.6529301249786863,-0.0021495819091796875,-2.21875,1.4584542512893677,1.1728780269622803
hard,-2.3749923706054688,False,2.1161216419845923,5.695507049560547,-4.625,-4.043298721313477,0.9441413879394531
hard,3.814697265625e-06,False,-2.1884704412022957,-2.178651809692383,1.28125,-5.412899971008301,-4.012104511260986
hard,-6.749988555908203,False,-2.7084204760068653,-0.31880760192871094,3.375,-6.897939682006836,-5.439403057098389
hard,-6.999994277954102,False,-5.203316567630257,-3.1952552795410156,-1.90625,-5.278093338012695,-4.642938613891602
hard,-6.499994277954102,False,-4.946457030535656,-5.627546310424805,-4.0625,-5.285543441772461,-5.572515487670898
hard,-3.624990463256836,False,-1.50822740431754,-0.012454986572265625,3.828125,-3.353700637817383,-1.1767033338546753
hard,-5.374994277954102,False,-3.8592004915002898,-5.910257339477539,-3.28125,-8.981670379638672,-5.7542877197265625
hard,-8.249990463256836,False,-2.921021762289877,-3.8218212127685547,-6.265625,-4.760532379150391,-5.318878173828125
hard,-8.249988555908203,False,-5.772055818082369,-4.554422378540039,-4.515625,-5.223025321960449,-5.124675750732422
hard,-5.124994277954102,False,-3.7561695856794426,-1.9425582885742188,-3.53125,-5.915918350219727,-5.293745517730713
hard,-7.499988555908203,False,-3.5617408949015443,-5.605846405029297,-7.593748092651367,-5.05427360534668,-5.569477081298828
hard,-8.499990463256836,False,-4.832440854349248,-0.7275447845458984,-4.140625,-4.042606353759766,-4.340880393981934
hard,-6.249975204467773,False,-3.1343547387692876,3.324024200439453,-9.3125,-4.497880935668945,-5.215935230255127
hard,-8.499988555908203,False,-4.700243683546703,-5.118621826171875,-6.546873092651367,-5.225046157836914,-5.17741584777832
hard,-9.99998664855957,False,-4.0394250831107,-2.1486167907714844,-10.468748092651367,-7.697513580322266,-4.847216606140137
hard,-2.7499942779541016,False,-6.176401617025407,2.1376953125,-2.0,-1.0557307004928589,-3.741682529449463
hard,-6.874994277954102,False,-5.860787978387617,-5.789571762084961,-4.265625,-5.635310173034668,-5.78366756439209
hard,-10.249988555908203,False,-5.7273983236173045,-2.0439586639404297,-8.062498092651367,-3.051187515258789,-4.542659759521484
hard,-9.249992370605469,False,-3.415880678453557,0.5812950134277344,-6.515625,-6.2834978103637695,-4.825796127319336
hard,-2.749988555908203,False,-0.9822334853007192,5.615020751953125,0.3125,-5.611810684204102,-1.6143279075622559
hard,-7.374988555908203,False,-3.660782065375436,-4.324594497680664,-10.374988555908203,-8.465911865234375,-4.655427932739258
hard,-4.249996185302734,False,-2.248351650166007,-1.2587966918945312,-8.0625,-5.383980751037598,-5.18801212310791
hard,-9.124990463256836,False,-3.043745107848547,-8.135931015014648,-6.75,-9.522250175476074,-6.254204273223877
hard,-6.874994277954102,False,-0.7089093715498501,2.7793827056884766,-4.453125,-1.5836800336837769,0.17504499852657318
hard,-10.249988555908203,False,-3.9999794204226307,-8.1094970703125,-9.171875,-7.647653579711914,-5.823912620544434
hard,-8.249992370605469,False,-3.7961638544968013,-2.781841278076172,-7.34375,-7.099147796630859,-5.303043365478516
hard,2.3750038146972656,False,-2.1454227376401525,-1.338623046875,0.671875,-2.952113151550293,-2.5429320335388184
hard,-9.249990463256836,False,-2.704614799113045,1.60272216796875,-6.625,-6.452182769775391,-5.242955207824707
hard,-4.624994277954102,False,-2.3887350536304055,0.5039749145507812,-2.84375,-4.88385009765625,-4.993345260620117
hard,-7.499990463256836,False,-4.968991357300426,-3.4717864990234375,-4.3125,-4.494804382324219,-4.61759090423584
hard,-5.999994277954102,False,-2.7198888541582873,2.85723876953125,-8.25,-5.942289352416992,1.0435056686401367
hard,-1.2499923706054688,False,-1.6022807686801444,3.5483970642089844,-4.09375,-7.191310882568359,-3.674861431121826
hard,-9.874990463256836,False,-6.312601432778777,-4.348917007446289,-5.640625,-8.018205642700195,-5.152035713195801
hard,-1.1249942779541016,False,-2.369354810157306,1.5660133361816406,-3.40625,-3.428976058959961,-4.3262152671813965
hard,-4.499988555908203,False,-6.760643248104923,-3.8517417907714844,-4.984375,-5.729460716247559,-5.166529178619385
hard,-5.749979019165039,False,5.9909032521961665,6.799430847167969,-4.96875,-0.7435702085494995,6.551207542419434
hard,-2.374988555908203,False,0.0009634361111590106,-3.051054000854492,-5.734375,-3.9447708129882812,-5.431252479553223
hard,-7.99998664855957,False,-1.063763596939066,4.147287368774414,-6.1875,-2.6530609130859375,-1.6063672304153442
hard,-6.249992370605469,False,-0.5809560358068091,-3.5347213745117188,-4.046875,-6.691614151000977,-5.525707244873047
hard,-10.49998664855957,False,-4.333067227944921,-5.08674430847168,-9.82809829711914,-4.454161643981934,-5.124533653259277
hard,-4.749992370605469,False,-3.148261003008545,0.6270503997802734,-5.375,-2.2033309936523438,-3.7004098892211914
hard,-8.499990463256836,False,-5.6583244636355605,-5.446460723876953,-10.03125,-8.251428604125977,-5.324213027954102
hard,-5.249988555908203,False,-2.2977543080481464,0.42255210876464844,-4.28125,-5.848531723022461,-5.14964485168457
hard,-9.374988555908203,False,-1.9963682528332019,-2.125589370727539,-5.59375,-7.759708404541016,-4.034196376800537
hard,-4.374994277954102,False,-4.8894605338221915,2.1289939880371094,-2.6875,-1.8681391477584839,-3.7631478309631348
hard,-3.7499942779541016,False,-4.16760053319929,-1.5883922576904297,-4.96875,-9.144746780395508,-5.4043869972229
hard,-5.874992370605469,False,-7.504033968040488,0.38458824157714844,-3.046875,-6.807672500610352,-5.531940460205078
hard,-4.499990463256836,False,-6.90249315674989,-5.191045761108398,-2.609375,-4.445379257202148,-5.392608165740967
hard,-6.374990463256836,False,-3.3756972086473054,-5.211250305175781,-4.078125,-4.621294021606445,-4.201271057128906
hard,-5.874992370605469,False,-3.1781063841645185,3.245990753173828,5.65625,-5.778663635253906,-4.958769798278809
hard,-8.999992370605469,False,-2.741465136405242,-2.619354248046875,-3.109375,-3.711427688598633,1.1263178586959839
hard,-7.624994277954102,False,-2.3300830565816186,-7.183261871337891,-5.90625,-9.771324157714844,-5.696864128112793
hard,-4.999994277954102,False,-7.169657022394883,-5.234966278076172,-6.40625,-8.383285522460938,-5.988518238067627
hard,-3.7499961853027344,False,-2.6709909692502496,-2.230855941772461,-4.609375,-5.889169692993164,-5.156141757965088
hard,-7.624992370605469,False,-4.787970973838038,-0.6248912811279297,-5.171875,-3.9137439727783203,-4.703842639923096
hard,-7.999988555908203,False,-3.287577199717118,-1.1023693084716797,-8.937498092651367,-4.494572639465332,-1.0427780151367188
hard,-6.99998664855957,False,-5.110375767550401,1.022378921508789,-7.359375,-1.4188364744186401,-5.670633316040039
hard,-2.9999942779541016,False,-1.4097863514787456,4.3976287841796875,-0.234375,-0.5165566205978394,-0.6329555511474609
hard,-7.499994277954102,False,-0.5787454466658721,-0.6796283721923828,-4.46875,-5.105494499206543,-3.4197258949279785
hard,-6.249994277954102,False,-8.82020468468647,-6.043346405029297,-7.015625,-2.6983509063720703,-3.7021589279174805
hard,-7.49998664855957,False,-2.587432160823714,-0.9244194030761719,-4.375,-1.0045174360275269,-3.660081148147583
hard,-9.124992370605469,False,-3.1569056111145644,-2.3462963104248047,-7.531248092651367,-5.876335144042969,-5.2519917488098145
hard,-7.374990463256836,False,-5.040910659973147,-1.0934410095214844,-5.171875,-1.8692997694015503,-4.295530319213867
hard,-8.624990463256836,False,-6.434379087351755,-6.384321212768555,-5.328125,-8.359362602233887,-6.001337051391602
hard,-9.249990463256836,False,-4.700704684659187,-1.333444595336914,-7.59375,-4.970029830932617,-3.0545201301574707
hard,-10.374988555908203,False,-3.9268177219905196,-1.7414989471435547,-8.046875,-4.947962760925293,-3.720308780670166
hard,-2.8749961853027344,False,-1.7238243950900145,2.227560043334961,-1.234375,-2.4479904174804688,1.1050829887390137
hard,-6.999994277954102,False,-5.036507693349481,0.36005210876464844,-7.65625,-5.229978561401367,-3.160170555114746
hard,-5.999992370605469,False,-5.513946402009872,-2.995471954345703,-6.984373092651367,-6.0605926513671875,-5.629885673522949
hard,-5.874992370605469,False,-6.574135815183582,-2.7290191650390625,-10.203107833862305,-7.889621734619141,-5.371896266937256
hard,-9.374990463256836,False,-8.614701442228238,-8.102996826171875,-9.171873092651367,-8.345172882080078,-6.1801347732543945
hard,-9.749990463256836,False,-2.9757180060520625,-6.449613571166992,-6.953125,-6.938362121582031,-5.643306732177734
hard,-9.874988555908203,False,-2.929147180635727,-2.390514373779297,-9.35936164855957,-5.728141784667969,-3.3688929080963135
hard,-8.249990463256836,False,-5.019655736595573,0.5558490753173828,-6.59375,-2.8136749267578125,-4.865008354187012
hard,-4.249994277954102,False,-5.2495596716538415,-3.1386966705322266,-1.921875,-6.157222747802734,-4.053241729736328
hard,-5.874992370605469,False,-3.6442633073509745,-1.1561393737792969,-4.734375,-4.599362373352051,-5.3529181480407715
hard,-9.24998664855957,False,-5.7088794036674075,-2.4874401092529297,-6.953125,-4.791872024536133,-5.105390548706055
hard,-7.249990463256836,False,-2.1240145079611716,-0.7794570922851562,-2.5625,-1.286906123161316,-4.077095985412598
hard,-8.999988555908203,False,-4.898480241093093,-2.9214401245117188,-10.562469482421875,-4.286739349365234,-3.2950363159179688
hard,-5.12498664855957,False,-0.07616524354183185,-1.4667911529541016,-0.734375,-3.932156562805176,-1.69895339012146
hard,-5.874990463256836,False,-3.1104052742895094,-0.17176437377929688,-1.96875,-4.189914703369141,-5.512515068054199
hard,-6.374988555908203,False,-5.717163184541449,-2.4410438537597656,-5.015625,-6.399783134460449,-4.771917819976807
hard,-10.874982833862305,False,-3.7809217029005175,-7.208715438842773,-9.812498092651367,-7.201348304748535,-4.394237041473389
hard,-6.249988555908203,False,-1.680214801191629,-0.4279212951660156,-8.0625,-3.4579896926879883,2.5272903442382812
hard,-7.99998664855957,False,-2.695845577125678,-4.226938247680664,-7.249998092651367,-2.0818281173706055,-2.8367884159088135
hard,-7.74998664855957,False,-0.8391879640191798,-4.439548492431641,-1.234375,-1.4589327573776245,-2.724254608154297
hard,-9.749988555908203,False,3.583850768721411,-0.8257789611816406,-7.0625,-1.3340986967086792,6.062841415405273
hard,-3.4999961853027344,False,-2.218048014237742,0.16388320922851562,-2.734375,-4.627847671508789,-4.338315486907959
hard,0.8750038146972656,False,-5.267260702034881,-0.8517417907714844,-1.296875,-1.9599655866622925,-3.6950902938842773
hard,-9.99998664855957,False,-7.2148947862522,-5.192667007446289,-7.406246185302734,-2.871485710144043,-5.326512336730957
hard,-5.249992370605469,False,-2.8999202881743034,-2.022693634033203,-4.96875,-6.078866004943848,-5.313876152038574
hard,-6.3749847412109375,False,-1.836486377908511,-0.33994483947753906,-7.21875,-3.9552860260009766,-1.071370244026184
hard,-5.874996185302734,False,-4.260862096723812,-0.16982460021972656,-7.109375,-3.250905990600586,-3.2866954803466797
hard,-7.249994277954102,False,-4.85168150201975,-1.684051513671875,-5.015625,-6.6688432693481445,-4.729358673095703
hard,2.6250038146972656,False,-4.150577730055244,5.507976531982422,6.515625,1.7079039812088013,-2.0007781982421875
hard,-0.8749961853027344,False,0.5580324344138872,-0.24468421936035156,-3.015625,0.13107022643089294,1.2284678220748901
hard,-9.749992370605469,False,-4.377415310075901,-2.991445541381836,-3.28125,-4.85504150390625,-5.061529159545898
hard,-5.4999847412109375,False,-2.602510485043961,-1.3800334930419922,2.171875,-2.3575000762939453,-0.16872504353523254
hard,-6.999980926513672,False,-0.9166283116322873,-3.998323440551758,-1.34375,-1.0004032850265503,-3.337134599685669
hard,-9.749988555908203,False,-5.054970392599089,-1.0449466705322266,0.4375,-1.1816328763961792,-5.882905960083008
hard,-5.749996185302734,False,-1.5087123680425536,0.3443164825439453,-1.859375,-4.32734489440918,-3.92041015625
hard,-8.24998664855957,False,-0.8040838923182699,-5.517154693603516,-5.59375,-3.9489965438842773,2.9608170986175537
hard,-9.749984741210938,False,-6.899006717097175,-4.021757125854492,-9.953123092651367,-5.462613105773926,-5.387889385223389
hard,-8.499988555908203,False,0.4518795990158082,-1.787679672241211,-9.0625,-3.7117042541503906,-2.499756336212158
hard,-9.74998664855957,False,-3.923193560028043,-1.134979248046875,-8.734375,-5.987308502197266,-5.224813461303711
hard,-7.874990463256836,False,-4.392536852703411,-2.0778732299804688,-8.453125,-4.986152648925781,-4.336514472961426
hard,-8.249990463256836,False,-5.810804855581881,-3.4083614349365234,-8.375,-4.740777015686035,-5.164221286773682
hard,-7.249992370605469,False,-1.8120090616641082,0.2405872344970703,-7.453125,-2.864654541015625,-3.253875494003296
hard,-7.749988555908203,False,-1.8657230731239243,-0.08265304565429688,-7.546875,-3.591327667236328,1.9185171127319336
hard,-8.374988555908203,False,-3.652219267685453,-3.4796085357666016,-6.484375,-4.552949905395508,-4.492493152618408
hard,-8.124990463256836,False,-8.085455360221458,-5.708444595336914,-10.421871185302734,-5.406974792480469,-5.772948265075684
hard,-9.124988555908203,False,-2.281997812731814,-3.638277053833008,-9.140623092651367,-4.8725433349609375,-1.727333903312683
hard,-7.874990463256836,False,-2.7802299286934957,-1.7339611053466797,-6.5,-3.9653024673461914,-2.102449893951416
hard,-7.374988555908203,False,-3.8440799074567416,-1.6025829315185547,-6.53125,-5.5889482498168945,-5.2990403175354
hard,-7.99998664855957,False,-4.616165207222286,0.050861358642578125,-7.796875,-5.421375274658203,-5.4443359375
hard,-9.749982833862305,False,0.22062788867060323,-3.3910369873046875,-6.953125,-4.889911651611328,-1.2284107208251953
hard,-10.999982833862305,False,-3.991877916848755,-1.0849018096923828,-7.359375,-5.432939529418945,-3.087848663330078
hard,-7.749988555908203,False,2.025853408398114,1.3117637634277344,-9.031248092651367,-4.727428436279297,0.7344456911087036
hard,-7.874988555908203,False,-5.405682267583804,-0.8834457397460938,-9.25,-2.149038314819336,-2.411224365234375
hard,-8.499988555908203,False,-0.8324259321473748,3.402494430541992,-8.453123092651367,-2.993061065673828,-2.6701819896698
hard,-8.62498664855957,False,-1.9610313996886446,4.539945602416992,-8.390625,-3.8839988708496094,-0.06958511471748352
hard,-8.12498664855957,False,-3.309111496520285,1.5920028686523438,-8.999998092651367,-2.947437286376953,-1.5809605121612549
hard,-9.249988555908203,False,-1.6180654117419,-2.4615707397460938,-8.796875,-5.102863311767578,-1.383880376815796
hard,-8.374988555908203,False,-3.9364497890551196,-3.939882278442383,-8.5,-6.230228424072266,-4.504881858825684
hard,-8.874988555908203,False,-5.865133948910702,-5.886386871337891,-9.03125,-6.310539245605469,-4.769093036651611
hard,-8.624988555908203,False,-4.396641170276358,-5.625591278076172,-8.78125,-6.686009407043457,-4.615626335144043
hard,-10.124984741210938,False,-4.923438232802922,-2.7571258544921875,-9.499998092651367,-5.8748016357421875,-3.710482597351074
hard,-7.499992370605469,False,-1.6962669848185778,-0.5580997467041016,-6.25,-4.433172225952148,-4.578267574310303
hard,-8.999992370605469,False,-5.572576833976797,-3.9222869873046875,-8.3125,-5.444317817687988,-5.53261661529541
hard,-2.4999942779541016,False,-4.90375513370169,-3.322998046875,-9.203125,-5.034130096435547,-5.973119735717773
hard,-5.124990463256836,False,2.1023630026320923,5.451076507568359,0.40625,-0.6060751676559448,-4.9176483154296875
hard,-7.874990463256836,False,-6.219689828303124,-2.6733245849609375,-8.124998092651367,-4.006064414978027,-5.389780044555664
hard,-7.249990463256836,False,0.002253742811635151,2.2044105529785156,-4.125,-3.8823165893554688,-5.520176410675049
hard,-2.6249923706054688,False,-2.9426910713240275,3.618072509765625,-4.078125,-5.103119850158691,-3.7495508193969727
hard,-10.124990463256836,False,-3.7720385676137846,-2.408632278442383,-9.140625,-3.144685745239258,-3.1970129013061523
hard,-5.374988555908203,False,-4.647244309827039,-1.2663593292236328,-5.671875,-3.8907718658447266,-4.601011276245117
hard,-9.374992370605469,False,-4.351301582578884,-5.113945007324219,-9.749998092651367,-3.9762048721313477,-5.305524826049805
hard,-8.124994277954102,False,-4.529552564965875,-5.048620223999023,-5.328125,-4.470812797546387,-5.469350814819336
hard,-6.124992370605469,False,-6.585610977434514,-0.05566978454589844,-6.34375,-5.590385437011719,-6.176458358764648
hard,-8.249992370605469,False,-10.174928930916632,-3.4882164001464844,-6.09375,-4.981660842895508,-5.910680294036865
hard,-6.874990463256836,False,-2.64881319091087,-5.109296798706055,-8.9375,-3.6593875885009766,-2.8853745460510254
hard,-1.7499942779541016,False,-1.4601413317756065,2.178232192993164,-5.859375,0.3988247811794281,5.088431358337402
hard,-6.124990463256836,False,-4.473552490560288,-4.725820541381836,-9.15625,-4.919036865234375,-5.818045616149902
hard,-8.124992370605469,False,-4.935601508255009,-4.928945541381836,-7.96875,-5.414155960083008,-5.291513442993164
hard,-8.749992370605469,False,-4.9062251123603,-1.3982410430908203,-9.015625,-6.065792083740234,-5.712162494659424
hard,-8.499992370605469,False,-5.193197914980455,-4.269096374511719,-8.015625,-5.139312744140625,-6.211594581604004
hard,-7.874990463256836,False,-3.9006856457458996,-3.8905467987060547,-6.9375,-4.090383529663086,-4.262244701385498
hard,-5.374994277954102,False,-1.9274523606599498,-2.783632278442383,-8.0,-2.430781364440918,-5.030973434448242
hard,-8.874992370605469,False,-4.375387132518327,-5.548923492431641,-8.171875,-5.253124237060547,-6.100434303283691
hard,-9.124992370605469,False,-5.399982518660839,-5.230400085449219,-8.421875,-5.522712707519531,-5.348803520202637
hard,-8.124992370605469,False,-5.992559930628665,-5.778450012207031,-10.062498092651367,-6.6493682861328125,-4.65780782699585
hard,-8.999992370605469,False,-3.477663585447506,-6.890666961669922,-8.328125,-5.185590744018555,-5.947683334350586
hard,-7.999988555908203,False,-5.314003613010002,-3.7233524322509766,-9.687496185302734,-6.517255783081055,-5.27571964263916
hard,-5.499992370605469,False,-2.5501640022559897,-2.6555862426757812,-4.015625,-2.6586389541625977,-5.148830413818359
hard,-6.874990463256836,False,-4.164526593934503,-0.42647743225097656,-8.859375,-3.9312305450439453,-0.7643541693687439
hard,-6.249992370605469,False,-1.5395545482316328,-0.16747665405273438,-7.78125,-3.800652503967285,-2.0036275386810303
hard,-4.874990463256836,False,-1.8615995320193632,-2.0887718200683594,-5.546875,-4.352209091186523,-5.091307640075684
hard,-8.249992370605469,False,-4.668388244086816,-0.18961334228515625,-8.3125,-4.254390716552734,-5.756683349609375
hard,-7.99998664855957,False,-5.64848804972709,-2.256143569946289,-9.187498092651367,-6.792303085327148,-6.219977378845215
hard,-5.624992370605469,False,-4.790718839582157,-1.8186454772949219,-7.625,-4.964879989624023,-4.137927055358887
hard,-6.499992370605469,False,-5.033988131496399,-5.6479644775390625,-9.125,-4.910107612609863,-6.162469863891602
hard,-6.124990463256836,False,-2.1746606362850125,-0.8399448394775391,-7.3125,-2.3360443115234375,-5.421317100524902
hard,-5.499992370605469,False,-2.053518853180673,1.617452621459961,-6.640625,-2.6582889556884766,-4.108237266540527
hard,-5.749990463256836,False,-3.3572206361379315,-2.631145477294922,-6.671875,-4.897477149963379,-4.674539566040039
hard,-5.8749847412109375,False,-5.193338772677431,-0.5760440826416016,-9.828123092651367,-5.351922035217285,-5.725334167480469
hard,-3.8749923706054688,False,-5.42186107759448,0.3836631774902344,-6.328125,-5.237939834594727,-5.1839752197265625
hard,-6.374988555908203,False,-2.599841298814,-1.8423748016357422,-8.625,-3.7751245498657227,-5.134339332580566
hard,-8.374990463256836,False,2.696756500303425,-3.0135440826416016,-7.90625,-5.377781867980957,-5.2052812576293945
hard,-5.624990463256836,False,-3.108870125732139,0.354339599609375,-6.546875,-4.461325645446777,0.4686337113380432
hard,-6.624992370605469,False,-3.42627444690074,0.3990364074707031,-6.59375,-3.8553476333618164,-0.23411037027835846
hard,-6.49998664855957,False,-1.8138023935400422,-1.7548084259033203,-8.53125,-5.191261291503906,1.1407408714294434
hard,-8.874988555908203,False,-5.856796721795956,-2.024791717529297,-8.484375,-5.475360870361328,-5.73655366897583
hard,-7.87498664855957,False,-4.157887813778184,0.21099472045898438,-7.5625,-5.084041595458984,-2.3938117027282715
hard,-9.249990463256836,False,-4.195444077345449,-5.074954986572266,-8.796875,-6.143760681152344,-6.012092590332031
hard,-6.24998664855957,False,-2.4339803248534313,0.5573310852050781,-4.9375,-4.667568206787109,-3.8109564781188965
hard,-8.624988555908203,False,-3.2315036332522706,-2.4666690826416016,-8.234375,-5.182982444763184,-5.1019439697265625
hard,-8.624988555908203,False,-1.4138632994221894,-2.811735153198242,-6.90625,-5.863645553588867,-4.771422386169434
hard,-7.374988555908203,False,1.1066137508606981,-2.470703125,-9.515621185302734,-5.976157188415527,-3.4441134929656982
hard,-8.749990463256836,False,0.9750860562210717,-1.3498897552490234,-10.421871185302734,-4.8533782958984375,3.1828486919403076
hard,-7.624988555908203,False,-4.941868360611694,-2.612588882446289,-10.781234741210938,-3.902547836303711,2.3353686332702637
hard,-8.87498664855957,False,-4.717869973464534,0.3734283447265625,-9.953121185302734,-7.290923118591309,-4.678583145141602
hard,-9.499988555908203,False,-4.114501838894568,-5.286060333251953,-11.218742370605469,-5.760009765625,-4.309981822967529
hard,-8.749988555908203,False,-6.028748927709428,-5.584161758422852,-10.156246185302734,-4.465536117553711,-4.749464988708496
hard,-3.749988555908203,False,1.6845646790862425,1.7650337219238281,-5.484375,-2.9614858627319336,-0.9561371803283691
hard,-10.249982833862305,False,-4.286475192774323,-5.388696670532227,-10.953115463256836,-6.733865737915039,-5.323669910430908
hard,-9.74998664855957,False,1.177397919228042,-3.324789047241211,-8.484371185302734,-2.4678773880004883,-4.155399322509766
hard,-8.99998664855957,False,1.118069916068502,-0.8874549865722656,-7.828123092651367,-2.876453399658203,-3.522012710571289
hard,-9.12498664855957,False,-1.195747432315646,-3.330839157104492,-8.374996185302734,-5.253023147583008,-0.4365273118019104
hard,-6.624990463256836,False,-3.2223716986651265,-1.3768577575683594,-7.515623092651367,-0.5734289884567261,0.4543338418006897
hard,-6.749990463256836,False,-2.8657765144653515,-2.1139049530029297,-9.468746185302734,-3.064939498901367,-4.191165447235107
hard,-5.749992370605469,False,-0.5087201436798164,-0.043659210205078125,-6.578125,-2.3814477920532227,5.27952241897583
hard,-9.374990463256836,False,-3.001473565278313,-5.844341278076172,-10.203121185302734,-4.903294563293457,-3.053007125854492
hard,-9.624982833862305,False,-5.488326030970612,-2.306110382080078,-5.890625,-6.076643943786621,-2.9645590782165527
hard,-9.374984741210938,False,-1.8759155726721455,-3.013277053833008,-7.546873092651367,-3.815217971801758,2.2044758796691895
hard,-9.999984741210938,False,-2.6656245547397948,-3.980926513671875,-6.359375,-5.2649078369140625,-2.9973654747009277
hard,-5.874990463256836,False,-1.89956574298609,2.4578189849853516,-4.921875,-2.2668304443359375,1.1592415571212769
hard,-9.874982833862305,False,-1.9031444183236725,-5.949155807495117,-7.062498092651367,-4.262643814086914,-1.1882567405700684
hard,-8.874988555908203,False,-4.616070607011823,-3.5717601776123047,-10.093746185302734,-5.182331085205078,-5.071982383728027
hard,-8.374990463256836,False,-6.6632982168392925,-3.440786361694336,-9.484373092651367,-3.847553253173828,-3.9560422897338867
hard,-8.249988555908203,False,0.3306618598840394,-1.1907768249511719,-9.453119277954102,-4.178396224975586,-4.565736770629883
hard,-8.624988555908203,False,-5.041490942274685,-6.208765029907227,-9.343748092651367,-7.92631721496582,-3.321054458618164
hard,-8.624990463256836,False,-2.1043952159987254,-4.697565078735352,-10.296871185302734,-6.869447708129883,-3.331831932067871
hard,-4.999994277954102,False,-3.7844849888961916,-4.963434219360352,-3.34375,-4.395063400268555,-4.888079643249512
hard,-7.87498664855957,False,0.7503369648989022,5.440946578979492,-4.125,-2.307558059692383,-4.628897666931152
hard,-6.749990463256836,False,-4.23053710060823,-1.2300357818603516,-8.234371185302734,-3.135498046875,-4.733867168426514
hard,-9.499984741210938,False,-1.6602577391735973,-1.6506023406982422,-8.484373092651367,-5.296550750732422,-3.6992015838623047
hard,-8.999990463256836,False,-4.745786732939296,-4.174703598022461,-5.46875,-4.099170684814453,-5.179848670959473
hard,-8.874988555908203,False,-1.5927096916971513,-2.605926513671875,-7.078125,-6.869232177734375,-5.319792747497559
hard,-4.749992370605469,False,-5.351766757498728,-3.7832984924316406,-5.703125,-4.241128921508789,-4.83115291595459
hard,-6.249990463256836,False,-4.311921248626948,-2.3160457611083984,-2.4375,-3.6356563568115234,-5.187705993652344
hard,-4.749988555908203,False,-4.657258882425044,-5.492130279541016,-3.765625,-3.29925537109375,-5.142116069793701
hard,-7.749990463256836,False,-3.0172928144328925,-5.910820007324219,-6.578123092651367,-6.385969161987305,-5.708611488342285
hard,-9.62498664855957,False,-3.359148439962455,-6.866922378540039,-5.953125,-6.978487014770508,-4.065847396850586
hard,-6.999992370605469,False,-4.873160185534836,-5.824373245239258,-5.703125,-7.084189414978027,-5.170454978942871
hard,-8.49998664855957,False,-2.439137931445208,-5.210794448852539,-6.765621185302734,-5.785316467285156,-5.0692596435546875
hard,-9.874988555908203,False,-5.179742689279509,-4.992696762084961,-9.234365463256836,-4.746852874755859,-4.755884647369385
hard,-8.749984741210938,False,-5.2173480181945004,-4.726724624633789,-8.578119277954102,-2.954336166381836,-3.9911842346191406
hard,-7.74998664855957,False,-2.696355731600426,-2.645944595336914,-9.203109741210938,-5.2598114013671875,-4.451794624328613
hard,-8.374984741210938,False,-3.5673747077235998,-4.0852508544921875,-7.343748092651367,-2.8018455505371094,2.4943885803222656
hard,-2.999988555908203,False,-3.52566186217648,-3.080839157104492,-3.765625,-9.032869338989258,-4.343133926391602
hard,-10.249982833862305,False,-2.130852164599364,-6.496488571166992,-8.203113555908203,-5.7681684494018555,-5.071531772613525
hard,-8.749984741210938,False,-5.193697994960153,-4.209255218505859,-8.421871185302734,-3.7117958068847656,-2.5084309577941895
hard,-7.374988555908203,False,-3.7176714321056084,-2.2504615783691406,-9.015596389770508,-0.4192465841770172,0.9453909993171692
hard,-10.249988555908203,False,-1.545287691794239,-5.087446212768555,-7.609375,-3.587636947631836,-3.093383312225342
hard,-10.374984741210938,False,-0.06794898443428332,-5.215953826904297,-9.968732833862305,-3.2862472534179688,-2.399423122406006
hard,-9.49998664855957,False,1.0133811877201608,-6.163919448852539,-9.124998092651367,-5.871984481811523,1.4850075244903564
hard,-6.499992370605469,False,2.024308397503046,-3.1807079315185547,-4.484375,-3.2676525115966797,3.586996078491211
hard,-1.7499942779541016,False,-4.45526503385477,2.31280517578125,0.703125,-2.202983856201172,-1.787916660308838
hard,3.875001907348633,False,-0.9311328291736021,6.102851867675781,5.703125,-5.475116729736328,2.8469626903533936
hard,2.7500038146972656,False,-3.3933259321221607,2.3073863983154297,3.015625,-3.5554256439208984,-1.2804807424545288
hard,-1.2499942779541016,False,-2.249054602060677,2.756134033203125,-0.671875,-4.218378067016602,-2.1111366748809814
hard,-8.87498664855957,False,-2.1852436704606206,-4.737920761108398,-7.890623092651367,-3.7279605865478516,2.944061279296875
hard,-1.9999942779541016,False,-4.208933663052685,-2.1639175415039062,-6.890625,-3.4779014587402344,-2.4038424491882324
hard,-3.9999923706054688,False,-1.280035102318904,1.379720687866211,0.921875,-6.810280799865723,-3.897472858428955
hard,1.1250038146972656,False,-2.081147622130024,4.278627395629883,0.46875,-3.8706398010253906,1.5953700542449951
hard,-2.1249923706054688,False,-4.134187208184836,0.5764904022216797,-0.78125,-3.2357654571533203,-1.8436222076416016
hard,-3.8749923706054688,False,-2.6005986269921206,-2.5014495849609375,1.578125,-3.3918399810791016,-4.827795505523682
hard,-9.499988555908203,False,-2.8925010584173445,-3.9528160095214844,-9.281246185302734,-5.098354339599609,-5.388529300689697
hard,-7.87498664855957,False,-3.961914176966536,-1.2559242248535156,-9.624998092651367,-2.1593780517578125,6.785604000091553
hard,-7.37498664855957,False,-2.6063267775617875,-4.71174430847168,-5.796875,-6.051469802856445,-4.453457832336426
hard,-8.124988555908203,False,-1.1713107116659343,-3.384235382080078,-4.921875,-4.715625762939453,-2.7271361351013184
hard,-9.624990463256836,False,-3.2458191375088283,-4.237920761108398,-10.109373092651367,-4.648443222045898,-3.1828980445861816
hard,-0.6249942779541016,False,-2.457487383018159,1.8107662200927734,-2.65625,-4.562353134155273,-4.05873441696167
hard,-0.9999942779541016,False,-2.5987234684612597,0.9219989776611328,-0.046875,-1.4342974424362183,-0.9962282776832581
hard,4.125001907348633,False,-2.4147802614714857,1.4057064056396484,-2.484375,-4.149057388305664,-5.587192535400391
hard,1.0000038146972656,False,-0.41805675631990225,3.8636703491210938,1.546875,-2.0000534057617188,-2.014590263366699
hard,-10.374988555908203,False,-4.154730349105041,-4.826196670532227,-7.640625,-4.530475616455078,-5.353574752807617
hard,-3.374990463256836,False,-1.9714346824285487,0.00682830810546875,-0.71875,-2.910898208618164,-3.6931052207946777
hard,-10.749982833862305,False,-2.696256370445763,-6.45301628112793,-10.390619277954102,-3.8109817504882812,-4.892943382263184
hard,-2.8749923706054688,False,-4.265877823245189,-0.3462963104248047,3.6875,-3.1165084838867188,-5.169908046722412
hard,-10.249988555908203,True,-1.0623698942911752,-4.848917007446289,-10.0625,-4.110063552856445,-1.848808765411377
hard,-10.999984741210938,False,-2.5330549736789214,-5.040613174438477,-10.437498092651367,-4.869524955749512,-4.880873680114746
